{"type":"FeatureCollection","features":[{"type":"Feature","geometry":{"type":"LineString","coordinates":[[108.14675,16.00197],[108.14674,16.00197],[108.14668,16.00194],[108.14649,16.00177],[108.1464,16.00166],[108.14626,16.00144],[108.14612,16.00125],[108.14598,16.00111],[108.14587,16.00098],[108.14578,16.00085],[108.14576,16.00084],[108.14527,16.00016],[108.14525,16.00015],[108.14488,15.99986],[108.14478,15.99982],[108.14453,15.99979],[108.14331,15.99982],[108.14321,15.99981],[108.14284,15.99972],[108.14272,15.99968],[108.14106,15.99898],[108.14052,15.99879],[108.13945,15.99859],[108.13899,15.99854],[108.13843,15.99841],[108.13822,15.9983],[108.13808,15.99819],[108.13783,15.99789],[108.1377,15.9977],[108.13568,15.9981],[108.13434,15.99872],[108.13424,15.99875],[108.13377,15.99883],[108.13361,15.99884],[108.13358,15.99885],[108.13325,15.9989],[108.13286,15.999],[108.13167,15.99936],[108.1316,15.99939],[108.13109,15.99954],[108.13086,15.99958],[108.13078,15.99958],[108.13065,15.99956],[108.13045,15.9995],[108.13028,15.99939],[108.13027,15.99938],[108.1298,15.99908],[108.12979,15.99908],[108.12918,15.99868],[108.12917,15.99867],[108.12902,15.99858],[108.12901,15.99858],[108.12876,15.99851],[108.12832,15.99848],[108.12812,15.99851],[108.12809,15.99851],[108.12771,15.99858],[108.12662,15.9989],[108.12659,15.9989],[108.12613,15.99903],[108.12611,15.99903],[108.12608,15.99904],[108.126,15.99909],[108.12594,15.99914],[108.12589,15.9992],[108.12558,15.9995],[108.12525,15.99991],[108.12485,16.0003],[108.12465,16.00041],[108.12453,16.00045],[108.12441,16.00045],[108.12424,16.00043],[108.12393,16.0003],[108.12392,16.0003],[108.1233,16.00008],[108.12292,15.99997],[108.12117,15.99968],[108.12109,15.99966],[108.11957,15.9997],[108.11944,15.99968],[108.11935,15.99965],[108.11896,15.99946],[108.11888,15.99943],[108.11868,15.9994],[108.11858,15.9994],[108.11821,15.99952],[108.11778,15.99972],[108.11759,15.99977],[108.11727,15.99977],[108.11556,15.99964],[108.11416,15.99965],[108.11394,15.99962],[108.11321,15.99946],[108.11313,15.99945],[108.11135,15.99901],[108.11077,15.99892],[108.11048,15.99885],[108.11039,15.9988],[108.11038,15.9988],[108.11037,15.99879],[108.11002,15.99858],[108.10966,15.99842],[108.10886,15.99811],[108.10688,15.99762],[108.10686,15.99762],[108.10678,15.9976],[108.10654,15.99759],[108.10634,15.99761],[108.10596,15.99771],[108.10576,15.99772],[108.10573,15.99773],[108.10523,15.99773],[108.10483,15.99771],[108.10469,15.99769],[108.10435,15.99761],[108.10327,15.99729],[108.10149,15.99652],[108.10127,15.99645],[108.10081,15.99638],[108.09925,15.99636],[108.09901,15.99637],[108.09894,15.99638],[108.09818,15.99656],[108.09769,15.99663],[108.0976,15.99663],[108.09701,15.99656],[108.09667,15.99647],[108.09654,15.99639],[108.09631,15.99622],[108.09562,15.99547],[108.09512,15.99485],[108.09488,15.99459],[108.09482,15.99455],[108.0947,15.9945],[108.09458,15.99447],[108.0945,15.99447],[108.09346,15.99462],[108.09339,15.99462],[108.09319,15.99464],[108.09286,15.99464],[108.09248,15.99459],[108.09243,15.99459],[108.09096,15.99438],[108.09093,15.99438],[108.09024,15.99427],[108.08994,15.99419],[108.08961,15.99406],[108.0889,15.99371],[108.08858,15.99351],[108.08843,15.99336],[108.08828,15.99315],[108.08815,15.9929],[108.08801,15.99246],[108.08798,15.99241],[108.08788,15.99213],[108.08777,15.99168],[108.08776,15.99167],[108.08761,15.99002],[108.08759,15.98995],[108.08755,15.98986],[108.08752,15.98982],[108.08743,15.98974],[108.08737,15.98971],[108.08733,15.98968],[108.0866,15.98945],[108.08628,15.98937],[108.08625,15.98937],[108.08601,15.98933],[108.08582,15.98933],[108.08506,15.98939],[108.08493,15.98938],[108.08483,15.98936],[108.08458,15.98927],[108.08401,15.98913],[108.084,15.98913],[108.08394,15.9891],[108.08388,15.98908],[108.08377,15.98902],[108.0837,15.98897],[108.0835,15.98878],[108.08281,15.98802],[108.08264,15.98779],[108.08254,15.98762],[108.08254,15.9876],[108.08248,15.98735],[108.08241,15.98692],[108.08228,15.98649],[108.08226,15.98647],[108.08218,15.98635],[108.082,15.98616],[108.08172,15.98597],[108.08165,15.98591],[108.08159,15.98587],[108.08153,15.98579],[108.0814,15.98565],[108.08138,15.98562],[108.08136,15.9856],[108.08123,15.98541],[108.08121,15.98539],[108.08022,15.98378],[108.0798,15.983],[108.07959,15.98254],[108.07957,15.98251],[108.07956,15.98248],[108.07952,15.98244],[108.0789,15.98202],[108.07883,15.98199],[108.07878,15.98196],[108.07869,15.98194],[108.07854,15.98194],[108.07799,15.98203],[108.07708,15.98211],[108.0748,15.98224],[108.07457,15.98227],[108.07446,15.98232],[108.07445,15.98232],[108.07432,15.98241],[108.0739,15.98286],[108.0738,15.98293],[108.07354,15.98302],[108.06974,15.98373],[108.06944,15.98372],[108.06895,15.98366],[108.06828,15.98351],[108.06704,15.98318],[108.0659,15.98279],[108.06588,15.98279],[108.06573,15.98268],[108.0657,15.98265],[108.06547,15.98226],[108.0653,15.98208],[108.06476,15.98162],[108.06379,15.98086],[108.06374,15.98084],[108.06371,15.98082],[108.06368,15.98081],[108.06363,15.98081],[108.06359,15.9808],[108.06354,15.9808],[108.06339,15.98082],[108.06258,15.98084],[108.06254,15.98085],[108.06134,15.98091],[108.06129,15.98092],[108.05963,15.98101],[108.05901,15.98102],[108.05867,15.98099],[108.05719,15.98074],[108.05692,15.98066],[108.05573,15.98018],[108.05528,15.97996],[108.05408,15.97914],[108.05388,15.97904],[108.05378,15.97901],[108.05376,15.979],[108.05218,15.97852],[108.05169,15.97828],[108.05099,15.97806],[108.0496,15.97757],[108.04944,15.97749],[108.04923,15.97734],[108.04757,15.97549],[108.04756,15.97547],[108.0467,15.97448],[108.04662,15.97437],[108.04657,15.97428],[108.04654,15.9742],[108.04653,15.97415],[108.04654,15.97407],[108.04653,15.97393],[108.0466,15.97357],[108.0466,15.97354],[108.04661,15.97352],[108.04664,15.97336],[108.04664,15.97334],[108.04665,15.97332],[108.04668,15.97319],[108.04669,15.97317],[108.04674,15.97295],[108.04683,15.97272],[108.047,15.97238],[108.04709,15.97224],[108.04709,15.97223],[108.04711,15.9722],[108.04716,15.97215],[108.04719,15.97211],[108.04728,15.97204],[108.04733,15.97201],[108.04753,15.97192],[108.04767,15.97187],[108.04772,15.97184],[108.04779,15.97177],[108.04782,15.97175],[108.04785,15.97171],[108.0479,15.9716],[108.04792,15.97151],[108.04793,15.97151],[108.04795,15.97138],[108.04795,15.97133],[108.04791,15.97116],[108.04785,15.97106],[108.0478,15.97101],[108.04778,15.97098],[108.0464,15.96957],[108.04635,15.96953],[108.04631,15.96948],[108.04596,15.96878],[108.04594,15.96872],[108.04589,15.96862],[108.04589,15.96861],[108.04569,15.96824],[108.04562,15.96814],[108.0455,15.968],[108.04549,15.96798],[108.04543,15.96791],[108.04534,15.96783],[108.04529,15.96777],[108.04523,15.96773],[108.04519,15.96769],[108.04507,15.96762],[108.04506,15.96762],[108.04475,15.96748],[108.04343,15.967],[108.04229,15.96664],[108.04228,15.96664],[108.04212,15.96659],[108.04211,15.96659],[108.04206,15.96657],[108.04171,15.9665],[108.04157,15.9665],[108.04114,15.96654],[108.04107,15.96654],[108.04101,15.96655],[108.04095,15.96655],[108.04088,15.96657],[108.04045,15.96663],[108.04036,15.96663],[108.04022,15.96661],[108.04021,15.9666],[108.04008,15.96658],[108.03914,15.9663],[108.03897,15.96626],[108.03896,15.96626],[108.03764,15.9659],[108.03733,15.96585],[108.03718,15.96585],[108.03714,15.96586],[108.03712,15.96587],[108.03605,15.96611],[108.03568,15.96617],[108.03532,15.96625],[108.03529,15.96625],[108.03515,15.96631],[108.03476,15.96663],[108.03459,15.9668],[108.03425,15.9671],[108.03418,15.96714],[108.03417,15.96715],[108.03415,15.96715],[108.03408,15.96717],[108.03398,15.96717],[108.03384,15.96712],[108.03293,15.96625],[108.03255,15.96598],[108.03226,15.96584],[108.03224,15.96584],[108.03222,15.96582],[108.03209,15.96578],[108.03151,15.96574],[108.03115,15.96574],[108.03113,15.96575],[108.03102,15.96577],[108.03097,15.96579],[108.03089,15.96584],[108.03084,15.96589],[108.03055,15.96641],[108.03044,15.96653],[108.03042,15.96656],[108.03029,15.96664],[108.03027,15.96666],[108.03006,15.96675],[108.02995,15.96678],[108.02977,15.96685],[108.02964,15.96685],[108.02958,15.96683],[108.02956,15.96683],[108.02948,15.9668],[108.02942,15.96676],[108.02929,15.96662],[108.02903,15.96612],[108.02874,15.96593],[108.02854,15.96582],[108.02821,15.9657],[108.02808,15.96567],[108.02792,15.96565],[108.02789,15.96564],[108.02768,15.96565],[108.02753,15.96569],[108.02717,15.96586],[108.02685,15.96591],[108.02681,15.96591],[108.02626,15.96602],[108.02617,15.96606],[108.02613,15.96609],[108.02609,15.96611],[108.0258,15.96639],[108.02553,15.96661],[108.0255,15.96662],[108.02526,15.96678],[108.02483,15.96693],[108.02428,15.96704],[108.02418,15.96703],[108.02408,15.96699],[108.02403,15.96696],[108.02391,15.96686],[108.02312,15.96576],[108.02302,15.96566],[108.02286,15.96557],[108.02277,15.96557],[108.02269,15.96556],[108.02263,15.96556],[108.02244,15.96563],[108.02236,15.96567],[108.02229,15.96573],[108.02223,15.9658],[108.02135,15.96717],[108.0211,15.96731],[108.02094,15.96738],[108.02023,15.9676],[108.02,15.96765],[108.01988,15.96764],[108.01924,15.96744],[108.01898,15.96741],[108.01887,15.96741],[108.01847,15.96751],[108.01847,15.96752],[108.0183,15.96759],[108.01828,15.96759],[108.01821,15.96762],[108.01789,15.96768],[108.01709,15.96766],[108.01704,15.96765],[108.01652,15.96767],[108.01639,15.96766],[108.01629,15.96763],[108.01626,15.96761],[108.01621,15.96759],[108.01549,15.96716],[108.01529,15.96708],[108.01521,15.96703],[108.015,15.96693],[108.0145,15.96662],[108.0143,15.96645],[108.01397,15.96611],[108.01343,15.96561],[108.01335,15.96555],[108.01295,15.96519],[108.01261,15.96496],[108.01183,15.96422],[108.01144,15.9639],[108.0112,15.96378],[108.01086,15.96369],[108.0108,15.96366],[108.01049,15.96343],[108.01018,15.96316],[108.01004,15.96307],[108.00997,15.96304],[108.00991,15.96303],[108.00977,15.96303],[108.00955,15.96308],[108.0092,15.96319],[108.00894,15.96334],[108.00889,15.96336],[108.00886,15.96336],[108.00884,15.96337],[108.00842,15.96327],[108.00821,15.96317],[108.00815,15.96315],[108.00748,15.96283],[108.00716,15.96265],[108.007,15.96251],[108.00692,15.9624],[108.00685,15.96217],[108.00683,15.96207],[108.0068,15.96198],[108.00676,15.96191],[108.00673,15.96188],[108.00673,15.96187],[108.0066,15.96177],[108.00627,15.96158],[108.00546,15.96117],[108.00544,15.96117],[108.00534,15.96112],[108.00511,15.96104],[108.00501,15.96102],[108.00495,15.96102],[108.00489,15.96101],[108.00483,15.96102],[108.00476,15.96102],[108.00411,15.96117],[108.00394,15.96116],[108.00368,15.96111],[108.00324,15.96097],[108.00309,15.96086],[108.00283,15.96064],[108.00244,15.96037],[108.00237,15.96033],[108.00211,15.96027],[108.00141,15.96018],[108.00121,15.96019],[108.00091,15.96025],[108.00082,15.96026],[108.00071,15.96026],[108.00069,15.96025],[108.00062,15.96024],[108.00055,15.96022],[108.00003,15.95996],[107.9997,15.95983],[107.99937,15.95972],[107.99936,15.95972],[107.99847,15.95946],[107.99809,15.95938],[107.99774,15.95935],[107.9977,15.95933],[107.99768,15.95933],[107.99761,15.9593],[107.99754,15.95924],[107.9975,15.95922],[107.99741,15.95914],[107.9974,15.95912],[107.99733,15.95906],[107.99723,15.95893],[107.99719,15.95884],[107.99717,15.95882],[107.99712,15.95856],[107.9971,15.95833],[107.99704,15.95816],[107.99691,15.958],[107.99644,15.95767],[107.9964,15.95765],[107.99613,15.95746],[107.99595,15.95735],[107.9959,15.95733],[107.99564,15.95728],[107.99557,15.95728],[107.99483,15.95715],[107.99473,15.95715],[107.99434,15.95724],[107.99424,15.9573],[107.99378,15.95768],[107.99371,15.95772],[107.99369,15.95772],[107.99316,15.95791],[107.99296,15.95794],[107.99243,15.95792],[107.99213,15.95787],[107.99167,15.95788],[107.99125,15.95791],[107.99094,15.95791],[107.99069,15.95786],[107.98998,15.95766],[107.98979,15.95763],[107.98757,15.95747],[107.98722,15.9575],[107.98708,15.95753],[107.9867,15.95769],[107.98663,15.95771],[107.98658,15.95771],[107.98653,15.95772],[107.98648,15.95772],[107.98628,15.95769],[107.98565,15.95748],[107.98551,15.95739],[107.98548,15.95736],[107.98544,15.95729],[107.98539,15.95715],[107.98525,15.95616],[107.98523,15.9561],[107.98523,15.95606],[107.98514,15.95588],[107.98505,15.95579],[107.985,15.95575],[107.98495,15.95572],[107.98481,15.95567],[107.98476,15.95566],[107.98459,15.95566],[107.98457,15.95565],[107.98366,15.95569],[107.98332,15.95566],[107.98187,15.95536],[107.98173,15.95536],[107.98168,15.95537],[107.98158,15.95541],[107.9815,15.95546],[107.98139,15.95557],[107.98135,15.95564],[107.98135,15.95565],[107.98082,15.9566],[107.98074,15.95671],[107.98065,15.95679],[107.98041,15.95692],[107.98025,15.95696],[107.98018,15.95697],[107.98011,15.95699],[107.98005,15.95699],[107.97997,15.957],[107.97991,15.957],[107.97983,15.95701],[107.97976,15.95701],[107.97968,15.957],[107.97955,15.957],[107.97951,15.95699],[107.97929,15.95697],[107.97919,15.95697],[107.97906,15.95695],[107.9785,15.95692],[107.97842,15.9569],[107.97837,15.9569],[107.97821,15.95687],[107.97818,15.95687],[107.97784,15.95679],[107.97779,15.95677],[107.97735,15.95672],[107.97708,15.95674],[107.97699,15.95676],[107.97676,15.95679],[107.97669,15.95681],[107.97663,15.95684],[107.97643,15.9569],[107.97634,15.9569],[107.97613,15.95685],[107.97605,15.95684],[107.97548,15.95664],[107.97527,15.95654],[107.97519,15.95652],[107.97515,15.95649],[107.97512,15.95648],[107.97496,15.95639],[107.97491,15.95637],[107.97483,15.95631],[107.9746,15.95618],[107.97455,15.95614],[107.97447,15.9561],[107.97442,15.95606],[107.97433,15.95597],[107.97419,15.95589],[107.97413,15.95587],[107.97409,15.95587],[107.97405,15.95585],[107.974,15.95584],[107.97395,15.95584],[107.97389,15.95583],[107.97374,15.95583],[107.97365,15.95582],[107.97358,15.95583],[107.97353,15.95583],[107.97341,15.95585],[107.97269,15.95606],[107.97254,15.95612],[107.97204,15.95623],[107.97164,15.95634],[107.97158,15.95633],[107.97156,15.95634],[107.97144,15.95634],[107.9714,15.95633],[107.97137,15.95631],[107.97135,15.95629],[107.9713,15.95626],[107.97119,15.95615],[107.97116,15.95611],[107.97106,15.95601],[107.97099,15.95597],[107.97088,15.95594],[107.97081,15.95594],[107.97067,15.95597],[107.97026,15.95609],[107.97012,15.95611],[107.97,15.95611],[107.96983,15.95607],[107.9694,15.95603],[107.96929,15.95603],[107.9689,15.95606],[107.96853,15.95606],[107.96818,15.95604],[107.96792,15.95597],[107.96781,15.95592],[107.9678,15.95592],[107.96757,15.95582],[107.96749,15.95577],[107.96704,15.95556],[107.96668,15.95544],[107.96656,15.95539],[107.9664,15.95534],[107.96626,15.95526],[107.96612,15.95513],[107.96606,15.95505],[107.96587,15.95484],[107.96585,15.95483],[107.96583,15.95481],[107.96576,15.95477],[107.96572,15.95476],[107.96555,15.95476],[107.96538,15.95474],[107.96503,15.95475],[107.96484,15.95471],[107.96424,15.95447],[107.96414,15.95442],[107.96395,15.95435],[107.96385,15.95435],[107.96376,15.95432],[107.96365,15.95427],[107.96357,15.9542],[107.96339,15.95395],[107.96329,15.95385],[107.96323,15.95382],[107.96318,15.95381],[107.96313,15.95381],[107.96306,15.95379],[107.96303,15.9538],[107.963,15.9538],[107.96298,15.95381],[107.96296,15.95381],[107.96291,15.95384],[107.96286,15.95388],[107.96282,15.95393],[107.96281,15.95395],[107.9628,15.95399],[107.96279,15.95401],[107.96278,15.95413],[107.9627,15.95441],[107.96261,15.95456],[107.96253,15.95466],[107.96247,15.95477],[107.96241,15.95485],[107.96235,15.95498],[107.96233,15.95501],[107.96228,15.95515],[107.96223,15.95524],[107.96219,15.95528],[107.96216,15.9553],[107.96209,15.95533],[107.96201,15.95533],[107.96169,15.95528],[107.96165,15.95528],[107.96152,15.95525],[107.96149,15.95525],[107.96147,15.95524],[107.96135,15.95513],[107.96133,15.95509],[107.96103,15.95466],[107.96095,15.95458],[107.96091,15.95456],[107.96087,15.95456],[107.96079,15.95459],[107.96058,15.95481],[107.96053,15.95483],[107.96052,15.95484],[107.9605,15.95485],[107.96045,15.95485],[107.96036,15.95483],[107.96032,15.95481],[107.95992,15.9545],[107.95985,15.95439],[107.95958,15.95387],[107.9595,15.95375],[107.95941,15.9537],[107.95936,15.95369],[107.9593,15.95369],[107.95926,15.95371],[107.95922,15.95375],[107.95915,15.95385],[107.95909,15.95391],[107.95901,15.95401],[107.95897,15.95403],[107.95893,15.95407],[107.95881,15.95415],[107.95802,15.95442],[107.95796,15.9544],[107.95794,15.9544],[107.95791,15.95438],[107.9579,15.95438],[107.95682,15.95381],[107.95672,15.95381],[107.9563,15.9539],[107.95579,15.95416],[107.95573,15.95422],[107.95545,15.95432],[107.95516,15.95436],[107.95457,15.95436],[107.95448,15.95435],[107.9544,15.95436],[107.95405,15.95437],[107.95387,15.9544],[107.95382,15.95443],[107.95376,15.95445],[107.95354,15.95455],[107.95342,15.95457],[107.95336,15.95457],[107.95318,15.95462],[107.95317,15.95463],[107.95312,15.95466],[107.95309,15.95467],[107.95306,15.9547],[107.95306,15.95476],[107.95309,15.95485],[107.95311,15.95487],[107.95319,15.95492],[107.95329,15.95496],[107.95336,15.95501],[107.95339,15.95504],[107.9534,15.95506],[107.95341,15.95507],[107.95347,15.95524],[107.95352,15.95531],[107.95354,15.95533],[107.95359,15.95536],[107.95365,15.95537],[107.95384,15.95537],[107.95392,15.95536],[107.95416,15.95536],[107.95424,15.95538],[107.9543,15.95541],[107.95435,15.95545],[107.95442,15.95549],[107.95451,15.95558],[107.95462,15.95575],[107.95491,15.95611],[107.95521,15.95638],[107.95533,15.95652],[107.95536,15.95659],[107.95542,15.95667],[107.95548,15.95682],[107.95551,15.95695],[107.95549,15.95701],[107.95547,15.95705],[107.95544,15.95708],[107.95532,15.95714],[107.95526,15.95716],[107.9552,15.95717],[107.95512,15.9572],[107.95387,15.95739],[107.95348,15.9574],[107.95309,15.95732],[107.9528,15.95731],[107.9521,15.95725],[107.952,15.95725],[107.95184,15.95723],[107.95178,15.95721],[107.95173,15.95718],[107.95156,15.95702],[107.95153,15.957],[107.95138,15.95686],[107.95123,15.95676],[107.95115,15.95673],[107.95103,15.9567],[107.9497,15.95655],[107.94957,15.95655],[107.94912,15.95662],[107.94886,15.95663],[107.94752,15.95645],[107.94749,15.95644],[107.94743,15.95643],[107.94712,15.95632],[107.9466,15.95608],[107.94645,15.95603],[107.94633,15.95601],[107.94601,15.95599],[107.93951,15.95603],[107.93916,15.95605],[107.93788,15.9563],[107.93783,15.95632],[107.93772,15.95638],[107.93715,15.95686],[107.93701,15.95695],[107.93648,15.95719],[107.93356,15.95812],[107.93342,15.95814],[107.93325,15.95814],[107.93319,15.95813],[107.93314,15.95813],[107.93304,15.95811],[107.93193,15.95779],[107.93178,15.95773],[107.93175,15.95771],[107.93169,15.95765],[107.93162,15.95762],[107.93071,15.95696],[107.93052,15.95686],[107.93035,15.95679],[107.92945,15.95658],[107.92937,15.95657],[107.92862,15.95658],[107.92774,15.95675],[107.92624,15.9571],[107.92619,15.95712],[107.92613,15.95713],[107.9259,15.95721],[107.92562,15.95737],[107.9245,15.95809],[107.92427,15.95827],[107.92382,15.9588],[107.92361,15.95908],[107.92334,15.9594],[107.92325,15.95949],[107.92165,15.96061],[107.92145,15.96067],[107.92059,15.96083],[107.92057,15.96084],[107.92035,15.96087],[107.9196,15.9609],[107.91894,15.96096],[107.91889,15.96097],[107.91886,15.96097],[107.91876,15.96099],[107.91869,15.96102],[107.91868,15.96102],[107.91852,15.96109],[107.91848,15.96112],[107.91715,15.96186],[107.91706,15.96189],[107.91692,15.96191],[107.91567,15.96197],[107.91503,15.96204],[107.91478,15.96209],[107.91462,15.96214],[107.91446,15.96217],[107.9139,15.96216],[107.91329,15.96207],[107.9132,15.96207],[107.91302,15.9621],[107.91298,15.96212],[107.91294,15.96213],[107.9126,15.96227],[107.91247,15.96229],[107.91219,15.96228],[107.91194,15.96224],[107.91176,15.96218],[107.91097,15.96177],[107.91073,15.9616],[107.91049,15.9614],[107.91035,15.9613],[107.91028,15.96126],[107.91023,15.96124],[107.91022,15.96123],[107.91003,15.96119],[107.90929,15.9611],[107.90915,15.9611],[107.90895,15.96116],[107.90874,15.96125],[107.9086,15.96133],[107.90838,15.96149],[107.90836,15.9615],[107.90707,15.96243],[107.90659,15.96282],[107.90634,15.96312],[107.90598,15.96412],[107.90586,15.9643],[107.90571,15.96443],[107.90554,15.96452],[107.90546,15.96455],[107.90534,15.96458],[107.90533,15.96458],[107.90418,15.96491],[107.90349,15.96506],[107.90329,15.96512],[107.90328,15.96512],[107.90312,15.96516],[107.9029,15.96519],[107.90288,15.96518],[107.90283,15.96518],[107.90143,15.96503],[107.90139,15.96502],[107.89989,15.96492],[107.89945,15.96487],[107.89848,15.9647],[107.8984,15.9647],[107.89823,15.96475],[107.89796,15.96486],[107.89714,15.96506],[107.89713,15.96507],[107.89704,15.96508],[107.8969,15.96508],[107.89655,15.96505],[107.89503,15.96471],[107.89403,15.96435],[107.8939,15.96427],[107.89385,15.96422],[107.89384,15.9642],[107.89378,15.96413],[107.89345,15.9635],[107.89343,15.96348],[107.89338,15.9634],[107.89334,15.96335],[107.89315,15.96318],[107.89282,15.96296],[107.89269,15.96285],[107.8926,15.96281],[107.89257,15.96281],[107.89252,15.9628],[107.89249,15.9628],[107.89238,15.96283],[107.89208,15.96297],[107.8915,15.96329],[107.89104,15.96384],[107.89099,15.96393],[107.89085,15.96424],[107.89069,15.96454],[107.89058,15.96487],[107.89041,15.96516],[107.89027,15.96554],[107.89008,15.96588],[107.88983,15.96618],[107.8893,15.96663],[107.889,15.96692],[107.88866,15.96729],[107.88866,15.9673],[107.88851,15.96747],[107.88839,15.96758],[107.88828,15.96766],[107.88827,15.96766],[107.88822,15.96768],[107.88814,15.9677],[107.88806,15.96771],[107.88554,15.96743],[107.88518,15.96745],[107.88419,15.96734],[107.88322,15.9672],[107.88285,15.96713],[107.88261,15.96705],[107.8826,15.96704],[107.88247,15.96697],[107.88211,15.96671],[107.8817,15.96637],[107.88112,15.96579],[107.88104,15.96573],[107.88093,15.96568],[107.88082,15.96568],[107.88078,15.9657],[107.88076,15.96572],[107.88058,15.96604],[107.88048,15.96617],[107.88044,15.96621],[107.88043,15.96621],[107.88037,15.96626],[107.87866,15.96714],[107.87841,15.9674],[107.87825,15.96759],[107.87821,15.96762],[107.87821,15.96763],[107.87785,15.96801],[107.87775,15.9681],[107.8776,15.96818],[107.87755,15.96819],[107.87751,15.96821],[107.87745,15.96822],[107.87627,15.9686],[107.87467,15.96927],[107.87293,15.97009],[107.87225,15.97049],[107.87133,15.97108],[107.87118,15.97124],[107.87114,15.97132],[107.87089,15.97252],[107.87084,15.97265],[107.87079,15.97274],[107.87074,15.97281],[107.87063,15.97291],[107.86963,15.97354],[107.86946,15.97362],[107.86935,15.97365],[107.86913,15.97367],[107.86876,15.97361],[107.86855,15.97356],[107.86853,15.97355],[107.86842,15.97355],[107.86837,15.97356],[107.86832,15.97358],[107.86806,15.97372],[107.86788,15.97378],[107.86769,15.97379],[107.8675,15.97372],[107.86733,15.97368],[107.86691,15.97369],[107.86685,15.97366],[107.86684,15.97364],[107.86683,15.97363],[107.86682,15.97358],[107.86681,15.97311],[107.86676,15.97289],[107.86671,15.97279],[107.86668,15.9727],[107.86659,15.97257],[107.86649,15.97246],[107.86645,15.97243],[107.8664,15.97241],[107.86635,15.9724],[107.86628,15.9724],[107.86623,15.97241],[107.86619,15.97243],[107.86575,15.97255],[107.86571,15.97255],[107.86567,15.97256],[107.86547,15.97256],[107.86527,15.97252],[107.8648,15.97239],[107.86476,15.97237],[107.86422,15.9723],[107.86371,15.97232],[107.86315,15.97216],[107.86314,15.97215],[107.86301,15.97211],[107.86289,15.97205],[107.86277,15.97191],[107.86275,15.97185],[107.86269,15.97148],[107.86266,15.97144],[107.86258,15.97136],[107.86249,15.97131],[107.86243,15.97131],[107.86238,15.97132],[107.86217,15.97139],[107.86174,15.97162],[107.86153,15.9719],[107.86143,15.972],[107.86125,15.97212],[107.86106,15.97218],[107.86083,15.97219],[107.86072,15.97217],[107.86058,15.97213],[107.8603,15.972],[107.86006,15.97186],[107.85999,15.97181],[107.8599,15.97176],[107.85972,15.97171],[107.85962,15.97172],[107.8595,15.97175],[107.85941,15.97176],[107.85903,15.97188],[107.85899,15.9719],[107.85883,15.97195],[107.85882,15.97196],[107.85851,15.97207],[107.85768,15.97232],[107.8576,15.97233],[107.85757,15.97234],[107.85749,15.97235],[107.85732,15.97235],[107.85664,15.9724],[107.85649,15.97244],[107.85645,15.97247],[107.8564,15.97253],[107.85637,15.9726],[107.85632,15.97278],[107.85629,15.97321],[107.85628,15.97326],[107.85625,15.97332],[107.85619,15.97337],[107.85603,15.97346],[107.856,15.97347],[107.8557,15.97363],[107.85549,15.97384],[107.85524,15.97423],[107.85515,15.97431],[107.85511,15.97433],[107.85494,15.97439],[107.85482,15.97439],[107.85461,15.97432],[107.85448,15.97426],[107.85388,15.97413],[107.85377,15.97413],[107.85369,15.97414],[107.85361,15.97416],[107.85348,15.97421],[107.85336,15.97424],[107.85332,15.97424],[107.85325,15.97425],[107.85314,15.97423],[107.85308,15.97421],[107.85297,15.97414],[107.85259,15.97374],[107.85259,15.97373],[107.85252,15.97367],[107.85231,15.97345],[107.85226,15.97343],[107.85224,15.97343],[107.85221,15.97342],[107.85215,15.97342],[107.85202,15.97345],[107.85112,15.97377],[107.85111,15.97378],[107.85085,15.97393],[107.85041,15.97415],[107.8501,15.97428],[107.84985,15.97436],[107.8496,15.97447],[107.8495,15.97454],[107.84892,15.97504],[107.84889,15.97506],[107.84878,15.97516],[107.84849,15.97538],[107.84846,15.97539],[107.84841,15.97539],[107.84834,15.97537],[107.84832,15.97536],[107.84829,15.97533],[107.84824,15.97531],[107.8482,15.97528],[107.84793,15.97497],[107.84723,15.97428],[107.84715,15.97416],[107.84699,15.97374],[107.84675,15.9732],[107.84665,15.97305],[107.84664,15.97302],[107.84654,15.97292],[107.84641,15.97284],[107.84566,15.97259],[107.84541,15.97253],[107.84512,15.97249],[107.84495,15.97249],[107.84472,15.97251],[107.84443,15.97256],[107.84431,15.9726],[107.84422,15.97264],[107.84411,15.97273],[107.84385,15.973],[107.84371,15.97311],[107.84338,15.97327],[107.84324,15.97331],[107.84307,15.97334],[107.84269,15.97328],[107.8423,15.97328],[107.84183,15.97332],[107.8405,15.97335],[107.84017,15.97328],[107.84002,15.97327],[107.83989,15.97325],[107.8397,15.97319],[107.83935,15.97302],[107.83908,15.97287],[107.83878,15.97273],[107.83877,15.97272],[107.83861,15.97265],[107.8386,15.97264],[107.83844,15.97259],[107.83825,15.97256],[107.83815,15.97257],[107.83768,15.97256],[107.83759,15.97254],[107.83725,15.97243],[107.83701,15.9724],[107.83681,15.9724],[107.83657,15.97242],[107.83632,15.97247],[107.83624,15.97247],[107.83622,15.97246],[107.83617,15.97246],[107.83602,15.97244],[107.83594,15.97241],[107.83573,15.97237],[107.83568,15.97237],[107.83564,15.97238],[107.83561,15.97238],[107.83555,15.97241],[107.83529,15.97251],[107.83515,15.97255],[107.83514,15.97256],[107.83486,15.97261],[107.83481,15.97261],[107.83461,15.97256],[107.8346,15.97256],[107.83459,15.97255],[107.83439,15.97252],[107.83427,15.97254],[107.83406,15.97262],[107.83377,15.97278],[107.8331,15.97324],[107.83283,15.9734],[107.83276,15.97343],[107.83265,15.97346],[107.83245,15.97348],[107.83241,15.97347],[107.83238,15.97347],[107.83235,15.97345],[107.83232,15.97344],[107.83206,15.97327],[107.83196,15.97323],[107.83176,15.97323],[107.83172,15.97324],[107.83164,15.97321],[107.83147,15.97311],[107.83146,15.9731],[107.83134,15.97304],[107.83095,15.97289],[107.83022,15.9727],[107.83021,15.97269],[107.82982,15.97261],[107.82976,15.97258],[107.82973,15.97255],[107.8297,15.97253],[107.82965,15.97246],[107.82963,15.97242],[107.82956,15.9721],[107.82945,15.97177],[107.8293,15.97147],[107.82924,15.97138],[107.82922,15.97137],[107.8292,15.97134],[107.82894,15.9711],[107.82855,15.97083],[107.82777,15.9704],[107.82776,15.97039],[107.8276,15.97031],[107.82726,15.9702],[107.82614,15.96995],[107.82538,15.96974],[107.82533,15.96971],[107.82516,15.96958],[107.82494,15.96937],[107.82478,15.96927],[107.82443,15.9691],[107.82434,15.96907],[107.82432,15.96907],[107.82421,15.96903],[107.82371,15.96891],[107.8234,15.96886],[107.82324,15.96885],[107.82313,15.96883],[107.82301,15.96882],[107.82283,15.96878],[107.82247,15.96865],[107.82238,15.9686],[107.82235,15.96859],[107.82181,15.96829],[107.82153,15.96811],[107.82111,15.9678],[107.82109,15.96779],[107.82098,15.96771],[107.82076,15.96759],[107.82028,15.96742],[107.82025,15.9674],[107.82013,15.96739],[107.82004,15.96737],[107.81862,15.96726],[107.8185,15.96724],[107.81846,15.96724],[107.81838,15.96722],[107.81833,15.9672],[107.81829,15.96717],[107.81824,15.96715],[107.81753,15.96641],[107.81721,15.96619],[107.81709,15.96614],[107.81706,15.96614],[107.81677,15.96608],[107.81637,15.96602],[107.81628,15.96602],[107.81618,15.966],[107.81611,15.966],[107.81595,15.96596],[107.81586,15.96596],[107.81571,15.966],[107.81501,15.96632],[107.81491,15.96634],[107.81484,15.96634],[107.81482,15.96633],[107.8148,15.96633],[107.81475,15.96631],[107.81459,15.96617],[107.81431,15.96585],[107.81359,15.96538],[107.81355,15.96534],[107.81347,15.96522],[107.81332,15.96488],[107.81331,15.96487],[107.81295,15.96414],[107.81267,15.96349],[107.81261,15.96339],[107.81257,15.96336],[107.81253,15.96332],[107.81171,15.96282],[107.81161,15.96277],[107.81153,15.9627],[107.81142,15.96255],[107.81131,15.96201],[107.81109,15.96117],[107.81109,15.96116],[107.81104,15.96105],[107.81095,15.96093],[107.81034,15.96036],[107.80988,15.95998],[107.8096,15.95978],[107.80954,15.95975],[107.80937,15.95963],[107.80931,15.95961],[107.80908,15.95949],[107.80888,15.95941],[107.80869,15.95936],[107.8083,15.95929],[107.80788,15.95917],[107.80782,15.95914],[107.80769,15.95903],[107.80721,15.95802],[107.80717,15.95796],[107.80714,15.95793],[107.80712,15.9579],[107.80708,15.95788],[107.80705,15.95785],[107.80704,15.95785],[107.80646,15.95751],[107.80617,15.95736],[107.80587,15.95717],[107.80579,15.9571],[107.80574,15.95704],[107.80566,15.95689],[107.80565,15.9568],[107.80565,15.95672],[107.80567,15.95662],[107.80577,15.95643],[107.80609,15.95611],[107.80611,15.95608],[107.80615,15.95598],[107.80617,15.9559],[107.80617,15.95586],[107.80618,15.95583],[107.80618,15.9558],[107.80616,15.95567],[107.80613,15.95561],[107.80603,15.95548],[107.80587,15.95534],[107.80571,15.95515],[107.80565,15.95504],[107.80555,15.95476],[107.80544,15.95437],[107.80534,15.95419],[107.80525,15.95408],[107.80504,15.95389],[107.80467,15.95367],[107.80455,15.95365],[107.80448,15.95365],[107.80433,15.9537],[107.80426,15.95375],[107.80426,15.95376],[107.80422,15.9538],[107.80418,15.95387],[107.80417,15.95392],[107.80414,15.95401],[107.80413,15.95415],[107.8041,15.9543],[107.80404,15.9544],[107.80395,15.95449],[107.80335,15.95494],[107.8032,15.95508],[107.80313,15.9552],[107.80306,15.95545],[107.80305,15.95546],[107.80302,15.95553],[107.80299,15.95558],[107.80297,15.9556],[107.8029,15.95564],[107.80287,15.95564],[107.80284,15.95565],[107.8028,15.95565],[107.80276,15.95564],[107.80273,15.95564],[107.80237,15.95548],[107.80202,15.95535],[107.80178,15.9553],[107.80169,15.95531],[107.80122,15.95543],[107.80086,15.9555],[107.80078,15.9555],[107.80029,15.95545],[107.80006,15.95541],[107.79995,15.95541],[107.79986,15.95542],[107.79975,15.95546],[107.7997,15.95547],[107.79956,15.95552],[107.79916,15.95571],[107.79902,15.95576],[107.79885,15.95578],[107.79876,15.9558],[107.79853,15.9558],[107.79781,15.95584],[107.79769,15.95586],[107.79766,15.95587],[107.7972,15.95613],[107.79709,15.95618],[107.79684,15.95621],[107.79595,15.95625],[107.79589,15.95626],[107.7958,15.9563],[107.79579,15.9563],[107.79575,15.95633],[107.79565,15.95643],[107.79563,15.95647],[107.79563,15.95648],[107.79561,15.95653],[107.79561,15.95659],[107.79598,15.95779],[107.79609,15.95886],[107.7961,15.95942],[107.79607,15.9597],[107.79604,15.95978],[107.79596,15.9599],[107.7959,15.95997],[107.79581,15.96003],[107.79522,15.96033],[107.79507,15.96039],[107.79497,15.96041],[107.79487,15.96041],[107.79313,15.96002],[107.79278,15.95998],[107.79264,15.96001],[107.79249,15.96007],[107.79242,15.96012],[107.79198,15.9606],[107.79193,15.96063],[107.79185,15.96065],[107.79175,15.96065],[107.79168,15.96064],[107.79067,15.96062],[107.79055,15.96066],[107.79054,15.96067],[107.79048,15.9607],[107.79041,15.96078],[107.79032,15.96097],[107.79018,15.9614],[107.79015,15.96146],[107.79011,15.96152],[107.79009,15.96154],[107.78997,15.96161],[107.78995,15.96163],[107.7899,15.96165],[107.78956,15.96173],[107.7894,15.96179],[107.78933,15.96183],[107.78927,15.96185],[107.78863,15.96225],[107.78854,15.96228],[107.78848,15.96232],[107.7884,15.96234],[107.78828,15.96234],[107.78786,15.96222],[107.78781,15.96222],[107.78711,15.96234],[107.78703,15.96234],[107.78686,15.9624],[107.78682,15.96242],[107.78677,15.96248],[107.78672,15.96265],[107.78657,15.96331],[107.78653,15.9634],[107.7864,15.96361],[107.78585,15.9643],[107.78573,15.96443],[107.78543,15.96468],[107.78538,15.96477],[107.7853,15.965],[107.78525,15.96511],[107.78521,15.96517],[107.78515,15.96523],[107.78506,15.9653],[107.78458,15.9656],[107.78417,15.96582],[107.78401,15.96585],[107.78395,15.96585],[107.78344,15.96565],[107.78332,15.96559],[107.78326,15.96558],[107.7831,15.96558],[107.7828,15.96563],[107.78181,15.96592],[107.78081,15.96616],[107.77976,15.96653],[107.77971,15.96654],[107.77928,15.96653],[107.77924,15.96654],[107.77914,15.96655],[107.77828,15.96695],[107.77801,15.967],[107.77779,15.96702],[107.77764,15.96702],[107.77731,15.96698],[107.77695,15.9669],[107.77672,15.96687],[107.77662,15.96688],[107.77588,15.96711],[107.77587,15.96712],[107.7757,15.96715],[107.77567,15.96716],[107.77534,15.96719],[107.77377,15.96701],[107.77373,15.967],[107.7735,15.96699],[107.7734,15.96697],[107.77307,15.96686],[107.77256,15.96663],[107.77246,15.9666],[107.77197,15.9665],[107.77191,15.96647],[107.77184,15.96645],[107.77183,15.96644],[107.77137,15.96623],[107.76984,15.96574],[107.7698,15.96572],[107.76978,15.96572],[107.76966,15.96569],[107.76963,15.96569],[107.76954,15.96572],[107.76921,15.96587],[107.76912,15.9659],[107.76908,15.96592],[107.76907,15.96592],[107.76898,15.96595],[107.76896,15.96595],[107.76892,15.96596],[107.76879,15.96596],[107.7687,15.96594],[107.76863,15.9659],[107.76834,15.96564],[107.76814,15.96551],[107.76769,15.96538],[107.76721,15.96532],[107.76671,15.96529],[107.76658,15.96525],[107.7662,15.96503],[107.766,15.96488],[107.76558,15.9646],[107.76556,15.96458],[107.76542,15.96449],[107.76464,15.96372],[107.76408,15.96323],[107.76386,15.96307],[107.76296,15.96249],[107.76264,15.96232],[107.76251,15.96227],[107.76217,15.96217],[107.76178,15.962],[107.76128,15.96165],[107.76126,15.96163],[107.76053,15.96118],[107.76017,15.96099],[107.76016,15.96099],[107.75987,15.96088],[107.75954,15.9608],[107.75934,15.9608],[107.75927,15.96081],[107.75905,15.96081],[107.75898,15.9608],[107.75885,15.96076],[107.75881,15.96073],[107.75759,15.96007],[107.75756,15.96006],[107.75709,15.95981],[107.75703,15.95976],[107.75697,15.95969],[107.75691,15.95956],[107.75685,15.95947],[107.75678,15.95941],[107.75662,15.95932],[107.75649,15.95927],[107.75596,15.95917],[107.75533,15.95912],[107.7552,15.95908],[107.75513,15.95904],[107.75505,15.95898],[107.75387,15.95827],[107.75386,15.95827],[107.75355,15.95809],[107.75354,15.95809],[107.75313,15.95784],[107.75302,15.95779],[107.75202,15.95725],[107.75154,15.95706],[107.75131,15.95692],[107.75125,15.95687],[107.75107,15.95664],[107.75097,15.95646],[107.75075,15.95612],[107.75074,15.95609],[107.75065,15.95599],[107.75052,15.95589],[107.75037,15.95581],[107.75001,15.95568],[107.74968,15.9556],[107.74951,15.95558],[107.74933,15.95558],[107.74928,15.9556],[107.74915,15.95562],[107.74893,15.95562],[107.74884,15.95561],[107.74842,15.95552],[107.74757,15.95518],[107.74681,15.95479],[107.7468,15.95479],[107.74662,15.95469],[107.74649,15.9546],[107.74632,15.95445],[107.74625,15.95436],[107.74611,15.95412],[107.7461,15.95411],[107.74589,15.95354],[107.74584,15.95345],[107.74574,15.95335],[107.74521,15.95298],[107.7447,15.95266],[107.7446,15.95263],[107.74454,15.9526],[107.74426,15.95258],[107.74199,15.95262],[107.74179,15.9526],[107.74164,15.95255],[107.74133,15.95238],[107.74112,15.95223],[107.74082,15.95198],[107.74055,15.9518],[107.74028,15.95169],[107.74023,15.95166],[107.74017,15.95164],[107.74006,15.95157],[107.74005,15.95157],[107.73993,15.95149],[107.7396,15.95123],[107.73934,15.95095],[107.73922,15.95075],[107.73915,15.95056],[107.7391,15.95033],[107.73908,15.94973],[107.73906,15.94964],[107.73896,15.94949],[107.73881,15.94934],[107.7388,15.94934],[107.73865,15.94923],[107.73856,15.94918],[107.73845,15.94914],[107.7379,15.94907],[107.73749,15.94905],[107.73724,15.94909],[107.73702,15.94915],[107.73674,15.94929],[107.73663,15.94932],[107.73652,15.94933],[107.73615,15.94931],[107.73604,15.94929],[107.73588,15.9493],[107.73551,15.94939],[107.73539,15.94946],[107.73526,15.94952],[107.73503,15.94966],[107.7349,15.94971],[107.73479,15.94973],[107.73451,15.94974],[107.73443,15.94971],[107.73437,15.94967],[107.73434,15.94959],[107.73433,15.94946],[107.73434,15.94935],[107.73433,15.94928],[107.73427,15.94918],[107.73402,15.94895],[107.73393,15.94888],[107.73376,15.94877],[107.73371,15.94875],[107.73352,15.9487],[107.7334,15.9487],[107.73326,15.94872],[107.73316,15.94876],[107.73311,15.94879],[107.73307,15.94884],[107.73304,15.94889],[107.73302,15.94891],[107.73293,15.9492],[107.73294,15.9494],[107.73295,15.94944],[107.73301,15.9495],[107.73308,15.9496],[107.73315,15.94974],[107.73315,15.94981],[107.73312,15.94988],[107.73309,15.94992],[107.73304,15.94996],[107.73286,15.95001],[107.7322,15.94999],[107.73183,15.94994],[107.73091,15.94975],[107.73074,15.94969],[107.73069,15.94968],[107.73006,15.94937],[107.72965,15.9491],[107.72945,15.94899],[107.72943,15.94899],[107.72907,15.94891],[107.72878,15.94881],[107.72869,15.94877],[107.7286,15.9487],[107.72763,15.94782],[107.72752,15.94775],[107.7273,15.94769],[107.72723,15.9477],[107.72716,15.9477],[107.72708,15.94771],[107.72682,15.94777],[107.72663,15.94777],[107.72653,15.94774],[107.72637,15.94762],[107.72614,15.94741],[107.72587,15.94726],[107.72569,15.94719],[107.72551,15.94718],[107.72497,15.94729],[107.72483,15.94729],[107.72464,15.94726],[107.72437,15.94718],[107.72423,15.94711],[107.72397,15.94703],[107.72393,15.94701],[107.72388,15.947],[107.72337,15.94699],[107.72322,15.947],[107.72313,15.94698],[107.72306,15.94694],[107.72306,15.94693],[107.72302,15.94685],[107.72287,15.94638],[107.72276,15.94616],[107.72268,15.94603],[107.72261,15.94595],[107.72248,15.94588],[107.72218,15.94576],[107.72197,15.9456],[107.72197,15.94559],[107.72184,15.94543],[107.72151,15.94478],[107.72147,15.94466],[107.72138,15.94417],[107.72135,15.9438],[107.72129,15.9435],[107.72127,15.94346],[107.72124,15.94342],[107.7212,15.94339],[107.72113,15.94337],[107.721,15.94337],[107.72091,15.94339],[107.72027,15.9436],[107.72008,15.94375],[107.71979,15.94406],[107.71946,15.94449],[107.71946,15.9445],[107.71933,15.94462],[107.71925,15.94471],[107.71914,15.94478],[107.719,15.94482],[107.71875,15.94486],[107.71856,15.94495],[107.71829,15.94511],[107.71813,15.94512],[107.71808,15.94511],[107.71802,15.94507],[107.718,15.94504],[107.71798,15.94502],[107.71798,15.94501],[107.71786,15.94466],[107.71776,15.94443],[107.71762,15.94405],[107.71756,15.94392],[107.71755,15.94383],[107.71758,15.94344],[107.7176,15.94333],[107.7176,15.9432],[107.71757,15.94313],[107.71756,15.94312],[107.71753,15.94303],[107.71746,15.94292],[107.71691,15.94256],[107.71667,15.94242],[107.71644,15.94221],[107.71641,15.94214],[107.71641,15.94205],[107.71639,15.94194],[107.71627,15.94163],[107.71621,15.94152],[107.71605,15.94136],[107.71594,15.94132],[107.71586,15.9413],[107.71558,15.94126],[107.71528,15.94132],[107.715,15.94141],[107.71487,15.94141],[107.71471,15.94139],[107.71428,15.94118],[107.71306,15.94072],[107.71257,15.94051],[107.71223,15.94039],[107.71136,15.93997],[107.71064,15.9397],[107.70996,15.93953],[107.70947,15.93943],[107.70929,15.93937],[107.7092,15.93933],[107.70906,15.93923],[107.70889,15.93907],[107.70869,15.93884],[107.70851,15.93868],[107.70841,15.93862],[107.70833,15.93859],[107.70813,15.93854],[107.70811,15.93853],[107.70796,15.93851],[107.70779,15.93846],[107.7077,15.93842],[107.70763,15.93837],[107.70759,15.93833],[107.70756,15.93831],[107.70754,15.93829],[107.70733,15.93814],[107.70701,15.93797],[107.70692,15.9379],[107.70687,15.93784],[107.70684,15.93777],[107.70684,15.93772],[107.70687,15.93759],[107.70688,15.93743],[107.70686,15.93734],[107.70683,15.93729],[107.70666,15.93708],[107.70652,15.93686],[107.70652,15.93685],[107.70648,15.93681],[107.70639,15.93674],[107.70633,15.93671],[107.70614,15.93664],[107.70582,15.93647],[107.70568,15.93643],[107.70563,15.93643],[107.7054,15.93637],[107.70531,15.93631],[107.70528,15.93628],[107.70526,15.93625],[107.70522,15.93621],[107.7052,15.93617],[107.70518,15.93609],[107.70518,15.93591],[107.70517,15.93587],[107.70517,15.93583],[107.70516,15.93581],[107.70516,15.93578],[107.70511,15.93568],[107.70507,15.93564],[107.70498,15.93559],[107.70493,15.93558],[107.70485,15.93558],[107.7048,15.93559],[107.70472,15.93562],[107.7045,15.93574],[107.70442,15.93577],[107.70422,15.93581],[107.70401,15.93583],[107.70384,15.93583],[107.70374,15.93584],[107.7036,15.93584],[107.70357,15.93583],[107.70351,15.93579],[107.7035,15.93576],[107.70349,15.93575],[107.70345,15.93568],[107.70343,15.93562],[107.70338,15.93553],[107.70335,15.93549],[107.70329,15.93543],[107.70323,15.9354],[107.70305,15.9354],[107.70279,15.93542],[107.70261,15.93542],[107.70255,15.93541],[107.70241,15.93535],[107.70236,15.93531],[107.70218,15.93524],[107.70203,15.93522],[107.70193,15.93519],[107.70192,15.93519],[107.70162,15.9351],[107.70141,15.935],[107.70137,15.93499],[107.7013,15.93499],[107.70118,15.93502],[107.70106,15.93508],[107.70092,15.93517],[107.7009,15.93517],[107.70078,15.93521],[107.7007,15.93522],[107.7006,15.93522],[107.70048,15.93518],[107.70035,15.93511],[107.70009,15.9349],[107.69988,15.93477],[107.69958,15.93464],[107.69954,15.93461],[107.69937,15.93443],[107.69928,15.93431],[107.69915,15.93418],[107.6991,15.93416],[107.69904,15.93415],[107.69894,15.93415],[107.6989,15.93416],[107.69887,15.93418],[107.69885,15.93418],[107.69875,15.93423],[107.69862,15.93428],[107.69837,15.93442],[107.69833,15.93445],[107.69824,15.93447],[107.6982,15.93447],[107.69794,15.93442],[107.69785,15.93436],[107.69724,15.93374],[107.69721,15.9337],[107.69717,15.93366],[107.69705,15.93361],[107.69704,15.9336],[107.697,15.9336],[107.69696,15.93359],[107.69684,15.93359],[107.69677,15.93357],[107.69665,15.93348],[107.69632,15.93313],[107.69631,15.93311],[107.69626,15.93306],[107.69625,15.93302],[107.69624,15.93301],[107.69624,15.93294],[107.69625,15.93291],[107.69629,15.93286],[107.69633,15.93283],[107.69637,15.93279],[107.6964,15.93275],[107.69647,15.93259],[107.69647,15.93241],[107.6964,15.93219],[107.69638,15.93209],[107.69637,15.93209],[107.69637,15.93199],[107.69638,15.93192],[107.69642,15.9318],[107.69642,15.93179],[107.69648,15.93169],[107.69653,15.93166],[107.69658,15.93162],[107.69674,15.93153],[107.6968,15.93147],[107.69681,15.93145],[107.69681,15.9314],[107.6968,15.93137],[107.69678,15.93134],[107.69675,15.93131],[107.69634,15.93107],[107.69632,15.93107],[107.6963,15.93106],[107.69625,15.93105],[107.69622,15.93105],[107.69618,15.93107],[107.69617,15.93107],[107.69612,15.93112],[107.69605,15.93123],[107.69599,15.93129],[107.69593,15.93132],[107.69592,15.93133],[107.69574,15.93141],[107.69554,15.93147],[107.6954,15.93149],[107.69532,15.93149],[107.69528,15.93148],[107.69521,15.93144],[107.69518,15.93141],[107.69513,15.93133],[107.69498,15.931],[107.69478,15.93065],[107.69473,15.93059],[107.69472,15.93057],[107.69465,15.9305],[107.69459,15.93046],[107.69439,15.93038],[107.6941,15.93029],[107.69377,15.93022],[107.69367,15.93023],[107.69311,15.93039],[107.69296,15.93041],[107.69282,15.93036],[107.6927,15.9303],[107.69269,15.93029],[107.69249,15.93019],[107.69237,15.9301],[107.69195,15.92965],[107.69186,15.92957],[107.69178,15.92952],[107.69177,15.92951],[107.69165,15.92947],[107.69153,15.92947],[107.69132,15.92949],[107.69113,15.92954],[107.69103,15.92954],[107.69098,15.92953],[107.69091,15.92953],[107.69076,15.92949],[107.69071,15.92947],[107.69066,15.92946],[107.69063,15.92944],[107.69057,15.92944],[107.69038,15.92941],[107.69037,15.9294],[107.69031,15.92938],[107.69027,15.92936],[107.69023,15.92933],[107.69017,15.92927],[107.68989,15.92891],[107.68981,15.92875],[107.68979,15.92865],[107.68976,15.92856],[107.68974,15.92852],[107.68968,15.92844],[107.68967,15.92844],[107.68932,15.92819],[107.68922,15.92813],[107.68917,15.92812],[107.68912,15.9281],[107.68906,15.92809],[107.68897,15.92809],[107.68887,15.92812],[107.68876,15.92818],[107.68875,15.92818],[107.68843,15.92841],[107.68832,15.92847],[107.68825,15.92852],[107.68803,15.92862],[107.68794,15.92864],[107.68714,15.92874],[107.68679,15.9288],[107.68636,15.9289],[107.68594,15.92889],[107.68574,15.92885],[107.68542,15.92876],[107.68525,15.92876],[107.68509,15.92879],[107.68487,15.92885],[107.68468,15.92896],[107.68461,15.92899],[107.68453,15.929],[107.68447,15.929],[107.68438,15.92897],[107.68398,15.92875],[107.68383,15.9287],[107.68369,15.92867],[107.6836,15.92866],[107.68351,15.92866],[107.6833,15.92869],[107.68316,15.92869],[107.68307,15.9287],[107.68294,15.9287],[107.6829,15.92868],[107.68284,15.92866],[107.68281,15.92863],[107.68244,15.92834],[107.68169,15.92786],[107.68137,15.92754],[107.68132,15.9275],[107.68123,15.92745],[107.6811,15.92741],[107.68006,15.92732],[107.67966,15.92732],[107.67912,15.92738],[107.67787,15.92757],[107.67756,15.92758],[107.6767,15.92749],[107.67636,15.92748],[107.67631,15.9275],[107.67626,15.92751],[107.67619,15.92756],[107.67617,15.92759],[107.67614,15.92776],[107.67615,15.92794],[107.67614,15.92795],[107.67613,15.928],[107.6761,15.92804],[107.67602,15.9281],[107.67598,15.92812],[107.67585,15.92815],[107.67419,15.92828],[107.67407,15.9283],[107.67326,15.92834],[107.6732,15.92833],[107.67314,15.92833],[107.67288,15.92824],[107.67281,15.92823],[107.67277,15.92823],[107.67271,15.92824],[107.67236,15.92835],[107.67202,15.92849],[107.67158,15.92878],[107.67142,15.92887],[107.67121,15.92893],[107.67109,15.92895],[107.67099,15.92895],[107.67091,15.92894],[107.67066,15.92887],[107.67054,15.92887],[107.67039,15.92889],[107.67029,15.92892],[107.67012,15.92901],[107.66998,15.92911],[107.66997,15.92911],[107.6699,15.92915],[107.66982,15.92917],[107.66973,15.92917],[107.66961,15.92913],[107.66953,15.92912],[107.66936,15.92916],[107.66924,15.92917],[107.66914,15.92916],[107.66905,15.92914],[107.66894,15.92909],[107.66859,15.92886],[107.6683,15.92872],[107.66821,15.92869],[107.6681,15.92869],[107.66765,15.92883],[107.66736,15.9289],[107.66719,15.92897],[107.66712,15.92902],[107.66704,15.9291],[107.66679,15.9293],[107.66671,15.92934],[107.66659,15.92938],[107.66556,15.929],[107.66552,15.92896],[107.66551,15.92894],[107.66551,15.92891],[107.66564,15.92819],[107.66565,15.92772],[107.66558,15.92716],[107.66552,15.92694],[107.66548,15.92688],[107.66543,15.92685],[107.66537,15.92679],[107.66527,15.92674],[107.66514,15.92671],[107.66506,15.92671],[107.66483,15.92679],[107.66475,15.92679],[107.66471,15.9268],[107.66431,15.92674],[107.6642,15.92674],[107.66414,15.92673],[107.66376,15.92677],[107.66351,15.92677],[107.66333,15.92673],[107.66331,15.92673],[107.66321,15.9267],[107.66312,15.92665],[107.66307,15.92661],[107.66301,15.92653],[107.663,15.92649],[107.66298,15.92647],[107.66294,15.92538],[107.66299,15.9248],[107.66298,15.9243],[107.66293,15.92421],[107.66287,15.92414],[107.6628,15.92409],[107.66267,15.92402],[107.66247,15.92397],[107.66242,15.92397],[107.66237,15.92398],[107.66227,15.92398],[107.66222,15.92399],[107.66207,15.924],[107.66203,15.92399],[107.66073,15.92389],[107.6602,15.92388],[107.65963,15.9237],[107.65923,15.92353],[107.65876,15.92321],[107.65867,15.92311],[107.6584,15.92264],[107.65813,15.92236],[107.65806,15.92224],[107.65802,15.92215],[107.65796,15.92193],[107.65788,15.92178],[107.65779,15.92165],[107.65765,15.92149],[107.65759,15.92138],[107.65756,15.9213],[107.65751,15.92091],[107.6575,15.92058],[107.65751,15.92045],[107.6575,15.92024],[107.65749,15.9202],[107.6574,15.92008],[107.65729,15.92003],[107.65711,15.91999],[107.65688,15.91996],[107.65653,15.91995],[107.65602,15.91999],[107.65547,15.91996],[107.65478,15.91987],[107.65468,15.91988],[107.65454,15.91991],[107.65418,15.92003],[107.65381,15.92023],[107.65347,15.92039],[107.65287,15.92061],[107.65263,15.92066],[107.65255,15.92066],[107.65241,15.92063],[107.65221,15.92057],[107.65206,15.92049],[107.6519,15.92042],[107.65189,15.92041],[107.65173,15.92031],[107.65163,15.92026],[107.65098,15.92003],[107.65085,15.92],[107.65062,15.92001],[107.65041,15.92037],[107.65032,15.9205],[107.65024,15.92064],[107.65006,15.92119],[107.64994,15.92145],[107.64987,15.92156],[107.64975,15.92166],[107.64963,15.92174],[107.64931,15.92188]]},"properties":{"name":"QL14G","styleUrl":"#line-1267FF-5000-nodesc2","stroke-opacity":1,"stroke":"#ff00ff","stroke-width":10}},{"type":"Feature","geometry":{"type":"LineString","coordinates":[[108.21558,16.11925],[108.21557,16.11927],[108.21611,16.1197],[108.21621,16.11977],[108.2164,16.11993],[108.21643,16.11994],[108.21741,16.12071],[108.21754,16.1208],[108.2177,16.12093],[108.21775,16.12096],[108.21814,16.12127],[108.21866,16.12159],[108.21888,16.12174],[108.21921,16.1219],[108.21941,16.12191],[108.2196,16.12196],[108.21982,16.12204],[108.21998,16.12211],[108.22041,16.1222],[108.22086,16.12222],[108.22114,16.1222],[108.22137,16.12215],[108.22157,16.12208],[108.2217,16.12202],[108.2219,16.12191],[108.22211,16.12177],[108.22261,16.1212],[108.22329,16.12028],[108.22331,16.12026],[108.22427,16.11898],[108.22432,16.1189],[108.22455,16.11846],[108.22497,16.11792],[108.2252,16.11768],[108.22541,16.11754],[108.22565,16.11742],[108.22588,16.11735],[108.22603,16.11732],[108.22632,16.11732],[108.22654,16.11736],[108.22699,16.11752],[108.22833,16.11807],[108.22862,16.11814],[108.22887,16.11815],[108.22909,16.11814],[108.22913,16.11812],[108.22942,16.11803],[108.22971,16.11789],[108.23006,16.11765],[108.23083,16.11722],[108.23203,16.1166],[108.2327,16.11623],[108.23335,16.11582],[108.23442,16.11509],[108.23511,16.11458],[108.23558,16.11427],[108.23571,16.11417],[108.23595,16.11401],[108.23635,16.11383],[108.23666,16.11375],[108.23679,16.11374],[108.23692,16.11372],[108.23735,16.11373],[108.23753,16.11376],[108.23781,16.11387],[108.23802,16.11398],[108.23805,16.11399],[108.23826,16.11412],[108.23854,16.11426],[108.2388,16.11436],[108.23908,16.11443],[108.2393,16.11446],[108.24008,16.1144],[108.24098,16.11418],[108.24224,16.11394],[108.24271,16.11381],[108.24311,16.11364],[108.24349,16.11342],[108.24376,16.11322],[108.24391,16.11309],[108.24411,16.11288],[108.24422,16.11275],[108.24436,16.11254],[108.24454,16.11219],[108.24465,16.1119],[108.24471,16.1117],[108.24513,16.11054],[108.24589,16.10775],[108.24607,16.10726],[108.24652,16.10584],[108.24664,16.10553],[108.24682,16.10486],[108.24741,16.10295],[108.24747,16.10269],[108.24749,16.10236],[108.24749,16.10218],[108.24747,16.10205],[108.24745,16.10198],[108.24741,16.10196],[108.2474,16.10195],[108.24738,16.10194],[108.24737,16.10193],[108.24736,16.10191],[108.24733,16.10188],[108.24731,16.10183],[108.2473,16.10179],[108.2473,16.10172],[108.24731,16.1017],[108.24731,16.10169],[108.24734,16.10163],[108.24734,16.10162],[108.24735,16.10161],[108.24735,16.1016],[108.24736,16.10159],[108.24737,16.10159],[108.24738,16.10158],[108.24738,16.10157],[108.24739,16.10156],[108.24733,16.1014],[108.24734,16.10135],[108.24734,16.1013],[108.24547,16.0971],[108.2454,16.09689],[108.24417,16.09399],[108.24389,16.09345],[108.24305,16.09151],[108.24234,16.09],[108.24172,16.08853],[108.2417,16.0885],[108.24113,16.08734],[108.24075,16.08683],[108.24048,16.08653],[108.23782,16.08384],[108.23773,16.08376],[108.23274,16.07869],[108.23169,16.07757],[108.23136,16.07708],[108.23114,16.07668],[108.23091,16.07608],[108.23059,16.07504],[108.23048,16.07446],[108.23044,16.07402],[108.23033,16.07403],[108.2304,16.07338],[108.23049,16.07288],[108.23052,16.07282],[108.23059,16.07279],[108.23076,16.07183],[108.23077,16.0718],[108.23079,16.07177],[108.2321,16.06853],[108.23229,16.06789],[108.23266,16.06688],[108.23387,16.0629],[108.23403,16.06227],[108.23417,16.06188],[108.23437,16.06109],[108.23448,16.06082],[108.23652,16.05415],[108.23664,16.05382],[108.23673,16.05338],[108.23679,16.05328],[108.23684,16.05316],[108.23709,16.05236],[108.23707,16.05232],[108.23707,16.05219],[108.23709,16.05216],[108.23724,16.0515],[108.23791,16.0493],[108.23802,16.04933],[108.23842,16.04791],[108.23842,16.0479],[108.23883,16.0465],[108.23897,16.0461],[108.23905,16.04591],[108.24043,16.0432],[108.2405,16.04308],[108.24161,16.04086],[108.2419,16.04032],[108.24247,16.03913],[108.24253,16.03903],[108.24291,16.03823],[108.24284,16.03819],[108.24147,16.03726],[108.24146,16.03725],[108.24085,16.03684],[108.24022,16.03653],[108.23955,16.03628],[108.23879,16.03607],[108.23793,16.03589],[108.2379,16.03588],[108.2249,16.0332],[108.22479,16.03319],[108.22433,16.03311],[108.2242,16.0331],[108.22419,16.03255],[108.22417,16.03232],[108.22403,16.0317],[108.22385,16.03118],[108.22368,16.0308],[108.22364,16.03068],[108.22236,16.02778],[108.22214,16.02734],[108.22192,16.02702],[108.22175,16.02682],[108.22162,16.02669],[108.22136,16.02647],[108.22135,16.02647],[108.22112,16.02634],[108.22095,16.02627],[108.2185,16.02502],[108.21466,16.02284],[108.21428,16.02264],[108.21404,16.02247],[108.2138,16.02232],[108.21354,16.02213],[108.2126,16.02136],[108.21242,16.02124],[108.21178,16.02074],[108.2115,16.02054],[108.21149,16.02053],[108.21115,16.02032],[108.21055,16.0199],[108.20996,16.0196],[108.20856,16.01908],[108.20785,16.01873],[108.20594,16.0175],[108.20573,16.01739],[108.20528,16.0172],[108.20348,16.01664],[108.20318,16.01656],[108.20259,16.01632],[108.2023,16.01617],[108.20178,16.01582],[108.20044,16.01499],[108.19885,16.01418],[108.19851,16.01404],[108.19844,16.01403],[108.19823,16.01398],[108.198,16.01394],[108.19779,16.01392],[108.19747,16.01393],[108.19567,16.01414],[108.19409,16.0142],[108.19388,16.01422],[108.19238,16.01427],[108.19173,16.01424],[108.19112,16.01414],[108.19078,16.01405],[108.19044,16.01394],[108.19043,16.01393],[108.19018,16.01383],[108.1898,16.01364],[108.18936,16.01336],[108.18859,16.01277],[108.18808,16.01235],[108.1877,16.0121],[108.18753,16.01202],[108.18638,16.01162],[108.18597,16.01153],[108.18577,16.0115],[108.18541,16.01148],[108.18532,16.01149],[108.18523,16.01149],[108.18505,16.01152],[108.18489,16.01156],[108.18461,16.01165],[108.18431,16.01178],[108.18397,16.01195],[108.18348,16.01225],[108.18314,16.01243],[108.18295,16.0125],[108.18289,16.01253],[108.18248,16.01265],[108.1823,16.01268],[108.18228,16.01269],[108.18208,16.01272],[108.18093,16.0128],[108.1804,16.01281],[108.17973,16.01277],[108.17971,16.01276],[108.17959,16.01275],[108.17896,16.01262],[108.17864,16.01253],[108.17811,16.01235],[108.17746,16.01219],[108.17712,16.01215],[108.1767,16.01212],[108.17639,16.01212],[108.17613,16.0121],[108.17573,16.01212],[108.17489,16.01209],[108.17469,16.01207],[108.17464,16.01207],[108.17451,16.01204],[108.17426,16.012],[108.17236,16.01153],[108.17186,16.01144],[108.1716,16.01138],[108.17119,16.01132],[108.17076,16.01131],[108.17043,16.01135],[108.17005,16.01145],[108.16882,16.01188],[108.16881,16.01188],[108.16813,16.01212],[108.16792,16.01216],[108.16743,16.01218],[108.16723,16.01216],[108.16672,16.01205],[108.16553,16.01158],[108.16076,16.00952],[108.16018,16.00929],[108.15969,16.00917],[108.15928,16.00909],[108.15856,16.00904],[108.15753,16.00907],[108.15648,16.00917],[108.15563,16.00921],[108.1539,16.00916],[108.15336,16.00912],[108.15305,16.00908],[108.15248,16.00896],[108.15192,16.00881],[108.15136,16.0086],[108.15084,16.00835],[108.15028,16.00803],[108.1501,16.00789],[108.14992,16.00777],[108.14953,16.00746],[108.14912,16.00706],[108.14834,16.0061],[108.14816,16.00578],[108.1477,16.00485],[108.14735,16.004],[108.14723,16.0035],[108.14711,16.00311],[108.1471,16.00309],[108.14704,16.00284],[108.14692,16.00249],[108.14691,16.00247],[108.1469,16.00229],[108.14679,16.00198],[108.14666,16.00153],[108.14643,16.00085],[108.14643,16.00084],[108.14638,16.00068],[108.14637,16.00066],[108.14615,15.99999],[108.14615,15.99998],[108.14609,15.99982],[108.14561,15.99829],[108.14559,15.99825],[108.14558,15.9982],[108.14551,15.99799],[108.14526,15.99736],[108.14507,15.99668],[108.14433,15.99448],[108.1443,15.99442],[108.14405,15.9936],[108.14399,15.99346],[108.14372,15.99258],[108.14372,15.99251],[108.14282,15.98998],[108.14281,15.98992],[108.14266,15.98954],[108.14239,15.98901],[108.14165,15.98793],[108.14108,15.98724],[108.14088,15.98696],[108.14066,15.98671],[108.14063,15.98666],[108.14057,15.98659],[108.14007,15.98591],[108.13935,15.985],[108.13882,15.98425],[108.13868,15.98401],[108.13856,15.98374],[108.13851,15.98352],[108.13846,15.98309],[108.13851,15.98237],[108.13883,15.98038],[108.13894,15.97988],[108.13902,15.97938],[108.13914,15.97884],[108.13936,15.97749],[108.13946,15.97673],[108.13949,15.97627],[108.13949,15.97354],[108.13946,15.97267],[108.13942,15.96909],[108.13941,15.96899],[108.13942,15.96721],[108.1394,15.96671],[108.13936,15.96641],[108.13936,15.96541],[108.13934,15.96527],[108.1393,15.96448],[108.1393,15.96327],[108.13934,15.96306],[108.13933,15.9607],[108.13921,15.95923],[108.1388,15.95591],[108.13867,15.95512],[108.13828,15.95215],[108.13827,15.95211],[108.13816,15.95117],[108.1379,15.94942],[108.13765,15.94744],[108.13761,15.94682],[108.13762,15.94634],[108.13801,15.94287],[108.13802,15.9424],[108.13801,15.94182],[108.13798,15.94156],[108.13791,15.94124],[108.13786,15.94108],[108.13786,15.94107],[108.13736,15.93993],[108.13735,15.93992],[108.13688,15.93886],[108.13685,15.93877],[108.13585,15.93655],[108.13529,15.93553],[108.13432,15.93416],[108.13414,15.93388],[108.13347,15.93301],[108.13311,15.93244],[108.1331,15.9324],[108.1319,15.93006],[108.13169,15.92994],[108.13157,15.92989],[108.13142,15.92985],[108.12781,15.92956],[108.12647,15.92942],[108.12601,15.92933],[108.12594,15.9293],[108.12573,15.92925],[108.1255,15.92917],[108.12495,15.92891],[108.12442,15.92858],[108.12405,15.92826],[108.12378,15.92797],[108.12148,15.92519],[108.12081,15.92448],[108.11946,15.92318],[108.11921,15.92297],[108.11326,15.91747],[108.11319,15.91739],[108.11187,15.91617],[108.11177,15.9161],[108.11104,15.91544],[108.11094,15.91536],[108.10825,15.91288],[108.10824,15.91288],[108.1062,15.91101],[108.10609,15.91092],[108.10444,15.90941],[108.10436,15.90935],[108.1043,15.90929],[108.10401,15.90907],[108.10387,15.90895],[108.10278,15.90819],[108.1024,15.90796],[108.10115,15.90732],[108.09949,15.90655],[108.0985,15.90603],[108.09504,15.90401],[108.09503,15.90401],[108.09425,15.90353],[108.09395,15.90337],[108.0887,15.90033],[108.08863,15.90028],[108.08841,15.90018],[108.08832,15.90013],[108.08808,15.90003],[108.08772,15.89991],[108.08715,15.89979],[108.08682,15.89974],[108.08628,15.89969],[108.08601,15.89968],[108.0854,15.89969],[108.08425,15.8998],[108.0837,15.89983],[108.08188,15.89982],[108.08176,15.89981],[108.07986,15.89979],[108.07909,15.89974],[108.0782,15.89957],[108.07819,15.89956],[108.07776,15.89943],[108.07744,15.89931],[108.07679,15.89899],[108.07539,15.89815],[108.07538,15.89815],[108.07524,15.89805],[108.06823,15.89377],[108.06722,15.89323],[108.0667,15.89298],[108.06562,15.89255],[108.06556,15.89252],[108.06429,15.89206],[108.06342,15.89171],[108.0633,15.89167],[108.06325,15.89164],[108.06244,15.89127],[108.06241,15.89125],[108.06156,15.89083],[108.05983,15.88986],[108.05863,15.88925],[108.05799,15.8889],[108.05798,15.88889],[108.05766,15.88871],[108.05735,15.88851],[108.0571,15.88833],[108.05706,15.88828],[108.05699,15.88823],[108.05688,15.88813],[108.05681,15.88804],[108.0568,15.88802],[108.05658,15.88774],[108.05655,15.88771],[108.05612,15.88717],[108.05502,15.88565],[108.05493,15.88554],[108.05492,15.88551],[108.05474,15.88527],[108.05448,15.88499],[108.05447,15.88497],[108.05402,15.88455],[108.05371,15.88435],[108.05366,15.88433],[108.05346,15.88421],[108.05322,15.88411],[108.05321,15.88411],[108.05282,15.88394],[108.04665,15.88177],[108.04575,15.88149],[108.04504,15.88133],[108.04338,15.88109],[108.04335,15.88108],[108.04175,15.88099],[108.03884,15.88071],[108.03755,15.88054],[108.03742,15.88051],[108.03573,15.88031],[108.03409,15.88006],[108.0334,15.87993],[108.03336,15.87993],[108.03228,15.87974],[108.03225,15.87974],[108.03211,15.87971],[108.03206,15.87971],[108.03098,15.87954],[108.03083,15.8795],[108.03063,15.87948],[108.02998,15.87937],[108.02695,15.87831],[108.02669,15.87824],[108.02651,15.87818],[108.0265,15.87818],[108.02003,15.87648],[108.01949,15.87632],[108.01869,15.87601],[108.0184,15.87592],[108.01582,15.87483],[108.0158,15.87483],[108.01553,15.87471],[108.01512,15.87456],[108.01445,15.87427],[108.01443,15.87427],[108.0142,15.87416],[108.01256,15.87349],[108.00931,15.87208],[108.00918,15.87201],[108.00902,15.87195],[108.00875,15.8718],[108.00798,15.87126],[108.00776,15.87107],[108.00744,15.87072],[108.00732,15.87057],[108.00705,15.87018],[108.00701,15.87014],[108.00511,15.86734],[108.00501,15.86722],[108.00399,15.86572],[108.00394,15.86563],[108.00288,15.86405],[108.00155,15.86198],[108.00032,15.86024],[107.99838,15.85723],[107.99733,15.85571],[107.99724,15.85556],[107.9967,15.85476],[107.9963,15.85421],[107.99623,15.85413],[107.99621,15.85412],[107.99601,15.85383],[107.99587,15.85369],[107.99533,15.85296],[107.99505,15.85254],[107.99503,15.8525],[107.99473,15.85205],[107.99432,15.85138],[107.99431,15.85137],[107.99377,15.85055],[107.99374,15.85052],[107.99265,15.84884],[107.99242,15.84856],[107.99217,15.84829],[107.99191,15.84808],[107.99149,15.84783],[107.99125,15.84771],[107.99122,15.8477],[107.99105,15.84762],[107.98942,15.847],[107.98717,15.84607],[107.98716,15.84607],[107.98427,15.84485],[107.98399,15.84481],[107.98375,15.84481],[107.98244,15.84504],[107.9821,15.84507],[107.97994,15.84505],[107.97927,15.84508],[107.97847,15.84509],[107.97677,15.84506],[107.97665,15.84504],[107.97658,15.84501],[107.97647,15.84498],[107.97633,15.84493],[107.976,15.84478],[107.97534,15.84443],[107.97395,15.84378],[107.97355,15.84355],[107.97308,15.84322],[107.97287,15.84309],[107.97248,15.84291],[107.97229,15.84285],[107.97093,15.84259],[107.97086,15.84257],[107.96993,15.84241],[107.96835,15.84209],[107.96784,15.84201],[107.96765,15.84197],[107.96692,15.84186],[107.96683,15.84184],[107.96617,15.84175],[107.96516,15.84147],[107.96314,15.84079],[107.96288,15.84072],[107.96213,15.84065],[107.96107,15.84064],[107.96086,15.84068],[107.96063,15.84077],[107.9605,15.84081],[107.96028,15.84092],[107.95988,15.84108],[107.9597,15.84114],[107.95955,15.84116],[107.95945,15.84116],[107.95909,15.84112],[107.95901,15.8411],[107.95823,15.84074],[107.95804,15.84064],[107.95734,15.84039],[107.95697,15.84029],[107.95655,15.84021],[107.95625,15.84013],[107.95615,15.84009],[107.95599,15.84001],[107.95568,15.83979],[107.9552,15.8394],[107.95283,15.83771],[107.95204,15.83705],[107.95197,15.837],[107.95168,15.83674],[107.95112,15.83615],[107.95079,15.83588],[107.95017,15.83545],[107.95002,15.83536],[107.94988,15.8353],[107.94963,15.83522],[107.94945,15.83518],[107.94861,15.83506],[107.94836,15.83495],[107.94813,15.83492],[107.94792,15.83492],[107.94779,15.83494],[107.94776,15.83494],[107.9476,15.83498],[107.94731,15.83509],[107.94725,15.83513],[107.94674,15.83536],[107.94661,15.83547],[107.94652,15.83548],[107.94632,15.83548],[107.9454,15.83543],[107.94526,15.8354],[107.94516,15.83539],[107.94508,15.83536],[107.94503,15.83535],[107.94489,15.83529],[107.94474,15.8352],[107.94436,15.83489],[107.94405,15.83459],[107.94398,15.83454],[107.94373,15.8344],[107.94359,15.83435],[107.94322,15.83428],[107.94311,15.83427],[107.94225,15.83412],[107.93991,15.83333],[107.93989,15.83332],[107.93841,15.83282],[107.93796,15.83257],[107.93753,15.83228],[107.9374,15.83223],[107.93704,15.83217],[107.9365,15.83212],[107.93645,15.83212],[107.9356,15.832],[107.93511,15.83188],[107.93383,15.83141],[107.93364,15.83132],[107.93345,15.83119],[107.93133,15.82953],[107.93023,15.82862],[107.92973,15.82817],[107.92945,15.82799],[107.92931,15.82793],[107.92877,15.82785],[107.92647,15.8277],[107.92574,15.82763],[107.92546,15.82758],[107.92522,15.82752],[107.92413,15.82715],[107.92374,15.82699],[107.92158,15.82594],[107.92115,15.82577],[107.92102,15.82573],[107.92098,15.82573],[107.9208,15.8257],[107.92005,15.82565],[107.91953,15.82556],[107.91852,15.82527],[107.91833,15.8252],[107.91781,15.82491],[107.91746,15.82469],[107.91647,15.82385],[107.91619,15.82366],[107.91589,15.82348],[107.9154,15.82323],[107.91471,15.82294],[107.91238,15.82185],[107.91163,15.82147],[107.91069,15.82091],[107.91016,15.82057],[107.90924,15.82003],[107.90902,15.81987],[107.90886,15.8197],[107.90871,15.81948],[107.9085,15.81913],[107.90801,15.81821],[107.90801,15.8182],[107.90773,15.8175],[107.90762,15.81715],[107.90734,15.81653],[107.90709,15.8161],[107.90702,15.81604],[107.90701,15.81602],[107.90685,15.81595],[107.90622,15.81585],[107.90613,15.81582],[107.90601,15.81575],[107.90588,15.81561],[107.90587,15.81557],[107.90583,15.81549],[107.90579,15.81535],[107.90579,15.81505],[107.90582,15.81455],[107.90581,15.8145],[107.90581,15.81448],[107.90578,15.81441],[107.90573,15.81432],[107.90563,15.81421],[107.90516,15.81391],[107.90515,15.81391],[107.90506,15.81382],[107.90503,15.81377],[107.90502,15.81377],[107.905,15.81371],[107.90498,15.8135],[107.90499,15.81342],[107.905,15.8134],[107.90502,15.81324],[107.90505,15.81313],[107.90507,15.81288],[107.90505,15.81277],[107.905,15.81262],[107.90494,15.81254],[107.90483,15.81245],[107.90467,15.81236],[107.90445,15.81227],[107.90429,15.81219],[107.90416,15.81208],[107.90405,15.81194],[107.90393,15.81165],[107.90384,15.81147],[107.90379,15.81139],[107.90369,15.81128],[107.90361,15.81123],[107.90349,15.81118],[107.90127,15.81045],[107.90111,15.81038],[107.90102,15.81031],[107.90094,15.81022],[107.90088,15.8101],[107.9005,15.80947],[107.90043,15.80937],[107.90034,15.80928],[107.89885,15.80832],[107.89858,15.80816],[107.89836,15.80806],[107.89835,15.80806],[107.89685,15.80747],[107.89651,15.80737],[107.8964,15.80736],[107.89633,15.80737],[107.8963,15.80737],[107.89626,15.80738],[107.89625,15.80738],[107.89615,15.80742],[107.89606,15.80747],[107.89598,15.80756],[107.89595,15.80758],[107.89593,15.80761],[107.89586,15.80775],[107.89569,15.80802],[107.89566,15.80804],[107.89563,15.80808],[107.89556,15.80815],[107.8953,15.80832],[107.89518,15.80836],[107.89502,15.80839],[107.89489,15.80839],[107.89464,15.80835],[107.8945,15.80829],[107.89441,15.80823],[107.89435,15.80818],[107.89419,15.80798],[107.89413,15.80787],[107.89397,15.80763],[107.89384,15.80741],[107.89382,15.80739],[107.89373,15.80724],[107.89363,15.80711],[107.89358,15.80707],[107.89353,15.80702],[107.89337,15.8069],[107.89334,15.80689],[107.8933,15.80686],[107.89317,15.80681],[107.89317,15.8068],[107.8927,15.80662],[107.89216,15.80634],[107.89215,15.80634],[107.89185,15.80614],[107.89159,15.80593],[107.89137,15.80572],[107.89056,15.80473],[107.89049,15.80467],[107.89036,15.80454],[107.89023,15.80446],[107.88879,15.8037],[107.8875,15.80295],[107.88734,15.80287],[107.88733,15.80287],[107.8871,15.80276],[107.88665,15.80259],[107.88664,15.80259],[107.88647,15.80253],[107.88629,15.80248],[107.88616,15.80247],[107.88607,15.80248],[107.88599,15.80251],[107.88583,15.80259],[107.88483,15.80331],[107.88472,15.8034],[107.88466,15.80344],[107.88456,15.80349],[107.88438,15.8036],[107.88419,15.80365],[107.88399,15.80365],[107.88387,15.80362],[107.88378,15.80358],[107.88359,15.80341],[107.88347,15.80322],[107.88342,15.80305],[107.88343,15.80284],[107.88346,15.80269],[107.88348,15.80263],[107.88368,15.80228],[107.88393,15.80192],[107.88406,15.80169],[107.88412,15.8016],[107.88417,15.80148],[107.88419,15.80138],[107.8842,15.80127],[107.8842,15.80118],[107.88419,15.80109],[107.88418,15.80108],[107.88413,15.80094],[107.88411,15.80092],[107.88408,15.80087],[107.88404,15.80083],[107.88389,15.80073],[107.88299,15.8003],[107.88285,15.80025],[107.88273,15.80023],[107.88266,15.80023],[107.88256,15.80026],[107.88234,15.80036],[107.88198,15.80062],[107.88197,15.80064],[107.88188,15.80068],[107.88181,15.80069],[107.88179,15.8007],[107.88166,15.80072],[107.88152,15.80072],[107.88138,15.80069],[107.88124,15.80061],[107.88112,15.80052],[107.88089,15.80029],[107.88087,15.80025],[107.8808,15.80015],[107.88075,15.80006],[107.88072,15.79993],[107.88072,15.79991],[107.88062,15.79939],[107.88054,15.79922],[107.88046,15.79912],[107.88042,15.7991],[107.88038,15.79907],[107.88017,15.79899],[107.87914,15.79882],[107.87896,15.79876],[107.87883,15.7987],[107.87874,15.79861],[107.87863,15.79847],[107.87854,15.79832],[107.87837,15.79798],[107.87826,15.79784],[107.87809,15.79768],[107.87805,15.79766],[107.87784,15.7975],[107.87771,15.79742],[107.87749,15.79732],[107.87723,15.79722],[107.87708,15.79718],[107.87666,15.79704],[107.87643,15.79692],[107.87638,15.79688],[107.87632,15.79682],[107.87601,15.79646],[107.87587,15.79634],[107.87574,15.79621],[107.8756,15.79609],[107.87457,15.7951],[107.87443,15.79494],[107.87418,15.79456],[107.87416,15.79454],[107.87402,15.79433],[107.87394,15.79425],[107.87386,15.79421],[107.87377,15.79419],[107.87368,15.79419],[107.87351,15.79421],[107.87337,15.79424],[107.87214,15.79459],[107.87196,15.79463],[107.87189,15.79463],[107.87171,15.79459],[107.87161,15.79454],[107.87151,15.79446],[107.87039,15.79311],[107.8702,15.79292],[107.86945,15.7924],[107.86926,15.79224],[107.86914,15.7921],[107.86901,15.79191],[107.86884,15.79174],[107.86872,15.79166],[107.86855,15.79158],[107.86844,15.79156],[107.86834,15.79153],[107.86814,15.79152],[107.86799,15.7915],[107.86789,15.79147],[107.86788,15.79147],[107.8678,15.79144],[107.86769,15.79136],[107.8676,15.79125],[107.86755,15.79116],[107.86752,15.79109],[107.86752,15.79107],[107.86741,15.79075],[107.86741,15.79074],[107.86733,15.79059],[107.86732,15.79058],[107.86728,15.79052],[107.86722,15.79046],[107.86703,15.7903],[107.8668,15.79016],[107.86652,15.78995],[107.86638,15.78981],[107.86598,15.78923],[107.8655,15.78842],[107.86549,15.78838],[107.86545,15.78828],[107.86537,15.78796],[107.86536,15.78785],[107.86539,15.78702],[107.86537,15.78685],[107.86535,15.78679],[107.86528,15.78668],[107.86521,15.78659],[107.86515,15.78653],[107.86506,15.78647],[107.86485,15.78638],[107.86442,15.78615],[107.86429,15.78609],[107.86415,15.78599],[107.864,15.78584],[107.8638,15.78561],[107.86327,15.78505],[107.86279,15.78461],[107.86255,15.78437],[107.86238,15.78418],[107.86237,15.78416],[107.86205,15.7837],[107.86189,15.78357],[107.86184,15.78354],[107.86176,15.78351],[107.86168,15.7835],[107.86151,15.7835],[107.86139,15.78353],[107.86132,15.78358],[107.86114,15.78368],[107.86084,15.7839],[107.86077,15.78394],[107.86062,15.78405],[107.86037,15.78418],[107.86015,15.78424],[107.8601,15.78424],[107.86,15.78426],[107.8594,15.78419],[107.85936,15.78418],[107.85892,15.78412],[107.85789,15.78394],[107.85739,15.78387],[107.85733,15.78385],[107.85707,15.78381],[107.85698,15.78378],[107.85685,15.78371],[107.85677,15.78368],[107.85666,15.78358],[107.85655,15.78343],[107.85632,15.78315],[107.85631,15.78315],[107.8562,15.783],[107.85589,15.78263],[107.85541,15.7821],[107.85438,15.7812],[107.85359,15.78055],[107.85349,15.78044],[107.85343,15.78034],[107.85337,15.78026],[107.85329,15.7801],[107.85327,15.78002],[107.85317,15.77975],[107.85314,15.77958],[107.85313,15.77932],[107.85319,15.77855],[107.85318,15.7784],[107.85315,15.77826],[107.85306,15.7781],[107.85293,15.77794],[107.8527,15.77771],[107.85261,15.77764],[107.85248,15.77757],[107.85229,15.7775],[107.85214,15.77746],[107.85186,15.77743],[107.85137,15.77744],[107.85121,15.77746],[107.85107,15.77746],[107.85051,15.77751],[107.85032,15.77755],[107.85013,15.77762],[107.8499,15.77774],[107.84956,15.77797],[107.84924,15.77815],[107.84898,15.77825],[107.8488,15.77828],[107.84858,15.77826],[107.8484,15.77822],[107.84816,15.77814],[107.84783,15.77799],[107.84762,15.77788],[107.84753,15.77782],[107.8474,15.77769],[107.84733,15.77759],[107.84728,15.77748],[107.84727,15.77742],[107.84728,15.77736],[107.84728,15.77722],[107.8474,15.77611],[107.84741,15.77606],[107.84743,15.77576],[107.84743,15.77554],[107.8474,15.77537],[107.84736,15.77522],[107.84735,15.7752],[107.84726,15.77482],[107.84726,15.77451],[107.84727,15.77451],[107.84734,15.77393],[107.84733,15.77381],[107.8473,15.77371],[107.84723,15.77358],[107.84706,15.77332],[107.84695,15.77319],[107.8468,15.77308],[107.84679,15.77308],[107.84672,15.77304],[107.84659,15.77302],[107.84646,15.77302],[107.84627,15.77307],[107.84625,15.77308],[107.84598,15.77316],[107.84584,15.77319],[107.84566,15.77318],[107.84519,15.77312],[107.84478,15.77305],[107.8446,15.77303],[107.84452,15.77301],[107.84441,15.773],[107.84386,15.77291],[107.84352,15.77288],[107.84337,15.77288],[107.8433,15.7729],[107.84311,15.77293],[107.8428,15.773],[107.8425,15.7731],[107.84234,15.77319],[107.84158,15.7737],[107.84128,15.7738],[107.84111,15.77382],[107.84107,15.77382],[107.84081,15.77377],[107.84065,15.77371],[107.84021,15.77344],[107.84011,15.77337],[107.84,15.77325],[107.83989,15.77307],[107.83981,15.77289],[107.83975,15.7726],[107.83968,15.77216],[107.83963,15.77204],[107.83952,15.77189],[107.83947,15.77184],[107.83924,15.77172],[107.83894,15.77161],[107.8389,15.77159],[107.83874,15.77157],[107.83871,15.77158],[107.83865,15.77158],[107.83837,15.77167],[107.83824,15.77173],[107.83808,15.77178],[107.83792,15.77181],[107.8379,15.77181],[107.83787,15.77182],[107.83781,15.77182],[107.8376,15.77176],[107.83755,15.77173],[107.8375,15.77169],[107.83744,15.77162],[107.83734,15.77141],[107.83722,15.77112],[107.83684,15.77041],[107.83676,15.7703],[107.83673,15.77027],[107.83634,15.76971],[107.83626,15.76952],[107.83624,15.76943],[107.83627,15.76926],[107.8363,15.76917],[107.83642,15.76893],[107.83672,15.76844],[107.8368,15.76834],[107.83683,15.76827],[107.83683,15.76824],[107.83684,15.76819],[107.83684,15.7681],[107.83681,15.76795],[107.83668,15.76756],[107.83667,15.76754],[107.83654,15.76713],[107.83647,15.76698],[107.83635,15.7668],[107.83627,15.76674],[107.83625,15.76672],[107.83619,15.76668],[107.83611,15.76665],[107.83593,15.76662],[107.83585,15.76663],[107.83566,15.7667],[107.83541,15.76683],[107.8354,15.76683],[107.83472,15.76723],[107.83454,15.76739],[107.83425,15.76771],[107.83401,15.768],[107.83391,15.76818],[107.83385,15.7685],[107.83384,15.76866],[107.83377,15.76886],[107.83371,15.76895],[107.83362,15.76904],[107.83354,15.76909],[107.83345,15.76912],[107.83335,15.76914],[107.83325,15.76915],[107.83316,15.76914],[107.83298,15.76908],[107.83295,15.76906],[107.83281,15.76899],[107.8328,15.76898],[107.83266,15.76889],[107.83251,15.76876],[107.83208,15.76819],[107.83175,15.76781],[107.83152,15.76761],[107.83132,15.76739],[107.83132,15.76738],[107.83125,15.76731],[107.83112,15.7671],[107.83112,15.76708],[107.83068,15.76628],[107.83067,15.76627],[107.83065,15.76626],[107.83064,15.76624],[107.83056,15.76614],[107.83019,15.76547]]},"properties":{"name":"QL14B","visibility":false,"styleUrl":"#line-1267FF-5000-nodesc3","stroke-opacity":1,"stroke":"#ff00ff","stroke-width":10}},{"type":"Feature","geometry":{"type":"LineString","coordinates":[[108.4342972688259,15.76487434336193],[108.4335297857363,15.76443925358822],[108.43144,15.76318],[108.42977,15.76222],[108.42693,15.7608],[108.42659,15.7606],[108.42631,15.76041],[108.42619,15.76031],[108.42559,15.75988],[108.42488,15.75933],[108.42486,15.75931],[108.4244,15.75897],[108.42426,15.75888],[108.42167,15.75691],[108.42106,15.75634],[108.42105,15.75634],[108.41986,15.75521],[108.41944,15.75473],[108.41891,15.75427],[108.41888,15.75423],[108.41827,15.75375],[108.41817,15.75366],[108.41563,15.75183],[108.41562,15.75183],[108.41398,15.75065],[108.41396,15.75063],[108.41303,15.74996],[108.41251,15.74955],[108.41124,15.74863],[108.40983,15.74766],[108.40899,15.747],[108.40631,15.74508],[108.40517,15.74422],[108.40409,15.74348],[108.40383,15.74327],[108.40188,15.74186],[108.40146,15.74158],[108.40017,15.74061],[108.39933,15.74002],[108.39901,15.73982],[108.39877,15.73964],[108.39875,15.73963],[108.39829,15.73925],[108.39633,15.73797],[108.39617,15.73788],[108.39613,15.73785],[108.39564,15.73756],[108.39563,15.73755],[108.39547,15.73745],[108.39514,15.7372],[108.39492,15.73707],[108.39476,15.737],[108.39449,15.73686],[108.39401,15.73658],[108.39391,15.73651],[108.39192,15.73533],[108.38969,15.7341],[108.38927,15.73389],[108.38526,15.73172],[108.38511,15.73166],[108.38493,15.73156],[108.38481,15.73151],[108.38097,15.72944],[108.38086,15.72939],[108.37451,15.726],[108.37394,15.72566],[108.37389,15.72565],[108.37388,15.72564],[108.37372,15.72559],[108.37332,15.72536],[108.37331,15.72535],[108.37277,15.72505],[108.37198,15.72473],[108.37157,15.72454],[108.37026,15.72401],[108.36977,15.72379],[108.36835,15.72321],[108.36827,15.72319],[108.36705,15.72265],[108.36685,15.72258],[108.36544,15.72194],[108.36517,15.72185],[108.365,15.72175],[108.36424,15.72148],[108.36348,15.72132],[108.36333,15.72123],[108.36269,15.72105],[108.36252,15.72099],[108.36003,15.72035],[108.35818,15.71979],[108.35527,15.71898],[108.3545,15.71873],[108.35443,15.71872],[108.35129,15.71783],[108.3507,15.71769],[108.34491,15.7169],[108.34391,15.71679],[108.34349,15.71672],[108.34309,15.71663],[108.34264,15.71646],[108.34231,15.71631],[108.3419,15.716],[108.34188,15.71598],[108.34186,15.71597],[108.34184,15.71595],[108.34181,15.71593],[108.34133,15.71513],[108.34095,15.71444],[108.34069,15.71408],[108.33852,15.71143],[108.33788,15.71057],[108.3378,15.71049],[108.33633,15.70932],[108.33627,15.70928],[108.33613,15.70915],[108.33593,15.709],[108.3358,15.70892],[108.33557,15.7088],[108.3339,15.70805],[108.33345,15.70788],[108.33338,15.70786],[108.33315,15.70776],[108.3329,15.70768],[108.33209,15.70735],[108.33153,15.70708],[108.33149,15.70705],[108.33118,15.70691],[108.32625,15.70445],[108.32588,15.70422],[108.32586,15.7042],[108.32575,15.70412],[108.32553,15.70389],[108.32549,15.70386],[108.32446,15.70288],[108.32436,15.70274],[108.3243,15.70264],[108.32366,15.70136],[108.32342,15.70082],[108.32304,15.70007],[108.32288,15.69969],[108.32277,15.69949],[108.32239,15.6987],[108.32197,15.69809],[108.32145,15.69747],[108.3212,15.69714],[108.32112,15.69701],[108.32106,15.69689],[108.32027,15.69436],[108.31969,15.69225],[108.31964,15.69213],[108.31951,15.69189],[108.3195,15.69186],[108.31819,15.69038],[108.31665,15.68895],[108.31612,15.68849],[108.31579,15.68817],[108.31543,15.68786],[108.3148,15.68727],[108.31443,15.68687],[108.31439,15.68684],[108.31375,15.68619],[108.31363,15.68605],[108.31362,15.68605],[108.31355,15.68594],[108.31344,15.68572],[108.31342,15.68566],[108.31337,15.68555],[108.31327,15.68528],[108.31293,15.68448],[108.3124,15.68296],[108.31225,15.68263],[108.31131,15.68085],[108.3112,15.68068],[108.31104,15.68048],[108.30926,15.67844],[108.30913,15.67833],[108.30892,15.6782],[108.30808,15.67784],[108.30736,15.67756],[108.3072,15.67751],[108.30691,15.67745],[108.30402,15.67728],[108.3038,15.67725],[108.30079,15.67631],[108.30045,15.67615],[108.30036,15.67609],[108.30021,15.67597],[108.2995,15.67528],[108.29933,15.67509],[108.29903,15.67479],[108.29828,15.67412],[108.29714,15.67329],[108.29695,15.67313],[108.29516,15.6711],[108.29495,15.67088],[108.29336,15.66907],[108.29312,15.66882],[108.29218,15.66776],[108.29208,15.66761],[108.29208,15.6676],[108.29205,15.66755],[108.292,15.66744],[108.292,15.66742],[108.29199,15.66741],[108.29155,15.66602],[108.29143,15.66571],[108.29137,15.66562],[108.29135,15.66558],[108.29124,15.66544],[108.29098,15.66523],[108.28667,15.66221],[108.28607,15.66182],[108.28604,15.66181],[108.28373,15.66019],[108.28299,15.65972],[108.27982,15.6579],[108.27859,15.65713],[108.27779,15.65652],[108.27768,15.65634],[108.27758,15.65626],[108.2774,15.65614],[108.27692,15.65575],[108.27684,15.6557],[108.276,15.65502],[108.27559,15.65473],[108.27458,15.65392],[108.27439,15.65375],[108.27357,15.65312],[108.27301,15.65264],[108.27281,15.65258],[108.2725,15.65232],[108.27215,15.65206],[108.27201,15.65198],[108.27182,15.6519],[108.27167,15.65186],[108.27102,15.65175],[108.27099,15.65174],[108.26637,15.6509],[108.26607,15.65077],[108.26579,15.65061],[108.26269,15.64778],[108.26268,15.64778],[108.26244,15.64757],[108.26208,15.64733],[108.26144,15.64696],[108.26143,15.64695],[108.26111,15.64676],[108.26109,15.64674],[108.26087,15.64661],[108.25901,15.64527],[108.25836,15.64477],[108.25833,15.64474],[108.25736,15.64396],[108.25633,15.64323],[108.25475,15.64202],[108.25456,15.64186],[108.2543,15.64161],[108.25406,15.64133],[108.25362,15.64074],[108.25352,15.64063],[108.25285,15.63974],[108.25268,15.63949],[108.25205,15.63871],[108.25189,15.63856],[108.25174,15.63846],[108.2514,15.6382],[108.2497,15.63653],[108.24941,15.63633],[108.24932,15.63628],[108.24918,15.63622],[108.24767,15.63567],[108.24719,15.63556],[108.24716,15.63556],[108.24531,15.63532],[108.24461,15.6352],[108.24406,15.63505],[108.24402,15.63503],[108.24399,15.63503],[108.24353,15.63491],[108.24086,15.63409],[108.23953,15.63395],[108.2394,15.63391],[108.23904,15.6337],[108.23888,15.63359],[108.23844,15.63333],[108.23679,15.63224],[108.23654,15.6321],[108.23607,15.63198],[108.23595,15.63196],[108.23549,15.63193],[108.23424,15.63174],[108.2341,15.6317],[108.23281,15.63119],[108.23256,15.63104],[108.23244,15.63093],[108.23238,15.63084],[108.2323,15.63074],[108.2322,15.63059],[108.23211,15.63043],[108.23178,15.62992],[108.23167,15.62978],[108.23156,15.62966],[108.23156,15.62965],[108.23093,15.62897],[108.23086,15.62891],[108.23077,15.62885],[108.23065,15.62879],[108.2295,15.6283],[108.2294,15.62827],[108.22895,15.62808],[108.22885,15.62802],[108.22878,15.62795],[108.22867,15.62776],[108.2285,15.62729],[108.22848,15.62718],[108.22847,15.62715],[108.22843,15.6262],[108.22838,15.62586],[108.22835,15.62573],[108.2282,15.62452],[108.2282,15.62448],[108.22819,15.62447],[108.22809,15.62351],[108.22776,15.62148],[108.22773,15.62138],[108.22692,15.61969],[108.22685,15.6196],[108.22643,15.61917],[108.22616,15.61892],[108.22612,15.61887],[108.22572,15.61854],[108.22541,15.61831],[108.22525,15.61821],[108.22484,15.61806],[108.22425,15.61795],[108.22366,15.61789],[108.2231,15.61786],[108.22248,15.61787],[108.22219,15.61785],[108.22199,15.6178],[108.2212,15.61766],[108.22116,15.61766],[108.22092,15.61763],[108.22056,15.61755],[108.22036,15.61748],[108.22019,15.61739],[108.22003,15.61733],[108.21987,15.61723],[108.21978,15.61715],[108.21837,15.61608],[108.21807,15.61599],[108.21768,15.61592],[108.21673,15.6157],[108.21431,15.61531],[108.21138,15.61476],[108.21118,15.6147],[108.21011,15.61428],[108.20974,15.61416],[108.20806,15.61379],[108.20789,15.61377],[108.20767,15.61376],[108.20758,15.61378],[108.2073,15.6138],[108.20728,15.61381],[108.20704,15.61384],[108.20692,15.61388],[108.20611,15.61405],[108.20552,15.6142],[108.20491,15.61433],[108.20472,15.61435],[108.20427,15.61436],[108.20364,15.61432],[108.20322,15.61426],[108.20232,15.61405],[108.20196,15.6139],[108.2016,15.61377],[108.20135,15.61372],[108.19649,15.6121],[108.19368,15.6111],[108.19329,15.61099],[108.19079,15.61015],[108.19078,15.61014],[108.19076,15.61014],[108.18936,15.60965],[108.18767,15.60901],[108.18753,15.60897],[108.18744,15.60893],[108.18663,15.60864],[108.18468,15.60786],[108.18269,15.60715],[108.18236,15.60706],[108.1821,15.60703],[108.1818,15.60704],[108.18144,15.60709],[108.17769,15.60778],[108.17715,15.60784],[108.17711,15.60785],[108.17702,15.60785],[108.17692,15.60786],[108.17679,15.60786],[108.17657,15.60784],[108.1763,15.60777],[108.17599,15.60765],[108.17534,15.60722],[108.17528,15.60717],[108.17439,15.6066],[108.17267,15.60558],[108.17234,15.60536],[108.17164,15.60495],[108.17143,15.60481],[108.17142,15.60481],[108.17127,15.60473],[108.17121,15.60471],[108.17101,15.60467],[108.17066,15.60465],[108.17026,15.6046],[108.16937,15.60429],[108.16934,15.60429],[108.16917,15.60422],[108.16866,15.60405],[108.16864,15.60405],[108.16617,15.60318],[108.166,15.60311],[108.16548,15.60293],[108.16547,15.60292],[108.16224,15.60179],[108.16205,15.60175],[108.16151,15.60167],[108.16144,15.60167],[108.15967,15.60145],[108.15876,15.60129],[108.15735,15.60109],[108.15661,15.60084],[108.15645,15.60077],[108.1552,15.60039],[108.15407,15.60001],[108.15295,15.59948],[108.15289,15.59946],[108.15258,15.59931],[108.15243,15.59922],[108.15228,15.59911],[108.15217,15.59898],[108.15216,15.59896],[108.15208,15.59887],[108.15207,15.59884],[108.15204,15.59882],[108.15188,15.5986],[108.15176,15.59847],[108.15156,15.59836],[108.15139,15.59831],[108.14673,15.59768],[108.14669,15.59767],[108.14667,15.59766],[108.14634,15.59758],[108.14588,15.59742],[108.14582,15.59739],[108.14552,15.5973],[108.14549,15.59728],[108.14547,15.59728],[108.14426,15.59692],[108.14422,15.5969],[108.14418,15.59689],[108.14405,15.59682],[108.14271,15.59581],[108.14209,15.59538],[108.1414,15.59494],[108.14059,15.59451],[108.14046,15.59443],[108.13689,15.59249],[108.13575,15.59193],[108.13559,15.59187],[108.13431,15.5913],[108.1343,15.5913],[108.13383,15.59102],[108.13325,15.59063],[108.13116,15.58964],[108.13115,15.58963],[108.13082,15.58949],[108.13081,15.58948],[108.1308,15.58948],[108.12989,15.58907],[108.12952,15.58886],[108.12891,15.58845],[108.1289,15.58845],[108.12798,15.58784],[108.12797,15.58783],[108.12721,15.58734],[108.12719,15.58732],[108.12521,15.58599],[108.12518,15.58598],[108.12495,15.58583],[108.12408,15.58512],[108.12369,15.58488],[108.12352,15.58484],[108.12329,15.58487],[108.12284,15.58485],[108.12193,15.58485],[108.12139,15.58481],[108.12119,15.58476],[108.1208,15.58462],[108.12079,15.58462],[108.11962,15.5839],[108.11868,15.58336],[108.11722,15.58244],[108.11707,15.58238],[108.11706,15.58238],[108.1169,15.58234],[108.1167,15.58232],[108.11295,15.58277],[108.11277,15.58277],[108.11275,15.58276],[108.11271,15.58276],[108.11259,15.58274],[108.11256,15.58274],[108.11244,15.58272],[108.11228,15.58268],[108.10983,15.5823],[108.10944,15.58222],[108.10812,15.58204],[108.10603,15.58165],[108.106,15.58164],[108.106,15.58159],[108.10599,15.58155],[108.106,15.58143],[108.10626,15.5803],[108.10627,15.58023],[108.10627,15.58015],[108.10623,15.57998],[108.10621,15.57995],[108.10579,15.57956],[108.10543,15.57926],[108.10537,15.57922],[108.10351,15.57775],[108.10331,15.57762],[108.10327,15.5776],[108.10323,15.57757],[108.10304,15.57746],[108.10277,15.57736],[108.10258,15.57733],[108.1025,15.57731],[108.10215,15.57728],[108.10195,15.57728],[108.1015,15.57724],[108.10107,15.57711],[108.10087,15.57702],[108.10069,15.57692],[108.10051,15.5768],[108.1005,15.57678],[108.10035,15.57663],[108.09992,15.57615],[108.09908,15.57514],[108.09815,15.5741],[108.0971,15.57302],[108.09684,15.57272],[108.09629,15.57214],[108.09611,15.57193],[108.09609,15.57192],[108.09597,15.57178],[108.09585,15.57166],[108.09573,15.57152],[108.09532,15.57116],[108.09518,15.57106],[108.09515,15.57105],[108.09442,15.57049],[108.0944,15.57048],[108.09434,15.57042],[108.09431,15.5704],[108.09414,15.57025],[108.09411,15.57023],[108.09403,15.57013],[108.09398,15.57005],[108.0939,15.56995],[108.09373,15.56962],[108.09361,15.56931],[108.09314,15.56839],[108.09283,15.5679],[108.0927,15.56773],[108.09174,15.56673],[108.09075,15.56584],[108.09045,15.5655],[108.08988,15.56474],[108.08961,15.56441],[108.08839,15.56312],[108.0863,15.5607],[108.08578,15.56015],[108.08531,15.55972],[108.08479,15.55931],[108.0845,15.55915],[108.08425,15.55905],[108.08385,15.55894],[108.0836,15.55891],[108.08356,15.5589],[108.08345,15.55889],[108.08332,15.55889],[108.08193,15.55907],[108.07993,15.55928],[108.07935,15.5594],[108.07828,15.55972],[108.07827,15.55972],[108.07801,15.5598],[108.07775,15.55996],[108.07739,15.56024],[108.07707,15.56039],[108.0768,15.56045],[108.0768,15.56046],[108.07678,15.56046],[108.07592,15.56063],[108.07565,15.56073],[108.07488,15.56119],[108.07471,15.56124],[108.07448,15.56124],[108.07322,15.56118],[108.07234,15.56118],[108.0715,15.56123],[108.07136,15.56121],[108.07125,15.56115],[108.07115,15.56106],[108.07108,15.56094],[108.07105,15.56084],[108.07101,15.56059],[108.07099,15.56005],[108.07096,15.55995],[108.07096,15.55994],[108.07093,15.55989],[108.07092,15.55986],[108.07087,15.55979],[108.07077,15.55969],[108.07068,15.55963],[108.07067,15.55963],[108.07057,15.55959],[108.0705,15.55958],[108.07047,15.55957],[108.07038,15.55956],[108.07036,15.55955],[108.0702,15.55954],[108.07018,15.55953],[108.07005,15.55953],[108.0698,15.5595],[108.06976,15.5595],[108.06948,15.55946],[108.06946,15.55945],[108.06937,15.55943],[108.06923,15.55938],[108.06922,15.55937],[108.06907,15.55927],[108.06892,15.55915],[108.06888,15.55913],[108.06811,15.55853],[108.06742,15.55806],[108.06731,15.558],[108.06691,15.55773],[108.06675,15.55764],[108.06653,15.55755],[108.06644,15.55753],[108.0663,15.55747],[108.06617,15.55744],[108.06592,15.55734],[108.06568,15.55719],[108.06567,15.55718],[108.06537,15.55698],[108.06509,15.55682],[108.06498,15.55677],[108.06492,15.55673],[108.06489,15.55672],[108.06473,15.55662],[108.06461,15.55653],[108.06461,15.55652],[108.06455,15.55646],[108.06452,15.5564],[108.06446,15.55631],[108.06412,15.55569],[108.06403,15.5556],[108.06386,15.5555],[108.06385,15.55549],[108.06366,15.55541],[108.06331,15.5553],[108.06299,15.55518],[108.06298,15.55517],[108.06235,15.55494],[108.06229,15.55491],[108.06147,15.5546],[108.06094,15.55434],[108.06092,15.55432],[108.06081,15.55427],[108.06059,15.55415],[108.06043,15.55404],[108.06025,15.55388],[108.06012,15.55374],[108.0597,15.55321],[108.05942,15.55296],[108.05918,15.55281],[108.05885,15.55266],[108.05869,15.55261],[108.05869,15.5526],[108.0585,15.55257],[108.05817,15.55256],[108.0581,15.55257],[108.05735,15.55261],[108.05717,15.55263],[108.05699,15.55268],[108.05682,15.55275],[108.05668,15.55282],[108.05665,15.55283],[108.05654,15.55289],[108.05615,15.55307],[108.05609,15.55311],[108.05575,15.55323],[108.05563,15.55325],[108.0554,15.55327],[108.05507,15.55326],[108.05477,15.55323],[108.05415,15.55313],[108.05347,15.55298],[108.0534,15.55295],[108.05326,15.55286],[108.05313,15.55272],[108.05289,15.55239],[108.05259,15.55193],[108.05259,15.55191],[108.05249,15.55178],[108.05235,15.55156],[108.05168,15.55036],[108.05158,15.55021],[108.0515,15.55006],[108.05149,15.55005],[108.05131,15.54971],[108.05102,15.54927],[108.05069,15.54887],[108.05038,15.54862],[108.04915,15.54735],[108.04904,15.54722],[108.04884,15.54703],[108.04861,15.54674],[108.04846,15.5465],[108.04834,15.54626],[108.04804,15.54578],[108.04704,15.54446],[108.04674,15.54403],[108.04673,15.54401],[108.04655,15.54379],[108.04641,15.54365],[108.04623,15.54351],[108.04544,15.54308],[108.04521,15.54297],[108.0449,15.54271],[108.04482,15.54262],[108.04474,15.54251],[108.04465,15.54236],[108.04426,15.54162],[108.04415,15.54146],[108.04397,15.54127],[108.04382,15.54118],[108.04372,15.54114],[108.04293,15.54076],[108.04276,15.5407],[108.0426,15.54067],[108.04246,15.54067],[108.0423,15.54069],[108.04206,15.54074],[108.04165,15.54086],[108.04158,15.54087],[108.04151,15.54089],[108.04142,15.54093],[108.04131,15.54096],[108.04117,15.54096],[108.0411,15.54094],[108.04094,15.54087],[108.04028,15.5404],[108.04009,15.54031],[108.03995,15.54026],[108.03981,15.54024],[108.03928,15.54026],[108.03878,15.54031],[108.03847,15.54031],[108.03843,15.5403],[108.03835,15.5403],[108.03825,15.54028],[108.03818,15.54028],[108.03729,15.54019],[108.03714,15.54019],[108.03709,15.5402],[108.03696,15.54021],[108.03663,15.5403],[108.03589,15.5407],[108.03562,15.54076],[108.03548,15.54076],[108.0354,15.54075],[108.03537,15.54074],[108.03521,15.54071],[108.03518,15.54071],[108.03514,15.54069],[108.03432,15.54046],[108.0343,15.54045],[108.03402,15.54036],[108.03398,15.54032],[108.03393,15.54029],[108.03382,15.54016],[108.0337,15.53997],[108.03352,15.53974],[108.03332,15.53945],[108.03331,15.53942],[108.03321,15.53923],[108.0332,15.53922],[108.03318,15.53912],[108.03311,15.5389],[108.03308,15.53873],[108.03301,15.53858],[108.03273,15.53818],[108.03263,15.53806],[108.03223,15.53751],[108.03215,15.53744],[108.03208,15.53739],[108.03197,15.53735],[108.03192,15.53735],[108.03178,15.53737],[108.03167,15.53744],[108.03157,15.53752],[108.03107,15.53787],[108.03102,15.53789],[108.03088,15.53797],[108.03075,15.53802],[108.03068,15.53803],[108.03061,15.53805],[108.03049,15.53807],[108.03032,15.53812],[108.03015,15.5382],[108.03004,15.5383],[108.03002,15.53833],[108.02995,15.5384],[108.0299,15.53847],[108.02986,15.53854],[108.0298,15.53862],[108.02972,15.53875],[108.0297,15.53877],[108.02953,15.53909],[108.02943,15.53924],[108.02937,15.53935],[108.02933,15.53939],[108.02922,15.53953],[108.02912,15.5396],[108.02899,15.53964],[108.02832,15.53974],[108.02807,15.53983],[108.02777,15.53998],[108.02633,15.5406],[108.0261,15.54063],[108.0259,15.54064],[108.02565,15.54063],[108.02539,15.5406],[108.02493,15.5405],[108.02491,15.5405],[108.02469,15.54043],[108.02437,15.54027],[108.02422,15.54013],[108.02407,15.54001],[108.02394,15.53984],[108.02354,15.53925],[108.0233,15.53886],[108.02312,15.5387],[108.02298,15.53861],[108.02281,15.53854],[108.0227,15.53852],[108.02259,15.53851],[108.02248,15.53854],[108.02063,15.53948],[108.02033,15.5396],[108.02019,15.53964],[108.02017,15.53965],[108.02008,15.53966],[108.01997,15.53969],[108.01992,15.53968],[108.01981,15.53968],[108.01966,15.53965],[108.01954,15.53961],[108.01945,15.53957],[108.01933,15.53953],[108.01911,15.5394],[108.01893,15.53927],[108.01873,15.53909],[108.01857,15.53897],[108.01842,15.53888],[108.01824,15.53881],[108.01811,15.53879],[108.0181,15.53878],[108.01701,15.53865],[108.01699,15.53864],[108.01669,15.53859],[108.0165,15.5386],[108.01636,15.53862],[108.01606,15.53874],[108.01585,15.53884],[108.01506,15.53914],[108.0148,15.53917],[108.01468,15.53916],[108.014,15.53898],[108.01397,15.53898],[108.01389,15.53895],[108.01384,15.53896],[108.01382,15.53896],[108.01377,15.53895],[108.01352,15.53887],[108.01351,15.53888],[108.0135,15.53888],[108.01349,15.53889],[108.01348,15.53889],[108.01347,15.5389],[108.01345,15.5389],[108.01344,15.53891],[108.01339,15.53891],[108.01337,15.5389],[108.01335,15.5389],[108.01334,15.53889],[108.01333,15.53889],[108.01328,15.53884],[108.01328,15.53883],[108.01327,15.53883],[108.01326,15.53882],[108.01326,15.5388],[108.01325,15.53879],[108.01325,15.53874],[108.01327,15.53869],[108.01329,15.53866],[108.01331,15.53864],[108.01334,15.53862],[108.01337,15.53861],[108.01345,15.53838],[108.01347,15.53835],[108.01349,15.53833],[108.01351,15.53833],[108.0136,15.53798],[108.01366,15.5378],[108.01381,15.53747],[108.01382,15.53746],[108.01393,15.53727],[108.014,15.53717],[108.014,15.53716],[108.01406,15.53706],[108.01414,15.53686],[108.01422,15.53659],[108.01437,15.5356],[108.0144,15.5355],[108.0144,15.53533],[108.01439,15.53528],[108.01437,15.53523],[108.01437,15.53522],[108.01428,15.53506],[108.01426,15.53504],[108.0142,15.53491],[108.0142,15.5349],[108.01413,15.53477],[108.01399,15.5344],[108.01393,15.5343],[108.01391,15.53424],[108.01386,15.53416],[108.01366,15.53399],[108.01349,15.53382],[108.01344,15.53375],[108.01322,15.53339],[108.01322,15.53338],[108.01314,15.53331],[108.013,15.53323],[108.01249,15.53298],[108.01242,15.53292],[108.01234,15.53282],[108.01228,15.5327],[108.0122,15.53249],[108.01205,15.53223],[108.01173,15.53147],[108.01147,15.53094],[108.01132,15.53067],[108.011,15.53034],[108.01078,15.53016],[108.01078,15.53015],[108.01043,15.52992],[108.01016,15.52978],[108.00955,15.52953],[108.00934,15.52946],[108.00918,15.52939],[108.00908,15.52931],[108.009,15.52923],[108.009,15.52922],[108.00894,15.52915],[108.00888,15.529],[108.00881,15.52886],[108.00874,15.52877],[108.00872,15.52876],[108.0086,15.52865],[108.00819,15.52845],[108.00797,15.52832],[108.00793,15.52829],[108.0078,15.52816],[108.00775,15.52812],[108.00767,15.52799],[108.00762,15.52782],[108.00746,15.52697],[108.0074,15.5268],[108.00739,15.5268],[108.00729,15.52663],[108.00688,15.52605],[108.00676,15.5258],[108.0067,15.52563],[108.00665,15.5254],[108.00665,15.52528],[108.00667,15.52509],[108.00689,15.52457],[108.00702,15.52415],[108.00745,15.52238],[108.00748,15.52214],[108.00747,15.5219],[108.0074,15.52161],[108.0074,15.52159],[108.00734,15.52133],[108.00725,15.52111],[108.00712,15.52086],[108.00707,15.52078],[108.00694,15.52068],[108.00619,15.52025],[108.00548,15.5199],[108.00527,15.51978],[108.00504,15.5197],[108.00485,15.51965],[108.00464,15.51963],[108.00455,15.51961],[108.00392,15.51953],[108.00326,15.51942],[108.00315,15.51938],[108.00299,15.51927],[108.00261,15.5188],[108.00261,15.51879],[108.00249,15.51863],[108.00243,15.51848],[108.00242,15.51847],[108.00238,15.51837],[108.00237,15.51827],[108.00231,15.51798],[108.0023,15.51796],[108.00226,15.51783],[108.00206,15.51754],[108.00189,15.51733],[108.00182,15.5172],[108.00182,15.51719],[108.00175,15.51707],[108.00164,15.5168],[108.00107,15.51557],[108.00099,15.51532],[108.00016,15.51311],[107.99941,15.51157],[107.9994,15.51156],[107.99905,15.51085],[107.9988,15.51044],[107.99839,15.50986],[107.9983,15.50975],[107.99812,15.50962],[107.998,15.50956],[107.9977,15.50946],[107.99739,15.5094],[107.99698,15.5094],[107.99666,15.50942],[107.99648,15.5095],[107.99647,15.5095],[107.99629,15.50967],[107.99616,15.50982],[107.99578,15.51033],[107.99569,15.51043],[107.99559,15.51056],[107.99542,15.51072],[107.99533,15.51078],[107.99523,15.51083],[107.99514,15.51086],[107.99501,15.51089],[107.9942,15.51097],[107.99417,15.51098],[107.99375,15.51101],[107.99358,15.51098],[107.99346,15.51092],[107.9934,15.51088],[107.9932,15.51065],[107.99313,15.51049],[107.99308,15.5103],[107.99305,15.51],[107.99307,15.50987],[107.99311,15.50976],[107.99317,15.50965],[107.99329,15.50949],[107.99347,15.50934],[107.99356,15.50924],[107.99359,15.50919],[107.9936,15.50918],[107.99362,15.50913],[107.99364,15.5091],[107.99367,15.509],[107.99368,15.50894],[107.99366,15.5088],[107.99363,15.50874],[107.99336,15.50841],[107.99316,15.5082],[107.99295,15.50794],[107.99264,15.50762],[107.99253,15.50749],[107.9924,15.50729],[107.99238,15.50727],[107.99233,15.50716],[107.99231,15.50704],[107.99231,15.50696],[107.99227,15.50654],[107.99233,15.50608],[107.99233,15.50578],[107.99228,15.50548],[107.99208,15.50489],[107.99184,15.50437],[107.99183,15.50437],[107.99183,15.50436],[107.99169,15.50422],[107.9915,15.50409],[107.99123,15.50394],[107.99121,15.50392],[107.99113,15.5039],[107.99106,15.50387],[107.99096,15.50384],[107.99055,15.50381],[107.99021,15.50384],[107.99009,15.50384],[107.99003,15.50385],[107.98995,15.50385],[107.98994,15.50386],[107.98984,15.50386],[107.98949,15.50382],[107.98891,15.50371],[107.98865,15.50368],[107.98858,15.50366],[107.98797,15.50368],[107.98786,15.50364],[107.98776,15.50356],[107.98769,15.50347],[107.98762,15.50335],[107.98756,15.5032],[107.98752,15.50297],[107.98739,15.50179],[107.98721,15.5012],[107.98718,15.50107],[107.987,15.50064],[107.98663,15.50011],[107.98623,15.4996],[107.98551,15.49891],[107.98499,15.49849],[107.98459,15.49814],[107.98441,15.49803],[107.98435,15.49801],[107.98425,15.49799],[107.9841,15.49798],[107.98371,15.49798],[107.98369,15.49797],[107.98204,15.49792],[107.98097,15.49779],[107.9809,15.49779],[107.98038,15.49772],[107.97969,15.49759],[107.97943,15.49752],[107.97933,15.49748],[107.97926,15.49746],[107.97907,15.49732],[107.97867,15.49694],[107.97843,15.49668],[107.97825,15.49646],[107.97817,15.49633],[107.97814,15.49626],[107.97811,15.49616],[107.9781,15.49614],[107.97797,15.49561],[107.97796,15.49541],[107.97778,15.49483],[107.97774,15.49462],[107.97771,15.49425],[107.97771,15.49407],[107.97772,15.49402],[107.97773,15.49384],[107.97774,15.4938],[107.97778,15.49326],[107.97778,15.49284],[107.97777,15.49277],[107.97777,15.49273],[107.97774,15.49263],[107.97769,15.49256],[107.97766,15.4925],[107.97753,15.49232],[107.97737,15.49218],[107.97737,15.49217],[107.97733,15.49215],[107.97715,15.49201],[107.97693,15.49188],[107.97656,15.4917],[107.97635,15.49163],[107.97618,15.49159],[107.97608,15.49153],[107.97601,15.49145],[107.97597,15.49137],[107.97581,15.49115],[107.97562,15.49096],[107.9756,15.49095],[107.97538,15.49073],[107.97515,15.49057],[107.97402,15.48993],[107.97401,15.48992],[107.9735,15.48975],[107.97335,15.48971],[107.97312,15.48962],[107.97305,15.48956],[107.97298,15.48948],[107.9728,15.48932],[107.97257,15.48919],[107.97256,15.48919],[107.9722,15.489],[107.97195,15.48883],[107.9717,15.48868],[107.97136,15.4884],[107.97112,15.48817],[107.97067,15.48766],[107.96995,15.48678],[107.96953,15.48621],[107.96947,15.48616],[107.96945,15.48615],[107.96861,15.48547],[107.9686,15.48545],[107.96856,15.48543],[107.96847,15.48535],[107.96822,15.48516],[107.9681,15.48505],[107.96806,15.485],[107.96804,15.48495],[107.96794,15.48443],[107.96785,15.48412],[107.96771,15.48384],[107.96755,15.4836],[107.96743,15.48336],[107.96739,15.48325],[107.96736,15.48321],[107.96734,15.48317],[107.9672,15.48303],[107.96693,15.4828],[107.96692,15.4828],[107.96641,15.4824],[107.96635,15.48232],[107.96634,15.48226],[107.96634,15.48212],[107.96635,15.48209],[107.96635,15.48207],[107.96637,15.48202],[107.96719,15.48086],[107.96724,15.48077],[107.96726,15.48071],[107.96727,15.48066],[107.96727,15.48058],[107.96726,15.48049],[107.96722,15.48034],[107.9672,15.4803],[107.96717,15.48027],[107.96716,15.48025],[107.96473,15.47787],[107.96453,15.47769],[107.96436,15.47749],[107.96398,15.47683],[107.96382,15.47641],[107.96341,15.47495],[107.9634,15.47475],[107.96342,15.47459],[107.96341,15.47453],[107.96333,15.47438],[107.96275,15.47386],[107.96263,15.47377],[107.96246,15.47367],[107.9623,15.47359],[107.96223,15.47357],[107.96219,15.47355],[107.96186,15.47346],[107.96145,15.47341],[107.9613,15.47338],[107.96098,15.47335],[107.96068,15.47335],[107.96054,15.47336],[107.96023,15.47336],[107.96007,15.47334],[107.95996,15.47331],[107.95983,15.47326],[107.95933,15.47297],[107.95932,15.47297],[107.95901,15.47278],[107.9582,15.47234],[107.95819,15.47234],[107.95803,15.47225],[107.958,15.47224],[107.95748,15.47191],[107.95701,15.47166],[107.95677,15.4715],[107.95633,15.47104],[107.95618,15.47085],[107.95594,15.47048],[107.95579,15.47016],[107.9557,15.47002],[107.95549,15.46983],[107.95533,15.46975],[107.95448,15.46921],[107.95443,15.46919],[107.95337,15.46846],[107.95314,15.46844],[107.95295,15.4685],[107.95237,15.46877],[107.95106,15.46916],[107.9507,15.46923],[107.95044,15.46924],[107.95017,15.46918],[107.9489,15.46867],[107.94853,15.46855],[107.94825,15.46849],[107.94791,15.46844],[107.94771,15.46844],[107.94746,15.46841],[107.94739,15.46841],[107.94704,15.46837],[107.94702,15.46836],[107.94691,15.46833],[107.94691,15.46832],[107.94635,15.46795],[107.94545,15.46728],[107.9448,15.46666],[107.94448,15.46627],[107.94421,15.46598],[107.94407,15.46585],[107.94395,15.46579],[107.94387,15.46577],[107.94378,15.46576],[107.94352,15.46577],[107.94348,15.46578],[107.94336,15.46579],[107.94334,15.4658],[107.94257,15.46589],[107.94249,15.46589],[107.94241,15.46587],[107.9424,15.46588],[107.94238,15.46589],[107.94229,15.46591],[107.94209,15.46591],[107.94193,15.46588],[107.94177,15.46582],[107.94169,15.4658],[107.94157,15.46575],[107.94138,15.46569],[107.94121,15.46566],[107.94099,15.46564],[107.94053,15.46565],[107.94041,15.46563],[107.94029,15.46559],[107.93821,15.46423],[107.9382,15.46422],[107.93748,15.46375],[107.93693,15.46335],[107.93682,15.46324],[107.9366,15.46293],[107.93647,15.46266],[107.93636,15.46238],[107.93624,15.46215],[107.93613,15.462],[107.93586,15.46191],[107.93577,15.46187],[107.93572,15.46183],[107.93566,15.4618],[107.93537,15.46156],[107.93525,15.46143],[107.93523,15.4614],[107.9349,15.46105],[107.93479,15.46097],[107.93456,15.46088],[107.93448,15.46087],[107.93442,15.46088],[107.93435,15.46088],[107.93432,15.46089],[107.93431,15.4609],[107.93419,15.46096],[107.93411,15.46101],[107.93327,15.46174],[107.93295,15.46194],[107.93294,15.46195],[107.93259,15.46212],[107.93203,15.46235],[107.93169,15.46254],[107.93158,15.46259],[107.93134,15.46275],[107.93126,15.46282],[107.93104,15.46297],[107.9308,15.46308],[107.93062,15.46313],[107.93019,15.46315],[107.93003,15.46314],[107.92985,15.46308],[107.92964,15.46293],[107.92946,15.46276],[107.92943,15.46274],[107.92894,15.46226],[107.9289,15.46223],[107.92886,15.46219],[107.92871,15.46209],[107.92854,15.46204],[107.92806,15.46198],[107.9279,15.46192],[107.9277,15.46187],[107.9276,15.46182],[107.92751,15.46175],[107.92738,15.4616],[107.92694,15.46075],[107.92684,15.46066],[107.92677,15.46061],[107.9267,15.46058],[107.9266,15.46055],[107.9264,15.46055],[107.9259,15.46059],[107.92554,15.4606],[107.92541,15.46057],[107.92532,15.46053],[107.92516,15.46041],[107.92507,15.46033],[107.92469,15.45992],[107.92451,15.45969],[107.92439,15.45949],[107.92406,15.45904],[107.92401,15.45901],[107.92398,15.45901],[107.92393,15.459],[107.92388,15.459],[107.9238,15.45899],[107.92371,15.459],[107.92346,15.45905],[107.92329,15.45907],[107.923,15.45907],[107.92286,15.45903],[107.9225,15.45887],[107.92235,15.45878],[107.92227,15.45869],[107.92222,15.45861],[107.92215,15.45844],[107.92208,15.4582],[107.92193,15.45778],[107.92184,15.4576],[107.92183,15.4576],[107.92181,15.45755],[107.92173,15.45745],[107.92163,15.45737],[107.92158,15.45735],[107.92147,15.45733],[107.9214,15.45733],[107.92134,15.45734],[107.92128,15.45734],[107.92105,15.45744],[107.92104,15.45744],[107.92095,15.45749],[107.92071,15.45768],[107.9206,15.45773],[107.92047,15.45777],[107.92037,15.45779],[107.92021,15.45778],[107.92013,15.45776],[107.92009,15.45774],[107.92007,15.45772],[107.92007,15.45771],[107.92004,15.45768],[107.91996,15.45757],[107.91995,15.45755],[107.9199,15.4575],[107.91986,15.45742],[107.91975,15.45725],[107.91953,15.45698],[107.91948,15.45689],[107.91945,15.45686],[107.9193,15.45677],[107.91914,15.45677],[107.91911,15.45678],[107.91907,15.45681],[107.91888,15.45689],[107.91862,15.45696],[107.9185,15.45698],[107.91834,15.45699],[107.91823,15.45698],[107.91818,15.45696],[107.91816,15.45696],[107.91803,15.45686],[107.91795,15.45677],[107.91785,15.45661],[107.91764,15.45635],[107.91758,15.45631],[107.91748,15.45627],[107.91629,15.45603],[107.91622,15.45599],[107.91605,15.45585],[107.91601,15.4558],[107.91579,15.4554],[107.91557,15.45493],[107.91516,15.45391],[107.9151,15.45383],[107.91509,15.45381],[107.91504,15.45376],[107.91504,15.45375],[107.91497,15.4537],[107.91483,15.45364],[107.91466,15.45364],[107.91449,15.45369],[107.9144,15.45373],[107.91433,15.45377],[107.9142,15.45391],[107.91418,15.454],[107.91418,15.45406],[107.91417,15.45409],[107.91418,15.45414],[107.91418,15.45428],[107.91426,15.45454],[107.91456,15.45505],[107.91461,15.45512],[107.91488,15.45558],[107.91488,15.45559],[107.91493,15.45571],[107.91494,15.45576],[107.91496,15.45582],[107.91495,15.45586],[107.91495,15.45594],[107.91491,15.45616],[107.91493,15.45629],[107.91485,15.45649],[107.91476,15.45696],[107.91467,15.45715],[107.91452,15.45729],[107.91443,15.45732],[107.91428,15.45735],[107.91416,15.45736],[107.91365,15.45736],[107.91317,15.45738],[107.91293,15.45743],[107.9128,15.45742],[107.91266,15.45739],[107.9125,15.45734],[107.91183,15.45705],[107.91169,15.45697],[107.91158,15.45689],[107.9114,15.45671],[107.91104,15.45631],[107.91094,15.45612],[107.91082,15.45601],[107.91068,15.45586],[107.91061,15.45574],[107.91053,15.45555],[107.91053,15.45553],[107.91049,15.45541],[107.91046,15.45528],[107.91048,15.45501],[107.91057,15.45442],[107.91055,15.4542],[107.91052,15.45412],[107.91052,15.45411],[107.9104,15.45393],[107.91019,15.45367],[107.90989,15.45336],[107.90983,15.45326],[107.90979,15.45321],[107.90977,15.45311],[107.90946,15.45198],[107.90936,15.4518],[107.90912,15.45147],[107.90885,15.45114],[107.90849,15.45065],[107.90844,15.45056],[107.9084,15.45045],[107.9084,15.4504],[107.90839,15.45032],[107.9084,15.45022],[107.9084,15.45013],[107.9086,15.44948],[107.90878,15.44907],[107.90886,15.44885],[107.9089,15.44867],[107.90887,15.44815],[107.90872,15.44761],[107.90859,15.4473],[107.90849,15.44717],[107.90839,15.44709],[107.90831,15.44705],[107.90826,15.44701],[107.90815,15.44696],[107.90799,15.44687],[107.90791,15.4468],[107.90785,15.44673],[107.90781,15.44662],[107.90765,15.44595],[107.90757,15.44577],[107.90755,15.44571],[107.9075,15.44561],[107.90748,15.44554],[107.90747,15.44552],[107.90743,15.44537],[107.90743,15.44519],[107.90744,15.4451],[107.90747,15.44502],[107.9075,15.44484],[107.90751,15.44468],[107.90754,15.44451],[107.90757,15.44445],[107.90764,15.44434],[107.90772,15.44427],[107.90794,15.44411],[107.90808,15.44399],[107.90809,15.44399],[107.90833,15.44378],[107.90843,15.44365],[107.90848,15.44356],[107.9085,15.44347],[107.90846,15.44333],[107.90838,15.44319],[107.90832,15.44311],[107.90824,15.44295],[107.90818,15.44279],[107.90818,15.44278],[107.90816,15.44273],[107.90816,15.44265],[107.90818,15.44257],[107.9082,15.44242],[107.90835,15.44186],[107.90837,15.44171],[107.90834,15.4415],[107.90831,15.44143],[107.90826,15.44136],[107.90824,15.44132],[107.9082,15.44128],[107.90816,15.44126],[107.90815,15.44125],[107.90809,15.44122],[107.90799,15.4412],[107.90797,15.44119],[107.90779,15.44119],[107.90757,15.44122],[107.90736,15.44122],[107.90704,15.44124],[107.90651,15.44124],[107.90639,15.4412],[107.90638,15.44119],[107.90631,15.44115],[107.90627,15.44111],[107.90623,15.44108],[107.90613,15.44093],[107.90611,15.44088],[107.90608,15.44083],[107.90607,15.44077],[107.90604,15.4407],[107.90604,15.44067],[107.906,15.44052],[107.90599,15.44042],[107.90595,15.44027],[107.9059,15.44014],[107.90589,15.4401],[107.90578,15.4399],[107.90575,15.43982],[107.90564,15.43966],[107.90556,15.43959],[107.90551,15.43953],[107.90538,15.43941],[107.90527,15.43935],[107.90519,15.43932],[107.90493,15.43926],[107.90489,15.43926],[107.90451,15.43919],[107.90439,15.43918],[107.90412,15.43918],[107.90407,15.4392],[107.9034,15.43938],[107.90325,15.4394],[107.903,15.4394],[107.90286,15.43941],[107.90237,15.43941],[107.90231,15.4394],[107.90226,15.4394],[107.90219,15.43938],[107.9021,15.43933],[107.90207,15.43932],[107.90199,15.43926],[107.90185,15.43913],[107.90183,15.43909],[107.90179,15.43904],[107.9017,15.43895],[107.90166,15.43892],[107.90162,15.4389],[107.90146,15.43886],[107.90131,15.43886],[107.90121,15.43887],[107.90112,15.43889],[107.901,15.4389],[107.9008,15.43896],[107.9007,15.43898],[107.90064,15.439],[107.90063,15.43901],[107.90047,15.43908],[107.90046,15.43909],[107.9003,15.43914],[107.90029,15.43915],[107.90011,15.43919],[107.90002,15.43918],[107.8999,15.43915],[107.89926,15.43885],[107.89895,15.43875],[107.89889,15.43874],[107.89864,15.43867],[107.89853,15.43863],[107.89822,15.43849],[107.89804,15.43837],[107.89785,15.43818],[107.89759,15.43795],[107.89751,15.4379],[107.8974,15.43785],[107.89736,15.43784],[107.8973,15.43784],[107.89728,15.43783],[107.89725,15.43783],[107.8972,15.43784],[107.89717,15.43784],[107.89715,15.43785],[107.89712,15.43785],[107.89708,15.43787],[107.89702,15.43789],[107.89685,15.43797],[107.89679,15.43798],[107.89679,15.43799],[107.89662,15.43802],[107.89655,15.43804],[107.89652,15.43804],[107.89643,15.43806],[107.89625,15.43808],[107.89624,15.43807],[107.89618,15.43807],[107.89607,15.43801],[107.89605,15.43799],[107.89599,15.43795],[107.89575,15.4377],[107.8955,15.43747],[107.89535,15.43736],[107.89529,15.43733],[107.89518,15.4373],[107.89504,15.43731],[107.89501,15.43732],[107.89492,15.43733],[107.8948,15.43736],[107.89475,15.43738],[107.8947,15.43739],[107.89466,15.43739],[107.89462,15.4374],[107.89457,15.4374],[107.89453,15.43741],[107.8945,15.4374],[107.89449,15.43739],[107.89442,15.43738],[107.89436,15.43736],[107.89415,15.43725],[107.89412,15.43724],[107.89399,15.43717],[107.89399,15.43716],[107.89387,15.43709],[107.89375,15.43704],[107.89364,15.43698],[107.89358,15.43696],[107.89352,15.43695],[107.89349,15.43694],[107.89346,15.43694],[107.89342,15.43693],[107.89334,15.43693],[107.8933,15.43694],[107.89327,15.43694],[107.89315,15.43696],[107.89305,15.437],[107.89261,15.43713],[107.89259,15.43713],[107.89241,15.43718],[107.8924,15.43719],[107.89171,15.43731],[107.89113,15.43744],[107.89094,15.43747],[107.89068,15.43749],[107.89057,15.43749],[107.89051,15.43747],[107.89045,15.43746],[107.89039,15.43744],[107.89026,15.43738],[107.89003,15.43724],[107.88985,15.43709],[107.88954,15.43686],[107.88946,15.43679],[107.88928,15.43667],[107.88913,15.43655],[107.88904,15.43649],[107.88901,15.43646],[107.88892,15.43643],[107.88882,15.43641],[107.88867,15.43643],[107.88798,15.43663],[107.8878,15.43666],[107.88767,15.43666],[107.88722,15.43649],[107.88709,15.43642],[107.88662,15.43621],[107.88647,15.43618],[107.88645,15.43618],[107.8864,15.43616],[107.88633,15.43615],[107.88627,15.43613],[107.88592,15.43612],[107.88574,15.4361],[107.88519,15.43615],[107.88507,15.43615],[107.88495,15.43618],[107.88454,15.4362],[107.88439,15.43622],[107.88398,15.43623],[107.88371,15.4362],[107.88358,15.43617],[107.88326,15.43613],[107.88316,15.4361],[107.88304,15.43609],[107.88304,15.43608],[107.88268,15.43601],[107.88258,15.436],[107.8825,15.436],[107.88242,15.43599],[107.8823,15.43599],[107.88229,15.436],[107.88222,15.43603],[107.88218,15.43604],[107.88138,15.4366],[107.88137,15.4366],[107.88124,15.43672],[107.88112,15.43685],[107.88097,15.43698],[107.88083,15.43708],[107.88081,15.43709],[107.8808,15.4371],[107.88044,15.4373],[107.88011,15.43746],[107.8799,15.43758],[107.87968,15.43768],[107.87964,15.43771],[107.87951,15.43774],[107.87937,15.43773],[107.87924,15.43771],[107.87692,15.4371],[107.87652,15.43703],[107.87629,15.43701],[107.87593,15.43706],[107.87561,15.43716],[107.87552,15.43717],[107.87537,15.43717],[107.87528,15.43712],[107.87504,15.43693],[107.87503,15.43693],[107.8749,15.43682],[107.87463,15.43667],[107.87439,15.43662],[107.87308,15.43668],[107.87306,15.43669],[107.87251,15.43671],[107.8725,15.43672],[107.87233,15.43674],[107.87219,15.43677],[107.87198,15.43685],[107.8718,15.43687],[107.87135,15.43685],[107.87002,15.43669],[107.86928,15.43653],[107.8692,15.43649],[107.86909,15.43646],[107.86849,15.43636],[107.86847,15.43636],[107.86833,15.43632],[107.86829,15.43632],[107.86825,15.43631],[107.86814,15.4363],[107.86808,15.43631],[107.86803,15.4363],[107.86791,15.43633],[107.86785,15.43636],[107.86766,15.43651],[107.86693,15.43738],[107.86621,15.43809],[107.86618,15.43813],[107.8661,15.43819],[107.86598,15.43825],[107.86591,15.43827],[107.86585,15.4383],[107.8658,15.43831],[107.86466,15.43837],[107.86428,15.43836],[107.86303,15.43824],[107.86282,15.43824],[107.86269,15.43827],[107.86257,15.43832],[107.86242,15.43841],[107.86207,15.43869],[107.86197,15.43873],[107.8607,15.43891],[107.86057,15.43892],[107.86034,15.43896],[107.86021,15.43901],[107.85948,15.4394],[107.85911,15.43962],[107.85884,15.4398],[107.85874,15.43988],[107.85866,15.43992],[107.85851,15.43997],[107.85843,15.43997],[107.85828,15.43995],[107.85825,15.43995],[107.8582,15.43994],[107.85811,15.43994],[107.858,15.43992],[107.85783,15.43992],[107.85777,15.43994],[107.85771,15.43999],[107.85764,15.44009],[107.85762,15.44015],[107.85762,15.44016],[107.8576,15.4402],[107.85759,15.44024],[107.85751,15.44032],[107.85745,15.44036],[107.85721,15.44044],[107.85719,15.44044],[107.8569,15.44051],[107.85676,15.44053],[107.85626,15.44045],[107.85572,15.4404],[107.85567,15.44039],[107.85521,15.44044],[107.85516,15.44044],[107.85498,15.44046],[107.85466,15.44046],[107.85453,15.44041],[107.85445,15.44036],[107.85444,15.44036],[107.85436,15.44032],[107.85429,15.4403],[107.85427,15.44029],[107.85426,15.44028],[107.85401,15.44028],[107.85366,15.44038],[107.85357,15.44038],[107.85347,15.44037],[107.8531,15.44026],[107.85296,15.44023],[107.85281,15.44022],[107.85268,15.44023],[107.85252,15.44026],[107.85236,15.44033],[107.85212,15.44046],[107.85203,15.4405],[107.85185,15.4406],[107.85169,15.44065],[107.85143,15.44071],[107.85069,15.44081],[107.85026,15.44081],[107.84993,15.44078],[107.84975,15.44081],[107.8496,15.44087],[107.8495,15.44093],[107.84942,15.44101],[107.84932,15.44109],[107.8491,15.44131],[107.84897,15.44138],[107.84889,15.4414],[107.8488,15.44141],[107.8487,15.44141],[107.84867,15.4414],[107.84848,15.44137],[107.84839,15.44134],[107.84827,15.44133],[107.8481,15.44135],[107.84796,15.44139],[107.84781,15.44145],[107.84771,15.44153],[107.84765,15.44161],[107.84762,15.44167],[107.8476,15.44184],[107.8476,15.44197],[107.84757,15.44229],[107.84756,15.44256],[107.8475,15.44286],[107.84747,15.44294],[107.8474,15.44302],[107.84699,15.44332],[107.84695,15.44334],[107.84689,15.44338],[107.84683,15.44341],[107.8468,15.44342],[107.84679,15.44342],[107.84667,15.44345],[107.84661,15.44345],[107.8466,15.44346],[107.8465,15.44345],[107.84622,15.4434],[107.84613,15.44337],[107.84578,15.4433],[107.84563,15.44328],[107.84551,15.44328],[107.84545,15.44329],[107.84543,15.4433],[107.84539,15.44331],[107.84533,15.44336],[107.84524,15.44347],[107.84515,15.44365],[107.84515,15.44366],[107.84506,15.44381],[107.84497,15.4439],[107.84494,15.44395],[107.84486,15.44405],[107.84482,15.44409],[107.84471,15.44423],[107.84467,15.44427],[107.84463,15.44429],[107.8446,15.44432],[107.84456,15.44434],[107.84455,15.44434],[107.84436,15.44443],[107.84408,15.44454],[107.84378,15.4447],[107.84335,15.44511],[107.84334,15.44513],[107.8433,15.44517],[107.84319,15.44521],[107.84309,15.44521],[107.84296,15.44519],[107.84287,15.44515],[107.8428,15.44511],[107.84264,15.44505],[107.84246,15.44502],[107.84236,15.44503],[107.84222,15.44503],[107.84191,15.44508],[107.84186,15.44508],[107.84131,15.44515],[107.84103,15.44517],[107.84082,15.44526],[107.84073,15.44532],[107.84063,15.44542],[107.84056,15.44551],[107.84056,15.44552],[107.84028,15.44601],[107.84021,15.44616],[107.84016,15.44624],[107.8401,15.44639],[107.84004,15.44651],[107.83988,15.44661],[107.83981,15.44663],[107.83975,15.44663],[107.83973,15.44664],[107.83968,15.44664],[107.83964,15.44662],[107.83962,15.44662],[107.83954,15.44658],[107.83948,15.44654],[107.83941,15.44647],[107.83929,15.44631],[107.83922,15.44626],[107.83909,15.44619],[107.83892,15.44617],[107.83883,15.44617],[107.83877,15.44618],[107.83871,15.4462],[107.83865,15.44623],[107.83862,15.44624],[107.83838,15.44638],[107.83824,15.44649],[107.83818,15.44656],[107.83818,15.44657],[107.83815,15.44662],[107.83808,15.44677],[107.83806,15.44719],[107.83804,15.44732],[107.83789,15.4476],[107.83771,15.44779],[107.83749,15.44792],[107.83744,15.44794],[107.83741,15.44796],[107.83724,15.44804],[107.83716,15.4481],[107.83707,15.44819],[107.83705,15.44822],[107.83703,15.44824],[107.837,15.44831],[107.83698,15.44833],[107.83697,15.44836],[107.83694,15.44842],[107.83688,15.44867],[107.83679,15.44917],[107.83677,15.45001],[107.83674,15.45035],[107.83636,15.4515],[107.83629,15.45183],[107.83628,15.45198],[107.83627,15.45201],[107.8362,15.45268],[107.83616,15.45279],[107.83608,15.45289],[107.83589,15.45303],[107.83551,15.45323],[107.83551,15.45324],[107.83533,15.45335],[107.83517,15.45348],[107.83504,15.45365],[107.83483,15.45399],[107.8348,15.45405],[107.83471,15.45415],[107.83462,15.45422],[107.83452,15.45428],[107.8345,15.4543],[107.83444,15.45434],[107.83438,15.45437],[107.83433,15.45441],[107.83428,15.45443],[107.83425,15.45445],[107.83418,15.45447],[107.83414,15.45449],[107.83404,15.4545],[107.83402,15.45451],[107.8339,15.45451],[107.83258,15.45391],[107.83218,15.45364],[107.83182,15.45337],[107.83175,15.4533],[107.83154,15.45312],[107.83126,15.45282],[107.83109,15.45267],[107.83104,15.45264],[107.83095,15.45255],[107.83067,15.45231],[107.83054,15.45218],[107.83053,15.45218],[107.83032,15.45202],[107.83024,15.45193],[107.83008,15.45181],[107.82972,15.45158],[107.82949,15.45145],[107.82935,15.45142],[107.82933,15.45141],[107.8293,15.45141],[107.82926,15.45142],[107.82916,15.45146],[107.82915,15.45146],[107.82908,15.45151],[107.82899,15.45155],[107.82888,15.45162],[107.82874,15.45169],[107.82856,15.45175],[107.82847,15.45176],[107.82837,15.45175],[107.82829,15.45175],[107.8282,15.45174],[107.82805,15.4517],[107.8277,15.45163],[107.82752,15.45162],[107.82737,15.45164],[107.8272,15.4517],[107.8269,15.45183],[107.82686,15.45184],[107.82685,15.45184],[107.82667,15.45189],[107.82638,15.45193],[107.82631,15.45195],[107.82628,15.45195],[107.82615,15.45198],[107.82603,15.45202],[107.82578,15.45214],[107.82491,15.45279],[107.82476,15.45292],[107.82473,15.45294],[107.82463,15.45304],[107.82443,15.45328],[107.82436,15.45345],[107.82435,15.45353],[107.82435,15.45362],[107.82439,15.45378],[107.8244,15.45385],[107.82451,15.45396],[107.82469,15.45418],[107.8248,15.45434],[107.82484,15.45442],[107.82488,15.45465],[107.82489,15.45479],[107.82489,15.45524],[107.82488,15.45538],[107.82496,15.45638],[107.82494,15.4565],[107.82488,15.4567],[107.82483,15.45669]]},"properties":{"name":"QL14E","visibility":false,"styleUrl":"#line-1267FF-5000-nodesc5","stroke-opacity":1,"stroke":"#ff00ff","stroke-width":10}},{"type":"Feature","geometry":{"type":"LineString","coordinates":[[108.3727859813897,15.72507714936192],[108.3736840987388,15.72559752672204],[108.3739844017932,15.72569835630203],[108.3746683709584,15.72609129236823],[108.3751510462844,15.72634469740447],[108.3759462968366,15.72677493547536],[108.376680854125,15.7271482374811],[108.377901017591,15.72780858823744],[108.3788279338687,15.72830062431742],[108.3804500498414,15.72913741955615],[108.3819153785105,15.72993932538299],[108.3833030510421,15.73070468232859],[108.3853033042839,15.73173420488982],[108.3869498171653,15.73263795515843],[108.388476595637,15.73346146936176],[108.3907819491509,15.73471913940384],[108.3920971003309,15.73543191583077],[108.3945961593226,15.73692962925988],[108.3964745275781,15.7380756751889],[108.3987727153983,15.73967474096131],[108.4008890005124,15.74114098652168],[108.4029770930177,15.74266137509009],[108.4071725729903,15.74571124516393],[108.409779158207,15.74762563002769],[108.4130665423858,15.75002908627952],[108.4180826151057,15.75363761519188],[108.4208431203903,15.75614403214257],[108.424173153741,15.75875829065789],[108.42705704874,15.76084103260346],[108.4300796392675,15.76240245048935],[108.4321346876025,15.76358590494924],[108.4342730829296,15.76486809726863]]},"properties":{"name":"Km0 - Km9+060 (Biển Bình Minh - QL1 (Cây Cốc dài 8,3Km)","visibility":false,"description":"Dự kiến chuyển thành QL.14E","styleUrl":"#msn_ylw-pushpin","stroke-opacity":0.6,"stroke":"#ffff00","stroke-width":20,"icon-scale":1.1,"icon-offset":[20,2],"icon-offset-units":["pixels","pixels"],"icon":"http://maps.google.com/mapfiles/kml/pushpin/ylw-pushpin.png"}},{"type":"Feature","geometry":{"type":"LineString","coordinates":[[108.3418251063856,15.71592295940642],[108.3423486534193,15.71632650024599],[108.3429336823826,15.71658431536274],[108.3434038367188,15.71671088076458],[108.3445760228311,15.71685959754855],[108.3457368295407,15.71700714784595],[108.3474177107373,15.7172498906914],[108.3503975021335,15.7176248317808],[108.3511262741879,15.71781163427744],[108.3561391616307,15.71922243734562],[108.3599961856484,15.72035804439384],[108.3633372700256,15.7212310665359],[108.3635650067463,15.72134812833533],[108.3642185522701,15.7214595298568],[108.3679102007437,15.72301865535308],[108.3694836415833,15.72367972123266],[108.3712939408221,15.72443336491209],[108.3727670982612,15.72506718476178]]},"properties":{"name":"Km11+00 - Km15+270 (QL1 - ĐT.612), dài 4,27Km","visibility":false,"description":"Dự kiến chuyển thành QL.14E","styleUrl":"#msn_ylw-pushpin","stroke-opacity":0.6,"stroke":"#ffff00","stroke-width":20,"icon-scale":1.1,"icon-offset":[20,2],"icon-offset-units":["pixels","pixels"],"icon":"http://maps.google.com/mapfiles/kml/pushpin/ylw-pushpin.png"}},{"type":"Feature","geometry":{"type":"LineString","coordinates":[[108.4291866384183,15.77371051934735],[108.4284082763666,15.77360044461607],[108.427615322423,15.7735151352203],[108.4270664199509,15.77347506723004],[108.4267343690901,15.77352173618745],[108.4262924580974,15.77352551513054],[108.4256843946818,15.7735026272826],[108.4251213919269,15.7734859747885],[108.4245187891811,15.77347743509364],[108.4240701641939,15.77352287733498],[108.4237257278259,15.7736026920369],[108.4233499021875,15.77366488788201],[108.4229900582212,15.77366463074908],[108.4222318022379,15.77364751641298],[108.4216332196578,15.77358615197448],[108.4211916981567,15.77357266386838],[108.4210932385308,15.77354836570838],[108.4208409056267,15.7734160523102],[108.4205053840787,15.77319308967845],[108.4199275799219,15.77286442258098],[108.4192904054823,15.77251663223192],[108.4189190740919,15.77231427737699],[108.4185188128433,15.77199560829211],[108.4181115558,15.77168273100082],[108.4176296672038,15.77146195607779],[108.4172630239522,15.77130641004222],[108.4165034411052,15.77104236142525],[108.4157915417395,15.77077945694355],[108.4149297563913,15.77043779657988],[108.4144038412677,15.77026784185979],[108.4139035503242,15.77007693198238],[108.4132071629251,15.76980282892324],[108.4129101284609,15.76969516395724],[108.4124208699166,15.76952188316043],[108.4116859521829,15.76929592714468],[108.4112509036048,15.76914756933217],[108.4107450064393,15.7689020019423],[108.4102736491562,15.76867476232927],[108.4098913830904,15.76841842509808],[108.4095276408635,15.76813749886786],[108.40921089986,15.76783077432681],[108.4088754411404,15.76750720048864],[108.4087086841921,15.76734449313414],[108.4086024484674,15.76720743538978],[108.4085165066282,15.76695382943338],[108.4084279821144,15.76670021281149],[108.4081886698524,15.76606442356249],[108.4077831314035,15.76521281312391],[108.4075945796648,15.76466058253218],[108.4072624568102,15.76390387062833],[108.4070742401801,15.76350708539719],[108.4066129636433,15.76303712983544],[108.406307081661,15.7627941058426],[108.4057129634763,15.76242269997775],[108.4049129047154,15.76230944919766],[108.4046418421512,15.76233016155224],[108.4046271673573,15.76232939120086],[108.4045831437551,15.76232707975183],[108.4045538323189,15.76232551824888],[108.4043700537218,15.76232228060513],[108.404224235665,15.76222275954484],[108.4042033146771,15.76218675889771],[108.4040854170838,15.76200125203991],[108.4038853753778,15.76177365560276],[108.4037013274186,15.76164333074156],[108.4034583006926,15.76158966245501],[108.4030939058639,15.7615486202445],[108.402550485452,15.76161556956293],[108.4022967561979,15.76167582529643],[108.4022765539109,15.76167478459718],[108.4019086277779,15.761714644059],[108.4017436493553,15.76168392004195],[108.4014749486142,15.76159288441489],[108.4013328685941,15.76148178868444],[108.4009520039382,15.76121528394334],[108.3996711555163,15.7603719073305],[108.3989942533203,15.75990587402605],[108.3984884116292,15.75955095175874],[108.3983088397459,15.75943977843446],[108.3981259953093,15.75933223807396],[108.3978800376177,15.75924051899453],[108.3976849011245,15.75918356500725],[108.3973448171835,15.75914070054226],[108.3969465970974,15.75914810152693],[108.3965175352502,15.75917006365761],[108.3952326888747,15.75913314762431],[108.3949050684405,15.75910203811283],[108.3941841393257,15.75901782340206],[108.393682734494,15.75879780673494],[108.3933656088164,15.75856691692475],[108.3922209922003,15.7578618846592],[108.3917592932469,15.75753564935219],[108.3913469024391,15.75729734876852],[108.3911148933574,15.75722650109332],[108.3907500545969,15.75715697933228],[108.3898194972726,15.75695511217258],[108.3895074345402,15.75687827848576],[108.3891272846993,15.75673246272275],[108.3869078809828,15.75574100423205],[108.3863120366369,15.75550305973522],[108.3860280135279,15.75533635289733],[108.3858047971944,15.75513598689965],[108.3856565193577,15.75482907595927],[108.3846518123401,15.75308412336105],[108.3837001173224,15.75137304454172],[108.3833820953892,15.75083365519012],[108.3832432007773,15.75056769366353],[108.3830369432964,15.75036129981273],[108.382820455794,15.75021441093261],[108.3811694311868,15.74920950313974],[108.3806362643093,15.74886184549313],[108.3804356838271,15.74874131442333],[108.3801175451647,15.7485842984347],[108.3796800455255,15.74836147750638],[108.3784874261964,15.74791609324263],[108.3772880223365,15.7474576584857],[108.3772775492647,15.74745150383123],[108.3764238908056,15.74712879928192],[108.3760569670806,15.74682850386542],[108.3748411599213,15.74579518247059],[108.3744098415373,15.74538636660956],[108.3739938186797,15.74520343168851],[108.3730586413313,15.74495390222586],[108.3705719809243,15.74488918143151],[108.368242127463,15.74489874582065],[108.3669639905299,15.74467852701505],[108.36618616309,15.74451943475429],[108.3653731237832,15.74407038889319],[108.363861506319,15.74334454478582],[108.362178587501,15.74293378273101],[108.3599881064309,15.74233553881774],[108.3593566077653,15.74219329683518]]},"properties":{"name":"Đoạn Km0 - Km9+060 QL14E hiện trạng","visibility":false,"description":"Dự kiến chuyển thành đường tỉnh ĐT.613B","styleUrl":"#msn_ylw-pushpin1","stroke-opacity":1,"stroke":"#ff00ff","stroke-width":10,"icon-scale":1.1,"icon-offset":[20,2],"icon-offset-units":["pixels","pixels"],"icon":"http://maps.google.com/mapfiles/kml/pushpin/ylw-pushpin.png"}},{"type":"Feature","geometry":{"type":"LineString","coordinates":[[108.3640398998416,15.72142590196857],[108.363004962649,15.72130003869244],[108.3625887999574,15.72135475660969],[108.3621666202799,15.72142326012195],[108.3616159738978,15.7216251254718],[108.3616115569871,15.72162508121124],[108.3609225264028,15.72183646608647],[108.3590038012419,15.72188916113145],[108.3581408570239,15.72190339121335],[108.3568489519712,15.72190643113975],[108.3566050442162,15.72193302471927],[108.3562907915142,15.72196568097907],[108.3544226880062,15.72240725894111],[108.3533243392235,15.72270559126323],[108.351050823307,15.72349102196574],[108.3497995952095,15.72385687587158],[108.3494050135791,15.72390907453735],[108.3488410693246,15.7238963344706],[108.3485427424118,15.72383230027066],[108.3474624685569,15.72350321505042],[108.3463952812965,15.72318830360522],[108.3459814633007,15.72306797184417],[108.3452785708845,15.72285795409486],[108.3451746210948,15.72271067882625],[108.3449975893385,15.72228062935198],[108.3443500223005,15.72109237383407],[108.3441522131704,15.72072102991523],[108.3438779125916,15.7203222859223],[108.3433714935188,15.71931900941492],[108.3429228240111,15.71849575811865],[108.3428985779288,15.71846933671226],[108.3428925236153,15.71846273831648],[108.3426563147725,15.71796273957829],[108.3421146553726,15.71665704664766],[108.341931337183,15.71626923992137],[108.3417674771886,15.71591623883069]]},"properties":{"name":"Đoạn Km12+090 - Km14+930 QL.14E hiện trạng","visibility":false,"description":"Dự kiến bàn giao lại UBND xã Thăng Bình tiếp nhận quản lý","styleUrl":"#msn_ylw-pushpin0","stroke-opacity":1,"stroke":"#ff00ff","stroke-width":10,"icon-scale":1.1,"icon-offset":[20,2],"icon-offset-units":["pixels","pixels"],"icon":"http://maps.google.com/mapfiles/kml/pushpin/ylw-pushpin.png"}},{"type":"Feature","geometry":{"type":"LineString","coordinates":[[108.38918,15.87947],[108.38899,15.87972],[108.38896,15.87977],[108.38871,15.88011],[108.38829,15.88064],[108.38818,15.8808],[108.38717,15.88212],[108.38682,15.88255],[108.38679,15.88258],[108.38526,15.88462],[108.3838,15.8865],[108.38369,15.88662],[108.38354,15.88681],[108.38332,15.88702],[108.38318,15.88713],[108.38281,15.88734],[108.38254,15.88745],[108.38218,15.88755],[108.37911,15.88862],[108.37881,15.88874],[108.37844,15.88893],[108.3782,15.88912],[108.37759,15.88967],[108.37627,15.89094],[108.37608,15.89109],[108.37559,15.89138],[108.37558,15.89138],[108.37501,15.89172],[108.37406,15.89221],[108.37257,15.89308],[108.36982,15.8948],[108.36981,15.89481],[108.36941,15.89504],[108.36932,15.8951],[108.36919,15.89516],[108.36861,15.89552],[108.36849,15.89564],[108.36817,15.89615],[108.36808,15.89625],[108.36754,15.89665],[108.36734,15.89677],[108.36727,15.89685],[108.36706,15.897],[108.3662,15.89752],[108.36611,15.89755],[108.36596,15.89758],[108.36578,15.89744],[108.36564,15.89737],[108.36535,15.89719],[108.36455,15.89662],[108.36406,15.89623],[108.36377,15.89598],[108.36358,15.89585],[108.36069,15.89241],[108.36056,15.89224],[108.36028,15.89193],[108.36022,15.89188],[108.36015,15.89181],[108.36009,15.89178],[108.35987,15.89161],[108.35986,15.89161],[108.35985,15.89162],[108.35981,15.89162],[108.3598,15.89161],[108.35978,15.89161],[108.35977,15.8916],[108.35976,15.8916],[108.35976,15.89159],[108.35975,15.89159],[108.35973,15.89157],[108.35973,15.89156],[108.35972,15.89156],[108.35972,15.89155],[108.35971,15.89154],[108.35971,15.89152],[108.3597,15.89151],[108.3597,15.89147],[108.35971,15.89146],[108.35961,15.89132],[108.35957,15.89123],[108.35919,15.89088],[108.35878,15.89058],[108.35843,15.89038],[108.35782,15.88997],[108.35683,15.889],[108.35672,15.88891],[108.35662,15.88887],[108.35661,15.88886],[108.35622,15.88875],[108.35596,15.88869],[108.35589,15.88869],[108.3558,15.88868],[108.35571,15.88868],[108.35546,15.88873],[108.35525,15.88881],[108.35497,15.88888],[108.35465,15.88891],[108.3542,15.88891],[108.354,15.8889],[108.35378,15.88886],[108.35352,15.88878],[108.35327,15.88865],[108.35292,15.88842],[108.35283,15.88834],[108.35222,15.88787],[108.35183,15.88743],[108.35166,15.88719],[108.35161,15.88699],[108.35148,15.88674],[108.35139,15.88659],[108.35127,15.88642],[108.35118,15.88631],[108.35093,15.88609],[108.34823,15.88411],[108.34715,15.88335],[108.34667,15.88308],[108.34645,15.88294],[108.34622,15.88275],[108.34569,15.8822],[108.34545,15.88193],[108.34493,15.88142],[108.34479,15.8813],[108.34473,15.88124],[108.34429,15.88088],[108.34404,15.88074],[108.34385,15.88067],[108.33986,15.8804],[108.33929,15.88033],[108.33754,15.87986],[108.33753,15.87985],[108.33637,15.87951],[108.3354,15.87917],[108.33521,15.87917],[108.3351,15.87918],[108.33201,15.87966],[108.3311,15.87978],[108.32832,15.87987],[108.32717,15.87988],[108.32607,15.87999],[108.32518,15.88004],[108.32502,15.88006],[108.32469,15.88008],[108.32464,15.88007],[108.32461,15.88007],[108.32447,15.88002],[108.32429,15.87991],[108.32376,15.87952],[108.32319,15.87903],[108.32281,15.87887],[108.32278,15.87888],[108.32244,15.87892],[108.32115,15.8792],[108.31971,15.87971],[108.31903,15.87993],[108.31865,15.88002],[108.31849,15.88004],[108.31821,15.88005],[108.31659,15.87993],[108.3161,15.87994],[108.31549,15.88001],[108.31536,15.88004],[108.31524,15.88009],[108.3146,15.88047],[108.31435,15.88057],[108.31407,15.88066],[108.31405,15.88066],[108.31372,15.88075],[108.31358,15.88077],[108.31356,15.88077],[108.31342,15.88079],[108.31291,15.88083],[108.31254,15.88084],[108.31239,15.88081],[108.31217,15.88075],[108.31169,15.88056],[108.31127,15.88034],[108.31037,15.87982],[108.30992,15.87958],[108.30979,15.87954],[108.3089,15.87943],[108.3062,15.87924],[108.30565,15.87918],[108.30515,15.87937],[108.30561,15.88046],[108.30567,15.88063],[108.30569,15.88073],[108.30576,15.88125],[108.30575,15.88133],[108.30546,15.88134],[108.30528,15.88125],[108.30522,15.88119],[108.30507,15.88089],[108.30491,15.88038],[108.30487,15.88009],[108.30488,15.8797],[108.3049,15.87955],[108.30491,15.87952],[108.30493,15.87942],[108.30493,15.87938],[108.30498,15.8792],[108.30769,15.87214],[108.30836,15.87017],[108.30846,15.86991],[108.30879,15.86871],[108.30886,15.86818],[108.30888,15.86809],[108.30888,15.86771],[108.30913,15.86592],[108.30922,15.86554],[108.30937,15.86525],[108.30971,15.86476],[108.31169,15.8625],[108.31199,15.86037],[108.31197,15.86025],[108.31106,15.85866],[108.3109,15.85825],[108.3109,15.85815],[108.31092,15.85788],[108.31096,15.85773],[108.31106,15.85744],[108.31106,15.85735],[108.31105,15.85725],[108.31106,15.85678],[108.31108,15.85658],[108.31105,15.85648],[108.31095,15.85628],[108.31085,15.85603],[108.31083,15.85595],[108.31082,15.85593],[108.31082,15.85566],[108.31085,15.85544],[108.31087,15.85537],[108.31088,15.85513],[108.31094,15.85447],[108.31094,15.85408],[108.31117,15.85286],[108.31118,15.85284],[108.31123,15.8526],[108.31124,15.85251],[108.31125,15.85248],[108.31129,15.85227],[108.31133,15.85213],[108.31134,15.85206],[108.31249,15.8472],[108.31262,15.84656],[108.31265,15.84625],[108.31258,15.84504],[108.31257,15.84321],[108.31253,15.84282],[108.3125,15.84263],[108.31244,15.84242],[108.31225,15.84194],[108.31196,15.84146],[108.31195,15.84146],[108.31165,15.84081],[108.31089,15.84114],[108.31054,15.84127],[108.31008,15.8414],[108.30953,15.84152],[108.30869,15.84165],[108.30865,15.84165],[108.30828,15.8417],[108.30439,15.842],[108.30029,15.84112],[108.30013,15.8411],[108.29946,15.84108],[108.29709,15.8411],[108.29642,15.84103],[108.29494,15.84082],[108.2945,15.84069],[108.29448,15.84068],[108.29423,15.84062],[108.29325,15.84047],[108.2896,15.84005],[108.28917,15.84002],[108.28826,15.84003],[108.28585,15.84023],[108.28572,15.84026],[108.28511,15.84047],[108.28496,15.84047],[108.28491,15.84046],[108.28483,15.84043],[108.28428,15.8401],[108.28397,15.83996],[108.28344,15.84107],[108.28287,15.84052],[108.28258,15.84027],[108.28245,15.84019],[108.28015,15.83915],[108.27905,15.83879],[108.27782,15.83826],[108.27781,15.83825],[108.27748,15.8381],[108.27719,15.83793],[108.27638,15.83725],[108.27626,15.83718],[108.27591,15.83703],[108.27563,15.83694],[108.27516,15.83672],[108.27513,15.83671],[108.27487,15.83653],[108.2747,15.83637],[108.27448,15.83596],[108.27435,15.83567],[108.27414,15.83506],[108.27412,15.83497],[108.27408,15.83484],[108.27396,15.83401],[108.27388,15.83362],[108.27381,15.83344],[108.27374,15.83333],[108.27372,15.83328],[108.27359,15.83304],[108.27359,15.83303],[108.27256,15.83143],[108.27229,15.8311],[108.27161,15.83036],[108.27149,15.83027],[108.27123,15.83013],[108.27103,15.83006],[108.27082,15.83002],[108.26482,15.82952],[108.26236,15.82944],[108.26164,15.8293],[108.26119,15.82917],[108.26084,15.82903],[108.25898,15.82809],[108.25635,15.82683],[108.25626,15.82678],[108.25426,15.82587],[108.25365,15.82557],[108.2533,15.82533],[108.25195,15.82431],[108.25188,15.82422],[108.25179,15.82414],[108.24985,15.82265],[108.24926,15.82224],[108.24921,15.82219],[108.24914,15.82215],[108.24893,15.82207],[108.24879,15.82204],[108.24863,15.82203],[108.24854,15.82204],[108.2483,15.8221],[108.24818,15.82214],[108.24796,15.82226],[108.24795,15.82226],[108.24742,15.82261],[108.24739,15.82264],[108.24682,15.82303],[108.2463,15.82335],[108.24608,15.82345],[108.24504,15.8237],[108.24486,15.82373],[108.24475,15.82376],[108.24452,15.82379],[108.24449,15.82379],[108.24397,15.82388],[108.24394,15.82389],[108.24366,15.82395],[108.2434,15.82403],[108.24292,15.82423],[108.24277,15.82428],[108.24255,15.82433],[108.24166,15.82442],[108.2412,15.82445],[108.24037,15.82445],[108.24018,15.82446],[108.23909,15.82445],[108.23761,15.82457],[108.23757,15.82458],[108.23747,15.82458],[108.23521,15.8248],[108.23469,15.82481],[108.23432,15.82479],[108.23383,15.82471],[108.23357,15.82468],[108.23337,15.82467],[108.23317,15.82469],[108.23311,15.82469],[108.23278,15.82472],[108.23235,15.82473],[108.23127,15.82482],[108.23079,15.82484],[108.23015,15.82484],[108.22925,15.8248],[108.22811,15.82493],[108.22697,15.82498],[108.22664,15.82498],[108.2263,15.82504],[108.22618,15.82505],[108.22517,15.82522],[108.22515,15.82523],[108.22493,15.82527],[108.22401,15.82563],[108.22377,15.82569],[108.22352,15.82569],[108.22152,15.82551],[108.22071,15.82548],[108.22055,15.82549],[108.22015,15.82549],[108.21997,15.8255],[108.21942,15.8255],[108.21915,15.82553],[108.21897,15.82559],[108.21885,15.82566],[108.21828,15.82595],[108.21785,15.82613],[108.21706,15.82632],[108.21689,15.82635],[108.21682,15.82635],[108.21675,15.82636],[108.21377,15.82643],[108.21337,15.82649],[108.21287,15.82661],[108.21241,15.82669],[108.21197,15.82673],[108.21089,15.82676],[108.21043,15.8267],[108.20966,15.82655],[108.20942,15.82655],[108.20936,15.82656],[108.20925,15.82659],[108.20886,15.82674],[108.20801,15.82712],[108.2072,15.82751],[108.20598,15.82833],[108.20593,15.82837],[108.2055,15.82866],[108.20474,15.82913],[108.20457,15.82921],[108.20438,15.82928],[108.20361,15.82936],[108.20344,15.82936],[108.20318,15.82938],[108.2031,15.8294],[108.20301,15.82941],[108.20291,15.82944],[108.20053,15.83063],[108.20032,15.83071],[108.19948,15.8309],[108.19925,15.83094],[108.19901,15.831],[108.19887,15.83101],[108.19873,15.83103],[108.19857,15.83103],[108.19844,15.83102],[108.19827,15.83099],[108.19825,15.83099],[108.19823,15.83098],[108.19779,15.83087],[108.19765,15.83082],[108.1975,15.83079],[108.19722,15.83077],[108.19718,15.83078],[108.19709,15.83078],[108.19699,15.83079],[108.19695,15.8308],[108.19681,15.83082],[108.19636,15.83099],[108.19634,15.83099],[108.19604,15.83118],[108.1957,15.83133],[108.19559,15.83137],[108.1954,15.83141],[108.19532,15.83142],[108.19526,15.83142],[108.19509,15.83138],[108.19435,15.83106],[108.19385,15.83093],[108.19335,15.83082],[108.19241,15.83057],[108.1923,15.83053],[108.19219,15.83048],[108.19203,15.83039],[108.19201,15.83037],[108.19145,15.82996],[108.19109,15.82976],[108.19066,15.82955],[108.19045,15.82948],[108.19045,15.82947],[108.19031,15.82944],[108.19022,15.82941],[108.18812,15.82895],[108.18372,15.8283],[108.1834,15.8283],[108.18307,15.82833],[108.18281,15.82837],[108.18168,15.82866],[108.18135,15.82871],[108.18111,15.82873],[108.18079,15.82871],[108.17933,15.82854],[108.17801,15.82843],[108.17801,15.82842],[108.17772,15.8284],[108.17709,15.82831],[108.1769,15.82827],[108.17664,15.82824],[108.17653,15.82824],[108.17644,15.82823],[108.17617,15.82823],[108.17525,15.82832],[108.1752,15.82833],[108.17469,15.82837],[108.17467,15.82838],[108.17369,15.82848],[108.17295,15.82859],[108.17266,15.82867],[108.17245,15.82877],[108.17226,15.82888],[108.17129,15.82938],[108.17119,15.82942],[108.17107,15.82948],[108.17092,15.82952],[108.17077,15.82953],[108.17018,15.82953],[108.16986,15.8295],[108.16966,15.82946],[108.1688,15.8292],[108.16871,15.82919],[108.16862,15.82919],[108.16854,15.8292],[108.16845,15.82924],[108.16836,15.82929],[108.1682,15.82941],[108.16748,15.83013],[108.16716,15.83039],[108.16534,15.83161],[108.1647,15.83194],[108.16428,15.83204],[108.16419,15.83205],[108.16254,15.83235],[108.16202,15.83248],[108.1616,15.83262],[108.1614,15.8327],[108.16132,15.83274],[108.16122,15.83278],[108.16064,15.83306],[108.15957,15.83349],[108.15876,15.83377],[108.15808,15.83396],[108.15778,15.83402],[108.15749,15.83403],[108.15717,15.83398],[108.15518,15.83354],[108.15445,15.8334],[108.15429,15.83339],[108.15392,15.83343],[108.15389,15.83344],[108.15367,15.83347],[108.15365,15.83347],[108.15321,15.83356],[108.15276,15.83363],[108.15253,15.83368],[108.15247,15.8337],[108.15238,15.83374],[108.15215,15.83388],[108.15177,15.83414],[108.15134,15.83441],[108.14982,15.83549],[108.14946,15.83571],[108.14928,15.8358],[108.14909,15.83588],[108.1486,15.83604],[108.14816,15.83615],[108.14772,15.83628],[108.1477,15.83628],[108.14734,15.83637],[108.14657,15.8366],[108.14633,15.83665],[108.14356,15.83675],[108.14273,15.83676],[108.1423,15.83681],[108.14216,15.83684],[108.14211,15.83684],[108.14021,15.83717],[108.14014,15.83719],[108.13946,15.83732],[108.13926,15.83737],[108.13911,15.83742],[108.13821,15.83795],[108.13814,15.838],[108.13797,15.83808],[108.13773,15.83817],[108.13525,15.83894],[108.13501,15.839],[108.13485,15.83902],[108.13476,15.83902],[108.13463,15.839],[108.13428,15.83891],[108.13325,15.83856],[108.13268,15.83839],[108.13254,15.83836],[108.13239,15.83834],[108.1307,15.83832],[108.12996,15.83835],[108.12964,15.83838],[108.126,15.83889],[108.12586,15.8389],[108.12561,15.83894],[108.12552,15.83894],[108.12537,15.83896],[108.12443,15.83894],[108.1243,15.83893],[108.12432,15.8384],[108.1243,15.83786],[108.12427,15.83775],[108.12424,15.83768],[108.12421,15.83763],[108.1242,15.8376],[108.12412,15.83746],[108.12411,15.83745],[108.12394,15.83713],[108.12384,15.83686],[108.12378,15.8366],[108.12376,15.83644],[108.12382,15.83622],[108.12401,15.83581],[108.12411,15.83569],[108.12434,15.83548],[108.12591,15.83418],[108.12601,15.83407],[108.12609,15.83395],[108.12614,15.83389],[108.12632,15.83352],[108.12646,15.83317],[108.12649,15.83305],[108.12649,15.83293],[108.12645,15.8328],[108.12638,15.83268],[108.12615,15.83238],[108.12608,15.83226],[108.1259,15.83184],[108.12566,15.83095],[108.12554,15.83056],[108.12547,15.83042],[108.12538,15.8303],[108.12445,15.82928],[108.12425,15.8291],[108.12395,15.82888],[108.12335,15.82857],[108.12269,15.82827],[108.12252,15.82818],[108.12244,15.82815],[108.12157,15.82771],[108.12152,15.82769],[108.12111,15.82748],[108.11894,15.82647],[108.11844,15.8262],[108.11824,15.82605],[108.11769,15.82547],[108.11756,15.82531],[108.11746,15.82512],[108.11731,15.82475],[108.11712,15.82421],[108.11701,15.82385],[108.11672,15.82267],[108.11659,15.8223],[108.11655,15.82223],[108.11655,15.82222],[108.1165,15.82211],[108.11637,15.82177],[108.11628,15.82157],[108.11615,15.8214],[108.11604,15.8213],[108.11576,15.82109],[108.11541,15.82079],[108.11513,15.82057],[108.11489,15.82036],[108.11421,15.81981],[108.11388,15.81952],[108.11375,15.81936],[108.11358,15.81905],[108.11355,15.81901],[108.11338,15.81869],[108.11333,15.81862],[108.11323,15.81845],[108.11312,15.81832],[108.11296,15.81819],[108.11277,15.81811],[108.11257,15.81807],[108.11226,15.81806],[108.11225,15.81805],[108.11185,15.81805],[108.11151,15.81803],[108.11131,15.818],[108.11084,15.81783],[108.11064,15.8177],[108.11028,15.81736],[108.10994,15.81695],[108.10986,15.81664],[108.10985,15.81644],[108.10994,15.81573],[108.11001,15.81556],[108.11016,15.81533],[108.11042,15.81502],[108.11048,15.81496],[108.11059,15.81481],[108.11066,15.81466],[108.11069,15.81457],[108.1107,15.81439],[108.11068,15.81426],[108.11049,15.81357],[108.11041,15.8134],[108.11033,15.8132],[108.1096,15.81209],[108.10931,15.81159],[108.10897,15.81077],[108.10869,15.81016],[108.10863,15.80989],[108.10851,15.80877],[108.10849,15.80817],[108.1085,15.80776],[108.10854,15.80742],[108.10865,15.80713],[108.10878,15.8069],[108.10917,15.80639],[108.11006,15.80532],[108.11029,15.805],[108.11033,15.80497],[108.11044,15.8048],[108.11049,15.80469],[108.11079,15.80379],[108.1108,15.80374],[108.11085,15.8036],[108.11089,15.8034],[108.11088,15.80274],[108.11093,15.80234],[108.11095,15.80226],[108.11095,15.80225],[108.11141,15.80122],[108.11147,15.80101],[108.11147,15.80084],[108.11146,15.80073],[108.1113,15.80016],[108.1111,15.79911],[108.11107,15.7989],[108.11086,15.79786],[108.11086,15.79785],[108.11052,15.79617],[108.11052,15.79616],[108.11015,15.7944],[108.11014,15.79437],[108.10995,15.79341],[108.10995,15.7934],[108.10979,15.79255],[108.10969,15.79214],[108.10967,15.79211],[108.10959,15.79194],[108.10928,15.7915],[108.10887,15.79097],[108.10855,15.79051],[108.10747,15.78905],[108.10725,15.78879],[108.1072,15.78872],[108.1071,15.78863],[108.10706,15.78861],[108.10623,15.78806],[108.10575,15.78771],[108.10541,15.78741],[108.10529,15.78728],[108.10494,15.78683],[108.10481,15.78663],[108.10467,15.78645],[108.10444,15.78611],[108.10428,15.7859],[108.10371,15.78524],[108.1036,15.78517],[108.10359,15.78517],[108.10359,15.78516],[108.10347,15.78509],[108.10305,15.78488],[108.10304,15.78488],[108.10259,15.78467],[108.10256,15.78465],[108.10155,15.78417],[108.10152,15.78416],[108.10136,15.78408],[108.10104,15.78395],[108.10007,15.78363],[108.09948,15.7835],[108.09891,15.78344],[108.09887,15.78343],[108.09838,15.78341],[108.09801,15.78338],[108.09755,15.78328],[108.0974,15.78322],[108.09713,15.78315],[108.09681,15.78305],[108.09653,15.78293],[108.09652,15.78293],[108.09635,15.78285],[108.09609,15.7827],[108.09519,15.78228],[108.09462,15.78197],[108.09298,15.78117],[108.09284,15.78115],[108.09237,15.78091],[108.09232,15.78089],[108.0912,15.7803],[108.09117,15.78029],[108.09021,15.77981],[108.08974,15.77962],[108.08806,15.7788],[108.08745,15.77866],[108.08734,15.77866],[108.0872,15.77861],[108.0852,15.77876],[108.08461,15.77869],[108.08404,15.77858],[108.08367,15.77847],[108.08333,15.77831],[108.08113,15.77705],[108.08105,15.77702],[108.08088,15.777],[108.07959,15.77675],[108.07957,15.77674],[108.07931,15.77669],[108.07899,15.77657],[108.0788,15.77647],[108.07863,15.77631],[108.07802,15.77519],[108.0779,15.77487],[108.07789,15.77486],[108.07782,15.77473],[108.0777,15.77454],[108.07758,15.77438],[108.07724,15.77401],[108.07657,15.77337],[108.07631,15.77316],[108.07611,15.77294],[108.07591,15.77268],[108.0758,15.77245],[108.07576,15.77232],[108.07573,15.77225],[108.07554,15.77166],[108.07539,15.7713],[108.07533,15.77113],[108.07529,15.77104],[108.07528,15.77099],[108.07521,15.77079],[108.0751,15.7706],[108.0749,15.77031],[108.0746,15.77001],[108.0743,15.76982],[108.07406,15.76974],[108.07322,15.76959],[108.072,15.76941],[108.07184,15.76931],[108.07176,15.76922],[108.07168,15.7691],[108.07106,15.7679],[108.07106,15.76789],[108.07099,15.76775],[108.07099,15.76774],[108.07095,15.7676],[108.07095,15.7675],[108.07097,15.76736],[108.07108,15.76692],[108.07112,15.76663],[108.07112,15.76652],[108.07104,15.76581],[108.07106,15.76568],[108.07111,15.7655],[108.07142,15.76493],[108.07148,15.76478],[108.07154,15.76458],[108.07164,15.76381],[108.07164,15.76368],[108.07163,15.7636],[108.07162,15.76357],[108.07162,15.76356],[108.07161,15.76354],[108.07156,15.7635],[108.0715,15.76344],[108.07135,15.76334],[108.07126,15.76327],[108.07104,15.76313],[108.07104,15.76312],[108.07091,15.76302],[108.07083,15.76293],[108.0706,15.76253],[108.07059,15.76252],[108.07035,15.76207],[108.07022,15.7619],[108.07014,15.76184],[108.07005,15.76179],[108.06987,15.76174],[108.06969,15.76173],[108.06936,15.76173],[108.06923,15.76171],[108.06915,15.76166],[108.06905,15.76157],[108.06879,15.76114],[108.06871,15.76105],[108.06863,15.76099],[108.0685,15.76092],[108.06846,15.76091],[108.06825,15.7608],[108.06724,15.76016],[108.06693,15.75994],[108.06681,15.75981],[108.06681,15.7598],[108.06677,15.75975],[108.06672,15.75961],[108.06667,15.75943],[108.06666,15.75941],[108.06663,15.75927],[108.06662,15.75917],[108.06663,15.75905],[108.06677,15.75872],[108.06685,15.75858],[108.06688,15.75854],[108.06714,15.75801],[108.06717,15.75789],[108.06718,15.7578],[108.06717,15.75772],[108.06715,15.75766],[108.06714,15.7576],[108.06708,15.75749],[108.06702,15.75743],[108.06685,15.75733],[108.06594,15.7569],[108.06572,15.75681],[108.06569,15.75679],[108.06557,15.75673],[108.0655,15.75668],[108.06543,15.75661],[108.06521,15.75634],[108.06517,15.75628],[108.06507,15.75618],[108.06505,15.75615],[108.06491,15.75602],[108.06481,15.75594],[108.06463,15.75582],[108.06448,15.75574],[108.06445,15.75573],[108.06399,15.75548],[108.06322,15.75511],[108.06238,15.75456],[108.06235,15.75455],[108.06151,15.75412],[108.06141,15.75405],[108.06135,15.75398],[108.06122,15.75379],[108.06108,15.7535],[108.06105,15.75339],[108.06098,15.753],[108.06098,15.75297],[108.06087,15.75243],[108.0608,15.7522],[108.06071,15.75204],[108.06064,15.75196],[108.06008,15.75152],[108.06001,15.75144],[108.05979,15.75094],[108.05967,15.75061],[108.05959,15.75045],[108.05948,15.7503],[108.05935,15.75019],[108.05908,15.75003],[108.05886,15.74992],[108.05879,15.74987],[108.05872,15.74979],[108.0587,15.74975],[108.05868,15.74968],[108.0584,15.74903],[108.05818,15.74874],[108.05741,15.74782],[108.05725,15.74758],[108.05696,15.74701],[108.05693,15.74697],[108.05677,15.74665],[108.05652,15.74623],[108.05637,15.74601],[108.05629,15.74595],[108.0562,15.7459],[108.05593,15.74578],[108.05545,15.74553],[108.05537,15.74547],[108.05519,15.74529],[108.05494,15.74501],[108.05481,15.74488],[108.05478,15.74484],[108.05406,15.74409],[108.05334,15.7433],[108.05332,15.74327],[108.05304,15.74299],[108.05191,15.7422],[108.0517,15.74203],[108.05112,15.74151],[108.05072,15.74119],[108.04928,15.73994],[108.04913,15.73977],[108.04902,15.73956],[108.04892,15.73923],[108.04892,15.73898],[108.04894,15.73887],[108.04901,15.73866],[108.04906,15.7384],[108.04917,15.73797],[108.04922,15.73784],[108.04927,15.73775],[108.04934,15.73768],[108.04949,15.73758],[108.0497,15.73749],[108.04975,15.73746],[108.05062,15.73705],[108.05083,15.73693],[108.05101,15.73685],[108.05128,15.73679],[108.05177,15.73672],[108.05214,15.73669],[108.05233,15.73666],[108.05237,15.73666],[108.05334,15.73649],[108.05362,15.73648],[108.05386,15.7365],[108.0544,15.73659],[108.05473,15.73662],[108.05492,15.73665],[108.05567,15.73673],[108.05652,15.73673],[108.05715,15.73677],[108.05822,15.73678],[108.05827,15.73679],[108.05852,15.7368],[108.05865,15.73677],[108.05869,15.73677],[108.0589,15.73671],[108.05912,15.73659],[108.05944,15.73633],[108.06115,15.73463],[108.06137,15.73437],[108.06146,15.73423],[108.06155,15.73406],[108.0616,15.73392],[108.06162,15.73389],[108.0618,15.73346],[108.06192,15.73304],[108.06208,15.73279],[108.06228,15.73252],[108.06293,15.73207],[108.06312,15.73192],[108.06328,15.7317],[108.06364,15.73094],[108.06378,15.73068],[108.06382,15.73063],[108.06383,15.7306],[108.06391,15.73049],[108.06392,15.73049],[108.0656,15.7289],[108.06579,15.72867],[108.06592,15.72848],[108.06612,15.72807],[108.06612,15.72806],[108.06729,15.72562],[108.06729,15.72561],[108.0681,15.7239],[108.06817,15.72369],[108.0682,15.72344],[108.06823,15.72244],[108.06824,15.72241],[108.06824,15.72205],[108.06826,15.72184],[108.0683,15.72063],[108.06829,15.72047],[108.06826,15.72032],[108.06821,15.72015],[108.068,15.71994],[108.06764,15.71929],[108.06582,15.71637],[108.06581,15.71636],[108.06496,15.71497],[108.06493,15.7149],[108.06476,15.71461],[108.06425,15.71381],[108.06418,15.71372],[108.06407,15.71355],[108.06371,15.71328],[108.06311,15.71308],[108.06121,15.71253],[108.05898,15.71176],[108.05886,15.71174],[108.05756,15.71127],[108.05562,15.71063],[108.05517,15.71045],[108.0548,15.71034],[108.05448,15.7103],[108.05436,15.7103],[108.054,15.71034],[108.05387,15.71038],[108.05299,15.71074],[108.05297,15.71074],[108.05046,15.71187],[108.05033,15.71192],[108.04911,15.71247],[108.04775,15.71318],[108.04772,15.71319],[108.0472,15.7133],[108.04717,15.7133],[108.04702,15.71333],[108.04699,15.71334],[108.04683,15.71337],[108.04681,15.71337],[108.04574,15.71361],[108.04556,15.71366],[108.0452,15.71374],[108.04517,15.71374],[108.04501,15.71378],[108.04483,15.71381],[108.04481,15.71382],[108.04465,15.71385],[108.04462,15.71386],[108.04392,15.714],[108.04389,15.71401],[108.04373,15.71404],[108.04297,15.71412],[108.04278,15.71413],[108.04262,15.71415],[108.0411,15.71421],[108.04048,15.71419],[108.04002,15.71409],[108.03999,15.71409],[108.03965,15.71401],[108.03963,15.714],[108.03947,15.71397],[108.03945,15.71396],[108.03893,15.71383],[108.03891,15.71382],[108.03856,15.71373],[108.03837,15.71367],[108.03831,15.71366],[108.03742,15.71338],[108.03733,15.71334],[108.03698,15.71322],[108.03698,15.71321],[108.03685,15.71317],[108.0368,15.71317],[108.03518,15.713],[108.03512,15.713],[108.03426,15.71289],[108.03425,15.71288],[108.03389,15.71282],[108.03371,15.71278],[108.03352,15.71275],[108.03345,15.71273],[108.0328537539458,15.71267973535181],[108.0326124588633,15.71274540626784],[108.032448396397,15.71290046547576],[108.0323246679345,15.71323639603472],[108.0324006310307,15.71350772453336],[108.0326825600152,15.71373221456043],[108.0329126939617,15.71377355801774],[108.0332193575516,15.71369291288103],[108.033409051874,15.71346920415702],[108.0334581087718,15.71316658061224],[108.0333193679231,15.71258266350231],[108.0332253233656,15.71233125690926],[108.03243,15.70931],[108.03245,15.7093],[108.033,15.70878],[108.03315,15.70862],[108.03315,15.70852],[108.03316,15.70841],[108.03316,15.70785],[108.03314,15.70775],[108.03314,15.70768],[108.03307,15.70752],[108.03289,15.70724],[108.03273,15.70704],[108.03239,15.70675],[108.03228,15.70668],[108.03225,15.70665],[108.03223,15.70664],[108.03216,15.70648],[108.0321,15.70637],[108.0321,15.70636],[108.03191,15.70591],[108.03177,15.70567],[108.03176,15.70564],[108.03175,15.70555],[108.03175,15.70543],[108.03176,15.70541],[108.03176,15.70539],[108.03178,15.70537],[108.03182,15.7053],[108.03186,15.70521],[108.03188,15.70518],[108.03188,15.70516],[108.03189,15.70513],[108.03193,15.70505],[108.03193,15.705],[108.03192,15.70497],[108.03192,15.70496],[108.03189,15.70491],[108.03186,15.70488],[108.03164,15.70459],[108.03161,15.70454],[108.03152,15.70435],[108.03135,15.70411],[108.0313,15.70405],[108.03127,15.70398],[108.03127,15.70395],[108.03128,15.70389],[108.03129,15.70387],[108.0313,15.70386],[108.03131,15.70384],[108.03138,15.7038],[108.03141,15.7038],[108.03142,15.70379],[108.03147,15.70381],[108.03148,15.70382],[108.0315,15.70383],[108.03151,15.70384],[108.03151,15.70385],[108.03152,15.70386],[108.03159,15.70396],[108.03166,15.70403],[108.03168,15.70404],[108.03169,15.70404],[108.0317,15.70405],[108.03184,15.70404],[108.03186,15.70403],[108.03188,15.70403],[108.03193,15.70398],[108.03194,15.70396],[108.03195,15.70395],[108.03194,15.70391],[108.03194,15.70388],[108.0319,15.70371],[108.03186,15.70348],[108.03181,15.70336],[108.03178,15.70326],[108.03168,15.70301],[108.03153,15.70272],[108.03151,15.7027],[108.03125,15.70235],[108.03109,15.70216],[108.03107,15.70212],[108.03007,15.70095],[108.02941,15.70025],[108.02886,15.6998],[108.02885,15.69978],[108.02851,15.69951],[108.02781,15.69905],[108.02755,15.6988],[108.02745,15.69864],[108.02743,15.69862],[108.02725,15.6982],[108.02714,15.69799],[108.02713,15.69798],[108.02687,15.69715],[108.02685,15.69711],[108.02621,15.69663],[108.02521,15.69609],[108.02516,15.69607],[108.02515,15.69606],[108.02504,15.696],[108.02383,15.69563],[108.02381,15.69562],[108.02376,15.69561],[108.02327,15.69546],[108.02325,15.69546],[108.0232,15.69545],[108.02271,15.69543],[108.02128,15.69504],[108.01952,15.69526],[108.01947,15.69526],[108.01846,15.69516],[108.01831,15.69516],[108.01746,15.69522],[108.01723,15.69516],[108.01708,15.6951],[108.01698,15.69507],[108.01692,15.69504],[108.01691,15.69504],[108.0168,15.695],[108.01674,15.69497],[108.01613,15.69472],[108.01595,15.69462],[108.01563,15.69442],[108.0156,15.69439],[108.01554,15.69431],[108.01552,15.69429],[108.01542,15.69402],[108.01538,15.69398],[108.01536,15.69397],[108.01535,15.69396],[108.01496,15.69374],[108.01471,15.69363],[108.01371,15.69337],[108.01338,15.6932],[108.01331,15.69315],[108.01309,15.69295],[108.01268,15.69246],[108.01228,15.69186],[108.01211,15.69165],[108.01201,15.69159],[108.01186,15.69152],[108.01156,15.6914],[108.01123,15.69118],[108.01122,15.69118],[108.0112,15.69116],[108.01023,15.69051],[108.00999,15.69027],[108.00985,15.69011],[108.00981,15.69005],[108.00956,15.68977],[108.00944,15.68971],[108.00858,15.68943],[108.00722,15.68863],[108.00718,15.6886],[108.00478,15.68723],[108.00475,15.6872],[108.00469,15.68708],[108.00469,15.68703],[108.00484,15.68629],[108.00489,15.68611],[108.00496,15.68576],[108.00502,15.68553],[108.00505,15.68533],[108.00505,15.68474],[108.005,15.68371],[108.00485,15.6832],[108.00485,15.68317],[108.00477,15.68289],[108.00469,15.68266],[108.00462,15.68237],[108.00459,15.68212],[108.00459,15.68205],[108.00448,15.68088],[108.00434,15.68028],[108.00417,15.67974],[108.0041,15.67959],[108.00401,15.67949],[108.00212,15.67806],[108.00193,15.67794],[108.00179,15.67788],[108.00171,15.67786],[108.0017,15.67786],[108.00163,15.67784],[108.00007,15.67773],[107.99993,15.67771],[107.99987,15.67768],[107.99981,15.67763],[107.99977,15.67757],[107.99911,15.6761],[107.999,15.67581],[107.99884,15.67523],[107.99883,15.67517],[107.99879,15.67505],[107.99872,15.67473],[107.99869,15.67465],[107.99858,15.67427],[107.99851,15.67408],[107.99848,15.67403],[107.99845,15.674],[107.99843,15.67399],[107.99842,15.67398],[107.99835,15.67396],[107.99828,15.67396],[107.99825,15.67397],[107.99801,15.67402],[107.99794,15.67402],[107.9979,15.67401],[107.99788,15.67401],[107.99783,15.67398],[107.99777,15.67392],[107.99751,15.67341],[107.99747,15.67335],[107.99744,15.67332],[107.9974,15.67329],[107.99733,15.67327],[107.99724,15.67326],[107.99691,15.67326],[107.99681,15.67324],[107.99676,15.67321],[107.99669,15.67314],[107.99624,15.67259],[107.99616,15.67247],[107.99613,15.6724],[107.9961,15.67212],[107.99606,15.67082],[107.99604,15.6706],[107.99582,15.67045],[107.99559,15.67031],[107.99532,15.67011],[107.9953,15.67008],[107.99528,15.67007],[107.99527,15.67004],[107.99526,15.66968],[107.99566,15.66905],[107.99568,15.66892],[107.99556,15.66718],[107.9955,15.66699],[107.99344,15.66281],[107.99338,15.66274],[107.99238,15.66178],[107.99122,15.66054],[107.99104,15.66039],[107.99098,15.66037],[107.99097,15.66036],[107.99058,15.66028],[107.99052,15.66025],[107.99045,15.66019],[107.99036,15.66009],[107.99027,15.65992],[107.99026,15.65991],[107.99019,15.65981],[107.99004,15.65964],[107.98985,15.65949],[107.98959,15.65932],[107.98944,15.65921],[107.98918,15.65899],[107.98915,15.65897],[107.98913,15.65895],[107.98906,15.65881],[107.98896,15.65846],[107.98896,15.65845],[107.9888,15.65785],[107.98869,15.65726],[107.98869,15.65722],[107.98875,15.65687],[107.98894,15.65606],[107.98904,15.65583],[107.98905,15.65582],[107.98906,15.65579],[107.98907,15.65578],[107.98908,15.65576],[107.98911,15.65574],[107.98927,15.65558],[107.98974,15.6554],[107.98975,15.65539],[107.98978,15.65539],[107.98992,15.65531],[107.99001,15.65527],[107.99002,15.65525],[107.99024,15.65493],[107.99052,15.6547],[107.99055,15.65467],[107.99061,15.6545],[107.99064,15.65444],[107.99064,15.65443],[107.99066,15.65437],[107.99068,15.65433],[107.99075,15.65413],[107.99079,15.65379],[107.99079,15.65373],[107.99077,15.65363],[107.99077,15.65362],[107.99075,15.65356],[107.9907,15.65346],[107.99058,15.65316],[107.99058,15.65312],[107.99054,15.65295],[107.99055,15.65268],[107.99073,15.65207],[107.99075,15.65204],[107.99076,15.65164],[107.99074,15.65146],[107.99073,15.65143],[107.99072,15.65136],[107.99068,15.6512],[107.99072,15.65007],[107.9907,15.64912],[107.99072,15.64831],[107.99082,15.64777],[107.99084,15.64755],[107.99082,15.64747],[107.99076,15.64734],[107.99064,15.64719],[107.9905,15.64704],[107.98941,15.64618],[107.98923,15.64605],[107.98922,15.64604],[107.98839,15.64547],[107.98779,15.64496],[107.98639,15.64331],[107.9863,15.64322],[107.98627,15.64317],[107.98614,15.64304],[107.98583,15.64268],[107.98568,15.64258],[107.9856,15.64256],[107.98557,15.64256],[107.9852,15.64266],[107.98385,15.64317],[107.98382,15.64319],[107.98334,15.64337],[107.98275,15.64353],[107.98273,15.64354],[107.98241,15.6435],[107.98171,15.64322],[107.98106,15.64258],[107.98066,15.64207],[107.98063,15.64201],[107.98063,15.64199],[107.98062,15.64198],[107.98048,15.64168],[107.98047,15.64167],[107.98025,15.64115],[107.98004,15.6409],[107.98003,15.64088],[107.98003,15.64087],[107.9798,15.6406],[107.97946,15.64012],[107.9792,15.63984],[107.97908,15.63975],[107.97881,15.63952],[107.9788,15.63952],[107.9787,15.63935],[107.97867,15.63923],[107.9786,15.63904],[107.9785,15.63888],[107.97849,15.63888],[107.97848,15.63886],[107.97834,15.63879],[107.97833,15.63879],[107.97818,15.63875],[107.97784,15.6387],[107.97764,15.63862],[107.97762,15.63862],[107.97756,15.6386],[107.97728,15.63844],[107.97721,15.63841],[107.97675,15.63804],[107.976,15.63735],[107.97556,15.63685],[107.97553,15.63683],[107.97542,15.6367],[107.97534,15.63653],[107.97523,15.63622],[107.97522,15.63617],[107.97511,15.63587],[107.975,15.63568],[107.97488,15.6356],[107.97476,15.6355],[107.97445,15.63538],[107.97387,15.63494],[107.9735,15.63476],[107.97215,15.63438],[107.97135,15.63405],[107.97134,15.63405],[107.97131,15.63403]]},"properties":{"name":"QL14H","visibility":false,"styleUrl":"#line-1267FF-5000-nodesc4","stroke-opacity":1,"stroke":"#ff00ff","stroke-width":10}},{"type":"Feature","geometry":{"type":"LineString","coordinates":[[108.0369696911109,15.71322665098522],[108.0365379456968,15.71319550065412],[108.0361784082592,15.71314223905088],[108.0359267895071,15.71310799209251],[108.0352526995457,15.7130159520481],[108.0347282398028,15.71293946895464],[108.0339168181545,15.71281534621617],[108.0336517121569,15.71278582458624],[108.0333726513471,15.71274801399557],[108.0329450457318,15.71269444987445],[108.0327364150348,15.71272749537795],[108.0325649979556,15.71280150609141],[108.0324183409591,15.712955446584],[108.0323725043214,15.71308144104448],[108.0323381917506,15.71318792074441],[108.0323287934648,15.71325834106737],[108.0323483930485,15.71335103812003],[108.0323807339053,15.71349111286215],[108.0324345448909,15.71358886887132],[108.032607560206,15.71370731178857],[108.0326905165503,15.7137727428865],[108.0328692092424,15.71379427546025],[108.0330968534978,15.71374566322284],[108.0332086548015,15.7136775024098],[108.0333327600465,15.71358634714016],[108.0333845861787,15.71349439872786],[108.0334222609077,15.71341601244106],[108.033460944498,15.71327883141135],[108.0334454449551,15.71308619191768],[108.0333907904627,15.71286638050106],[108.0333199132898,15.71258350424779],[108.0332589991537,15.7124015859391]]},"properties":{"name":"Km59+846 - Km60+477 Cầu Nông Sơn và đường dẫn (mới)","visibility":false,"description":"Dự kiến chuyển thành QL.14H","styleUrl":"#msn_ylw-pushpin00","stroke-opacity":1,"stroke":"#ffff00","stroke-width":20,"icon-scale":1.1,"icon-offset":[20,2],"icon-offset-units":["pixels","pixels"],"icon":"http://maps.google.com/mapfiles/kml/pushpin/ylw-pushpin.png"}},{"type":"Feature","geometry":{"type":"LineString","coordinates":[[108.0369638303491,15.7131988821823],[108.0363806105936,15.71309849032595],[108.0359247888714,15.71303257374698],[108.0356088131009,15.71297432131446],[108.0355950298724,15.71296840140702],[108.0355885617989,15.71296899622442],[108.0340853912359,15.71276692143876],[108.0339251484894,15.71274191248312],[108.0334857750215,15.71268966659089],[108.0330606046121,15.7126214352884],[108.0324654546931,15.71255511436035],[108.0322315678488,15.71253515106689],[108.0321578743616,15.71252017724205],[108.0323100450852,15.71246205648547],[108.0325007858745,15.71242812149155],[108.0325034612855,15.71242523551695],[108.0327608420397,15.71242030586033],[108.0329795701738,15.71244067204407],[108.0331307938822,15.71243043513945],[108.0331881375913,15.71240135262728],[108.0332106324914,15.71234103636153],[108.0332056894122,15.71227850923552]]},"properties":{"name":"Cầu Nông Sơn cũ và đường dẫn","visibility":false,"description":"Chuyển thành đường địa phương theo đề xuất của UBND xã Nông Sơn","styleUrl":"#msn_ylw-pushpin01","stroke-opacity":1,"stroke":"#ff00ff","stroke-width":10,"icon-scale":1.1,"icon-offset":[20,2],"icon-offset-units":["pixels","pixels"],"icon":"http://maps.google.com/mapfiles/kml/pushpin/ylw-pushpin.png"}},{"type":"Feature","geometry":{"type":"LineString","coordinates":[[108.55221,15.58792],[108.55121,15.58781],[108.54978,15.5877],[108.54951,15.58771],[108.54838,15.58767],[108.54832,15.58766],[108.54784,15.58767],[108.54692,15.58758],[108.5466,15.58752],[108.54645,15.58745],[108.54475,15.58629],[108.5444,15.58615],[108.54279,15.5857],[108.54242,15.58568],[108.54221,15.58569],[108.54121,15.58587],[108.54084,15.58618],[108.53938,15.58771],[108.53853,15.58887],[108.53689,15.59123],[108.53671,15.59145],[108.53514,15.59276],[108.5345,15.59348],[108.53432,15.59362],[108.53351,15.59399],[108.53332,15.59411],[108.53331,15.59412],[108.53307,15.59425],[108.53298,15.59427],[108.53286,15.59426],[108.53275,15.59423],[108.53262,15.59414],[108.53157,15.59296],[108.53026,15.59125],[108.52958,15.59049],[108.52947,15.59034],[108.5292,15.58991],[108.52902,15.58952],[108.52885,15.589],[108.52875,15.58851],[108.52868,15.58784],[108.52863,15.5866],[108.52861,15.58388],[108.52851,15.58202],[108.52834,15.58102],[108.52825,15.58066],[108.52807,15.58015],[108.5278,15.57948],[108.52761,15.57891],[108.52701,15.57761],[108.52077,15.56738],[108.52033,15.56676],[108.51996,15.56629],[108.51932,15.56554],[108.51894,15.56515],[108.51848,15.56472],[108.51723,15.56383],[108.51045,15.55995],[108.51005,15.55962],[108.5098,15.5595],[108.50967,15.55941],[108.50902,15.55903],[108.50892,15.55899],[108.50674,15.55786],[108.50551,15.55712],[108.50521,15.55689],[108.504,15.5562],[108.50355,15.5559],[108.50343,15.55584],[108.50232,15.55513],[108.50185,15.55471],[108.50125,15.55426],[108.50009,15.55315],[108.49988,15.55301],[108.49982,15.553],[108.49973,15.55296],[108.49946,15.55279],[108.49934,15.55265],[108.49929,15.55251],[108.49928,15.55232],[108.49929,15.55226],[108.49873,15.55158],[108.49827,15.55095],[108.49769,15.55004],[108.49727,15.54932],[108.49715,15.54904],[108.49693,15.5487],[108.49684,15.54859],[108.49662,15.54822],[108.49633,15.54781],[108.496,15.54719],[108.49599,15.54718],[108.49556,15.5464],[108.49517,15.54576],[108.49484,15.54533],[108.49463,15.5451],[108.49425,15.54473],[108.494,15.54454],[108.49361,15.54428],[108.49345,15.54419],[108.4934,15.54415],[108.4926,15.5438],[108.49193,15.54364],[108.49157,15.54358],[108.4908,15.54353],[108.49043,15.54355],[108.49039,15.54356],[108.48997,15.54361],[108.48931,15.54377],[108.48892,15.5439],[108.48796,15.54431],[108.48795,15.54432],[108.48707,15.54472],[108.48677,15.54483],[108.48533,15.54548],[108.48436,15.54596],[108.48301,15.54654],[108.48265,15.54672],[108.48084,15.54753],[108.48003,15.54782],[108.47937,15.548],[108.47878,15.54812],[108.47844,15.54816],[108.47835,15.54818],[108.47684,15.54828],[108.47612,15.54829],[108.47608,15.5483],[108.47604,15.54832],[108.47581,15.54826],[108.47513,15.54814],[108.47234,15.54776],[108.47198,15.54773],[108.47174,15.54773],[108.4705,15.54784],[108.46983,15.54793],[108.46913,15.54795],[108.4688,15.54791],[108.46867,15.54787],[108.4681,15.54749],[108.4679,15.54733],[108.46673,15.54653],[108.46649,15.54639],[108.4663,15.5463],[108.46609,15.54623],[108.46566,15.54615],[108.46352,15.546],[108.46305,15.54594],[108.46237,15.54582],[108.46237,15.54581],[108.46216,15.54578],[108.46176,15.54567],[108.46164,15.5456],[108.46159,15.54556],[108.46148,15.54543],[108.4614,15.5453],[108.46135,15.54519],[108.46126,15.54507],[108.46016,15.54338],[108.45987,15.54302],[108.45972,15.54287],[108.4596,15.54279],[108.45824,15.54208],[108.45768,15.54165],[108.45755,15.54158],[108.45734,15.54143],[108.4561,15.54027],[108.45582,15.54006],[108.45566,15.53999],[108.45542,15.53991],[108.45521,15.53986],[108.45496,15.53982],[108.45494,15.53981],[108.45488,15.53981],[108.45403,15.53964],[108.45364,15.5396],[108.45289,15.53957],[108.45088,15.53922],[108.45075,15.53922],[108.45019,15.53911],[108.44882,15.53875],[108.44851,15.53869],[108.44733,15.53838],[108.44732,15.53838],[108.44696,15.53826],[108.44639,15.53813],[108.44536,15.53784],[108.44415,15.53742],[108.44293,15.53694],[108.44258,15.53683],[108.44142,15.53639],[108.44004,15.53593],[108.43928,15.53572],[108.43812,15.53531],[108.43776,15.53515],[108.4375,15.53498],[108.43672,15.53428],[108.4365,15.53411],[108.4341,15.53263],[108.43285,15.53193],[108.43236,15.53172],[108.43177,15.53154],[108.43136,15.53137],[108.43124,15.5313],[108.43113,15.53122],[108.43102,15.53112],[108.42878,15.5297],[108.42705,15.52852],[108.4253,15.52722],[108.42509,15.52704],[108.42486,15.5269],[108.42209,15.52489],[108.42144,15.52447],[108.42071,15.52394],[108.42027,15.52366],[108.42026,15.52366],[108.41997,15.52346],[108.41971,15.52333],[108.4193,15.52316],[108.4184,15.52284],[108.41829,15.52279],[108.41651,15.5222],[108.41442,15.52145],[108.41417,15.52133],[108.41318,15.5206],[108.413,15.52043],[108.41263,15.52014],[108.41245,15.52002],[108.41208,15.51984],[108.41178,15.51975],[108.40619,15.51843],[108.40553,15.51832],[108.40388,15.51768],[108.40365,15.51756],[108.40364,15.51756],[108.40357,15.51753],[108.40301,15.51706],[108.403,15.51706],[108.40278,15.51687],[108.40271,15.51683],[108.40268,15.5168],[108.40255,15.51674],[108.40253,15.51674],[108.40252,15.51673],[108.40219,15.51663],[108.40217,15.51663],[108.39528,15.51413],[108.39392,15.51358],[108.39365,15.51343],[108.39352,15.51334],[108.39297,15.51284],[108.39294,15.51282],[108.39271,15.51258],[108.39247,15.51238],[108.392,15.51207],[108.39197,15.51204],[108.39185,15.51196],[108.39183,15.51193],[108.39182,15.51193],[108.39153,15.51161],[108.39146,15.51148],[108.39135,15.51118],[108.39121,15.51098],[108.39112,15.51079],[108.39099,15.51058],[108.39098,15.51057],[108.39093,15.51049],[108.39087,15.51044],[108.39086,15.51042],[108.39078,15.51037],[108.39048,15.51024],[108.39043,15.51023],[108.38985,15.51],[108.38838,15.50965],[108.38774,15.50944],[108.38771,15.50944],[108.38725,15.5093],[108.3868,15.50922],[108.38642,15.5092],[108.38514,15.50931],[108.38452,15.50934],[108.38433,15.50933],[108.3836,15.50918],[108.38244,15.50885],[108.38191,15.50865],[108.3818,15.50863],[108.38083,15.50824],[108.38017,15.50805],[108.3801,15.50802],[108.37994,15.50793],[108.37882,15.50714],[108.37881,15.50714],[108.37519,15.50453],[108.37477,15.5041],[108.3741,15.50356],[108.37396,15.50337],[108.37377,15.50302],[108.37337,15.50208],[108.37336,15.50207],[108.37298,15.50126],[108.37298,15.50125],[108.37261,15.50043],[108.37259,15.50041],[108.3725,15.50024],[108.37226,15.49987],[108.37194,15.49945],[108.37189,15.49937],[108.37185,15.49933],[108.37158,15.4989],[108.37146,15.49874],[108.37117,15.49844],[108.37116,15.49844],[108.37111,15.49839],[108.37111,15.49838],[108.37106,15.49834],[108.37102,15.49829],[108.37093,15.49814],[108.37068,15.49739],[108.37055,15.49719],[108.37034,15.49697],[108.37032,15.49694],[108.37026,15.49689],[108.37012,15.49674],[108.36997,15.49661],[108.36881,15.4959],[108.36846,15.49564],[108.36823,15.49551],[108.36797,15.49534],[108.36783,15.49523],[108.3678,15.49522],[108.3678,15.49521],[108.36779,15.49521],[108.36768,15.4951],[108.36762,15.495],[108.36752,15.49473],[108.36744,15.49442],[108.36744,15.49441],[108.36714,15.49335],[108.36702,15.49309],[108.36668,15.49263],[108.36597,15.49192],[108.36594,15.4919],[108.36582,15.49177],[108.36556,15.49155],[108.3654,15.49145],[108.36535,15.4914],[108.36529,15.4914],[108.36529,15.49139],[108.36527,15.49139],[108.36527,15.49138],[108.36526,15.49138],[108.36526,15.49137],[108.36525,15.49136],[108.36525,15.49134],[108.36524,15.49134],[108.36511,15.49125],[108.36509,15.49123],[108.36507,15.4912],[108.3647,15.49105],[108.36163,15.49011],[108.36123,15.49001],[108.3601,15.48966],[108.36001,15.48962],[108.359821190998,15.48955671967247],[108.359564705717,15.48946324936725],[108.3594422292135,15.4894001251139],[108.3593245478291,15.48934817816282],[108.3591538865965,15.48920600212416],[108.3590365644491,15.48906145220851],[108.3589567545397,15.48898544945231],[108.3589196936707,15.48893908991468],[108.3588912931099,15.4888867268392],[108.3588629062507,15.48884474297482],[108.3588273138495,15.4887890295641],[108.35878,15.48866],[108.35872,15.48856],[108.35863,15.4883],[108.35859,15.48742],[108.35856,15.4872],[108.35841,15.48687],[108.35805,15.48585],[108.35804,15.48584],[108.3579,15.48561],[108.35778,15.4855],[108.35606,15.48459],[108.35592,15.4845],[108.35584,15.48443],[108.35508,15.48353],[108.35491,15.48339],[108.35456,15.48319],[108.35445,15.48314],[108.35435,15.48312],[108.35422,15.48311],[108.353716872168,15.48305953715821],[108.3535660826746,15.48303551374888],[108.3533014803287,15.48296238592886],[108.3531955969171,15.48293537766934],[108.3530450238728,15.48286283596988],[108.35246,15.48246],[108.35245,15.48246],[108.35229,15.48235],[108.35211,15.48226],[108.35173,15.48217],[108.35134,15.48211],[108.34843,15.48143],[108.34815,15.48134],[108.34787,15.48127],[108.34736,15.4812],[108.34689,15.48117],[108.34649,15.4811],[108.34583,15.48088],[108.34509,15.4806],[108.34408,15.48039],[108.34365,15.48032],[108.34272,15.48031],[108.34204,15.48033],[108.34102,15.48031],[108.34067,15.48027],[108.34065,15.48026],[108.34048,15.48023],[108.33796,15.47958],[108.33743,15.47941],[108.33595,15.47901],[108.33581,15.47896],[108.33565,15.47888],[108.33507,15.47847],[108.33455,15.47815],[108.33454,15.47814],[108.33377,15.47766],[108.33327,15.47742],[108.33319,15.47737],[108.3331,15.47734],[108.32916,15.47554],[108.32906,15.47551],[108.32895,15.47549],[108.32867,15.47548],[108.32741,15.4756],[108.32726,15.47564],[108.32662,15.47586],[108.32518,15.47644],[108.32474,15.47667],[108.32382,15.47722],[108.32371,15.47732],[108.32355,15.47753],[108.3235,15.47762],[108.3235,15.47763],[108.32345,15.47775],[108.3233,15.47841],[108.32327,15.47848],[108.32326,15.47849],[108.32324,15.47854],[108.32313,15.47867],[108.32288,15.47891],[108.32264,15.47911],[108.32221,15.47936],[108.32173,15.47959],[108.32082,15.47989],[108.31912,15.48051],[108.31911,15.48051],[108.31895,15.48056],[108.31877,15.4806],[108.31835,15.48062],[108.31798,15.48061],[108.31762,15.48066],[108.31751,15.48071],[108.31706,15.48099],[108.31608,15.47966],[108.31553,15.47856],[108.31508,15.47775],[108.31469,15.47684],[108.31442,15.47629],[108.31438,15.47623],[108.31371,15.47491],[108.31343,15.47449],[108.31326,15.47432],[108.31299,15.47417],[108.31298,15.47416],[108.3127,15.4741],[108.31252,15.4741],[108.31205,15.47414],[108.31135,15.47426],[108.31086,15.47437],[108.31068,15.47443],[108.31053,15.47452],[108.31035,15.47465],[108.31022,15.47478],[108.31003,15.47501],[108.31002,15.47503],[108.30965,15.47554],[108.30945,15.47587],[108.30929,15.47627],[108.30916,15.47684],[108.30901,15.47714],[108.30889,15.47734],[108.30874,15.47748],[108.30855,15.47762],[108.3085,15.47763],[108.3083,15.47771],[108.308,15.47777],[108.30699,15.47787],[108.30649,15.47798],[108.30622,15.47807],[108.30589,15.47823],[108.30548,15.47849],[108.30485,15.47897],[108.30374,15.48003],[108.30359,15.48014],[108.30332,15.48028],[108.30304,15.48035],[108.30259,15.48041],[108.30064,15.48045],[108.29998,15.48039],[108.2999,15.48039],[108.29948,15.48034],[108.29935,15.48035],[108.29916,15.48039],[108.29912,15.4803],[108.29831,15.47949],[108.29812,15.47924],[108.29798,15.479],[108.29792,15.47874],[108.29789,15.47838],[108.29795,15.47796],[108.29794,15.47791],[108.2979,15.47736],[108.29785,15.4772],[108.29781,15.4769],[108.29776,15.47671],[108.29768,15.47658],[108.2975,15.4764],[108.29737,15.4763],[108.29646,15.47576],[108.29644,15.47574],[108.29534,15.47513],[108.29524,15.47502],[108.29522,15.47498],[108.29423,15.47362],[108.29414,15.47352],[108.29406,15.4734],[108.29403,15.47332],[108.294,15.47327],[108.29396,15.47316],[108.29392,15.47279],[108.29392,15.47268],[108.29388,15.47241],[108.29386,15.47187],[108.29384,15.4717],[108.29376,15.46997],[108.29377,15.46988],[108.29382,15.46977],[108.29424,15.46918],[108.2943,15.46906],[108.29431,15.46906],[108.29434,15.46897],[108.29437,15.46877],[108.29436,15.46852],[108.29432,15.46817],[108.2943,15.46781],[108.29426,15.46769],[108.29414,15.46645],[108.29414,15.46626],[108.29415,15.46616],[108.29415,15.46574],[108.29416,15.46562],[108.29417,15.46442],[108.29418,15.46436],[108.29425,15.46419],[108.29502,15.46309],[108.29516,15.46295],[108.29537,15.46277],[108.29553,15.46266],[108.29558,15.46261],[108.29568,15.46245],[108.29583,15.46212],[108.29588,15.46194],[108.29589,15.46176],[108.29571,15.45943],[108.2957,15.4594],[108.29567,15.45879],[108.29563,15.45868],[108.29552,15.45847],[108.29536,15.45829],[108.29535,15.45826],[108.29525,15.45811],[108.29523,15.45809],[108.29519,15.45797],[108.29518,15.45774],[108.29528,15.45685],[108.29529,15.45658],[108.29525,15.45628],[108.29512,15.45575],[108.29511,15.45574],[108.29507,15.45519],[108.29498,15.45469],[108.29494,15.45464],[108.29487,15.45452],[108.29442,15.45402],[108.29305,15.45202],[108.29258,15.45152],[108.29239,15.45134],[108.29218,15.45126],[108.29191,15.45118],[108.29176,15.4511],[108.29166,15.45106],[108.29158,15.45098],[108.29155,15.45094],[108.29152,15.45087],[108.29151,15.45083],[108.29152,15.45077],[108.2919,15.44974],[108.2919,15.44963],[108.29183,15.44951],[108.29177,15.44943],[108.29165,15.44934],[108.29156,15.44923],[108.29154,15.44922],[108.2914,15.4491],[108.29125,15.44894],[108.29117,15.44883],[108.29112,15.44867],[108.29114,15.44809],[108.2915,15.44592],[108.29154,15.44575],[108.29161,15.44561],[108.29173,15.44544],[108.2918,15.44532],[108.29182,15.44527],[108.29183,15.44502],[108.29156,15.44474],[108.29141,15.44453],[108.29141,15.44452],[108.2914,15.44451],[108.29128,15.44428],[108.29123,15.44422],[108.29103,15.44391],[108.29048,15.44345],[108.29015,15.4432],[108.28978,15.44298],[108.28964,15.44288],[108.28949,15.44271],[108.28921,15.44228],[108.28892,15.44155],[108.28834,15.44056],[108.28816,15.44036],[108.28781,15.44011],[108.28771,15.44005],[108.28751,15.43999],[108.28693,15.43996],[108.28676,15.43993],[108.28671,15.43993],[108.28648,15.43983],[108.28639,15.43977],[108.2862,15.43957],[108.2854,15.43855],[108.28527,15.43842],[108.28372,15.43721],[108.28237,15.43607],[108.28205,15.43555],[108.28192,15.43527],[108.2819,15.43524],[108.2818,15.43518],[108.28168,15.43518],[108.28155,15.43521],[108.28139,15.43528],[108.28124,15.43539],[108.28118,15.43545],[108.28113,15.43554],[108.28103,15.43565],[108.28094,15.43569],[108.28081,15.43569],[108.27963,15.43546],[108.27949,15.43545],[108.27915,15.43549],[108.27901,15.43549],[108.27888,15.43546],[108.27886,15.43545],[108.27878,15.43536],[108.27872,15.43524],[108.27861,15.43483],[108.27857,15.43475],[108.27851,15.43471],[108.27846,15.43469],[108.27841,15.43469],[108.27834,15.43471],[108.2783,15.43473],[108.27827,15.43476],[108.27823,15.43482],[108.27823,15.43483],[108.2782,15.43488],[108.27812,15.43512],[108.27805,15.43543],[108.27801,15.43555],[108.27797,15.43562],[108.27793,15.43566],[108.2779,15.43568],[108.27781,15.43571],[108.27757,15.4357],[108.2767,15.43534],[108.27635,15.43522],[108.27609,15.43515],[108.27553,15.43491],[108.27513,15.43478],[108.27476,15.43459],[108.27447,15.43455],[108.27427,15.43456],[108.27424,15.43455],[108.27419,15.43452],[108.27413,15.43447],[108.27386,15.43416],[108.27332,15.43347],[108.27299,15.43322],[108.27249,15.43295],[108.27218,15.4327],[108.27142,15.43201],[108.2714,15.432],[108.27126,15.43188],[108.27113,15.43179],[108.27084,15.43152],[108.27079,15.43149],[108.27071,15.43147],[108.26979,15.43137],[108.26944,15.4313],[108.26938,15.43128],[108.26914,15.43114],[108.26882,15.4309],[108.26869,15.43082],[108.26862,15.4308],[108.26851,15.43079],[108.26839,15.43082],[108.26822,15.43088],[108.26804,15.43096],[108.26776,15.43105],[108.26759,15.43109],[108.26737,15.43111],[108.26722,15.43114],[108.26719,15.43114],[108.2671,15.43117],[108.26681,15.4313],[108.26672,15.43133],[108.26661,15.43134],[108.26641,15.43131],[108.26628,15.43125],[108.26613,15.43116],[108.26607,15.4311],[108.26592,15.43084],[108.26569,15.43034],[108.26496,15.4289],[108.2649,15.42881],[108.26474,15.42864],[108.26453,15.42848],[108.26445,15.42844],[108.26433,15.4284],[108.26404,15.42835],[108.26394,15.42832],[108.26371,15.42822],[108.26235,15.42753],[108.26215,15.42741],[108.26205,15.42728],[108.26199,15.42718],[108.26199,15.42702],[108.26201,15.42695],[108.26212,15.42677],[108.26212,15.42676],[108.26297,15.42568],[108.26306,15.42552],[108.26308,15.42546],[108.26308,15.42532],[108.26306,15.42526],[108.26302,15.42519],[108.26291,15.42504],[108.26214,15.42413],[108.26208,15.42399],[108.26211,15.42382],[108.26223,15.4234],[108.26226,15.42325],[108.26227,15.42311],[108.26223,15.42277],[108.262,15.42181],[108.26199,15.4218],[108.26194,15.42158],[108.26195,15.42141],[108.26199,15.42123],[108.26238,15.41998],[108.2624,15.41976],[108.26238,15.4196],[108.26232,15.41952],[108.26221,15.41942],[108.26194,15.41921],[108.26169,15.41906],[108.26156,15.41896],[108.26144,15.4189],[108.26138,15.41886],[108.26118,15.41879],[108.26099,15.41874],[108.2609,15.4187],[108.26073,15.41858],[108.26059,15.41843],[108.26049,15.4183],[108.26032,15.41815],[108.2601,15.418],[108.25876,15.41741],[108.25801,15.41711],[108.25735,15.4168],[108.25699,15.41647],[108.25687,15.41633],[108.2567,15.41616],[108.25636,15.41574],[108.2563,15.41564],[108.25629,15.41563],[108.25628,15.4156],[108.25615,15.41541],[108.25607,15.41524],[108.25592,15.41459],[108.25584,15.41434],[108.25571,15.41417],[108.25545,15.41389],[108.25544,15.41387],[108.25533,15.41375],[108.25517,15.4135],[108.25512,15.41337],[108.25508,15.41321],[108.25499,15.41269],[108.25491,15.41178],[108.2549,15.41173],[108.25482,15.41157],[108.25467,15.41141],[108.25459,15.41136],[108.2545,15.41133],[108.25404,15.41126],[108.2539,15.41126],[108.25381,15.41127],[108.25367,15.41127],[108.25345,15.41125],[108.25333,15.41121],[108.2533,15.41119],[108.25327,15.41115],[108.25325,15.41111],[108.25324,15.41106],[108.25329,15.41018],[108.25341,15.40965],[108.25339,15.40953],[108.25337,15.40946],[108.25322,15.40928],[108.25279,15.40883],[108.25235,15.40827],[108.25225,15.40812],[108.25218,15.40797],[108.25215,15.40781],[108.25216,15.40768],[108.25221,15.40748],[108.25222,15.40722],[108.25202,15.40639],[108.25202,15.40637],[108.25196,15.40619],[108.25188,15.4061],[108.25154,15.40587],[108.2514,15.40576],[108.25136,15.40567],[108.25119,15.40487],[108.25112,15.40434],[108.25105,15.40411],[108.25087,15.40373],[108.25061,15.40331],[108.25034,15.40273],[108.25024,15.40256],[108.25015,15.40249],[108.25015,15.40248],[108.24987,15.40224],[108.24923,15.40179],[108.24814,15.40109],[108.24803,15.40103],[108.24802,15.40103],[108.24794,15.40096],[108.24783,15.40083],[108.24751,15.4003],[108.2475,15.40029],[108.24746,15.40021],[108.24741,15.40015],[108.24727,15.39994],[108.24719,15.39985],[108.2466,15.39943],[108.24628,15.39923],[108.24627,15.39923],[108.24622,15.39921],[108.246,15.39921],[108.24585,15.39918],[108.24573,15.39913],[108.24567,15.39909],[108.24561,15.39903],[108.24536,15.39859],[108.24516,15.39802],[108.2451,15.39791],[108.24497,15.39779],[108.24487,15.39775],[108.24487,15.39774],[108.24469,15.3977],[108.24457,15.39766],[108.2445,15.39762],[108.24444,15.39754],[108.24441,15.39748],[108.24434,15.39729],[108.24414,15.39662],[108.24413,15.39656],[108.24384,15.39574],[108.24383,15.39568],[108.24383,15.3956],[108.24385,15.39556],[108.24388,15.39552],[108.2439,15.39548],[108.24393,15.39545],[108.24397,15.39538],[108.24398,15.39533],[108.24398,15.39524],[108.24392,15.3951],[108.24384,15.39498],[108.24373,15.39485],[108.24355,15.3947],[108.24333,15.39455],[108.24327,15.39447],[108.24327,15.39446],[108.24324,15.3944],[108.24322,15.39432],[108.24322,15.3943],[108.24321,15.39427],[108.24322,15.39424],[108.24324,15.39421],[108.24326,15.39419],[108.24351,15.39401],[108.2436,15.39389],[108.24361,15.39387],[108.24362,15.39381],[108.24362,15.39373],[108.24359,15.39361],[108.24359,15.39351],[108.2436,15.39343],[108.24364,15.39333],[108.24374,15.39318],[108.24381,15.3931],[108.24382,15.3931],[108.24393,15.39299],[108.24417,15.39285],[108.2445,15.39269],[108.24459,15.3926],[108.24476,15.3923],[108.24479,15.39215],[108.24483,15.39167],[108.24484,15.39164],[108.24485,15.39153],[108.24483,15.39145],[108.24468,15.39118],[108.24462,15.3911],[108.2446,15.39104],[108.24457,15.39098],[108.24457,15.39096],[108.24455,15.39091],[108.24456,15.39072],[108.24465,15.39046],[108.24485,15.39006],[108.24493,15.38987],[108.24501,15.38972],[108.24504,15.38968],[108.2451,15.38956],[108.24522,15.38939],[108.24536,15.38922],[108.24537,15.3892],[108.2454,15.38905],[108.24536,15.38893],[108.24529,15.3888],[108.24526,15.38878],[108.24512,15.38864],[108.24487,15.38847],[108.24446,15.38823],[108.24444,15.38821],[108.2444,15.38819],[108.24436,15.38814],[108.24431,15.38804],[108.24428,15.38794],[108.24427,15.38761],[108.24423,15.38717],[108.24424,15.38699],[108.24436,15.38615],[108.24436,15.38611],[108.24437,15.38608],[108.2444,15.38582],[108.24442,15.38575],[108.24441,15.38548],[108.24444,15.38533],[108.24452,15.38512],[108.24457,15.38504],[108.24494,15.38431],[108.24507,15.38412],[108.24522,15.38395],[108.24525,15.38394],[108.24528,15.38392],[108.24541,15.38388],[108.24627,15.38389],[108.24649,15.38383],[108.24655,15.38379],[108.24661,15.38373],[108.24679,15.38346],[108.24698,15.38328],[108.24729,15.38304],[108.24747,15.38292],[108.24771,15.38272],[108.24782,15.38259],[108.24782,15.38258],[108.24818,15.38167],[108.24844,15.3812],[108.24863,15.38081],[108.24873,15.38056],[108.2488,15.38033],[108.24884,15.3801],[108.24892,15.37992],[108.24938,15.37923],[108.24957,15.37891],[108.24968,15.3786],[108.24972,15.37818],[108.24972,15.37804],[108.24967,15.37749],[108.24968,15.37745],[108.24968,15.37742],[108.24972,15.37736],[108.2498,15.37728],[108.24985,15.37725],[108.24986,15.37725],[108.25014,15.37706],[108.25023,15.37698],[108.2503,15.37684],[108.2506,15.3758],[108.25072,15.37546],[108.25091,15.37518],[108.25105,15.37501],[108.25112,15.37494],[108.25125,15.37486],[108.25137,15.37477],[108.25145,15.37473],[108.2516,15.37462],[108.25164,15.37458],[108.25167,15.37448],[108.25167,15.37445],[108.25157,15.37387],[108.2514,15.37327],[108.25118,15.37267],[108.25111,15.37254],[108.25108,15.37244],[108.25108,15.3724],[108.25107,15.37236],[108.25108,15.3723],[108.2512,15.37203],[108.25121,15.37198],[108.2512,15.37184],[108.2511,15.37148],[108.25109,15.37141],[108.25099,15.37104],[108.25098,15.37102],[108.25096,15.37085],[108.25097,15.3706],[108.251,15.37048],[108.25103,15.37029],[108.25101,15.37023],[108.25071,15.36971],[108.2507,15.3697],[108.25006,15.36858],[108.25003,15.3684],[108.25006,15.36832],[108.25011,15.36824],[108.25024,15.36808],[108.25027,15.36801],[108.25028,15.36795],[108.25028,15.36782],[108.25026,15.3677],[108.25024,15.36764],[108.24984,15.36703],[108.24961,15.36663],[108.24941,15.36614],[108.24932,15.366],[108.2492,15.3659],[108.24907,15.36584],[108.24882,15.36578],[108.24809,15.36565],[108.24807,15.36565],[108.24791,15.36562],[108.24771,15.36555],[108.24759,15.36548],[108.24726,15.36522],[108.24711,15.36513],[108.24659,15.36473],[108.24625,15.36444],[108.24624,15.36442],[108.2457,15.36393],[108.24551,15.36384],[108.24497,15.36365],[108.24456,15.36347],[108.24432,15.36342],[108.24416,15.36342],[108.24352,15.36335],[108.2434,15.36332],[108.24275,15.36306],[108.24253,15.36299],[108.24198,15.36298],[108.24164,15.36293],[108.24107,15.36266],[108.24006,15.36209],[108.24005,15.36209],[108.23984,15.36195],[108.23937,15.36142],[108.23905,15.36115],[108.23849,15.36052],[108.23836,15.36033],[108.23834,15.36029],[108.23831,15.3602],[108.23827,15.36013],[108.23804,15.35944],[108.2379,15.35912],[108.23767,15.35871],[108.23761,15.35863],[108.23758,15.3586],[108.23742,15.35851],[108.23732,15.35847],[108.23716,15.35838],[108.23707,15.35831],[108.23684,15.35803],[108.23674,15.35795],[108.23665,15.3579],[108.2365,15.35786],[108.23649,15.35785],[108.23638,15.35779],[108.23633,15.35775],[108.23627,15.35764],[108.23626,15.35759],[108.23626,15.3575],[108.23623,15.35718],[108.23618,15.35706],[108.23603,15.35688],[108.2359,15.35678],[108.23564,15.35664],[108.23559,15.3566],[108.23545,15.35642],[108.23536,15.35617],[108.23488,15.35431],[108.23471,15.35392],[108.23407,15.35262],[108.23347,15.35109],[108.23338,15.35078],[108.23334,15.35054],[108.23333,15.35034],[108.23334,15.34959],[108.23335,15.34952],[108.23337,15.3487],[108.23336,15.34852],[108.23298,15.34674],[108.23291,15.34653],[108.23291,15.34651],[108.23288,15.34644],[108.23267,15.34609],[108.23248,15.34585],[108.23206,15.34552],[108.23146,15.34511],[108.2313,15.34502],[108.23068,15.34458],[108.23043,15.34438],[108.23041,15.34437],[108.23027,15.34423],[108.22932,15.34314],[108.22932,15.34313],[108.22905,15.34289],[108.22865,15.34261],[108.22859,15.34258],[108.22778,15.34207],[108.22748,15.34184],[108.22732,15.34169],[108.2272,15.34153],[108.22714,15.34147],[108.22706,15.34131],[108.22705,15.34131],[108.22681,15.34064],[108.22681,15.34063],[108.22655,15.33986],[108.22619,15.33894],[108.22619,15.33893],[108.22582,15.33802],[108.22528,15.33696],[108.22496,15.33639],[108.2244,15.33557],[108.22438,15.33553],[108.22402,15.335],[108.224,15.33496],[108.22379,15.33466],[108.2237,15.33458],[108.22364,15.33451],[108.2235,15.33441],[108.22348,15.33439],[108.22322,15.33423],[108.22319,15.33422],[108.22234,15.33377],[108.22192,15.33358],[108.22151,15.3335],[108.22125,15.33348],[108.22113,15.33346],[108.22072,15.33343],[108.22067,15.33342],[108.21913,15.33329],[108.2189,15.33329],[108.21886,15.33328],[108.21631,15.33325],[108.21622,15.33327],[108.2162,15.33327],[108.21617,15.33329],[108.21616,15.33331],[108.21614,15.33333],[108.21612,15.33337],[108.21612,15.33339],[108.21611,15.33343],[108.21611,15.33347],[108.21617,15.33376],[108.21618,15.33378],[108.2162,15.33386],[108.2162,15.3339],[108.21621,15.33393],[108.21623,15.33523],[108.21621,15.33551],[108.21609,15.33611],[108.21606,15.33621],[108.21605,15.33629],[108.21602,15.3364],[108.21598,15.33646],[108.2159,15.33641],[108.21585,15.33636],[108.21548,15.33625],[108.21505,15.33606],[108.21504,15.33605],[108.21343,15.33536],[108.21335,15.33535],[108.21319,15.33535],[108.21012,15.33571],[108.21001,15.33574],[108.20988,15.33581],[108.20935,15.33627],[108.20921,15.33635],[108.2091,15.33638],[108.20833,15.33639],[108.20758,15.33636],[108.20752,15.33633],[108.20745,15.33631],[108.20724,15.33615],[108.20715,15.33605],[108.20683,15.33563],[108.20682,15.33561],[108.20662,15.33536],[108.20633,15.33514],[108.20605,15.33499],[108.20542,15.33447],[108.20489,15.33411],[108.20431,15.33378],[108.20404,15.33357],[108.20403,15.33357],[108.20388,15.33346],[108.20376,15.33341],[108.20361,15.33338],[108.20321,15.33338],[108.20296,15.33341],[108.20288,15.33344],[108.20279,15.33349],[108.20271,15.33356],[108.20267,15.33361],[108.20225,15.33473],[108.20214,15.33486],[108.20174,15.33503],[108.20101,15.33523],[108.20072,15.33534],[108.20054,15.33549],[108.19981,15.33636],[108.1997,15.33656],[108.19945,15.33714],[108.19921,15.33757],[108.19914,15.33763],[108.19907,15.33767],[108.19899,15.33769],[108.19889,15.3377],[108.19877,15.33768],[108.19812,15.33747],[108.19797,15.33744],[108.19793,15.33744],[108.19787,15.33745],[108.19782,15.33747],[108.19748,15.3377],[108.19728,15.33775],[108.19689,15.3377],[108.19676,15.33767],[108.1966,15.33765],[108.19595,15.33769],[108.19528,15.33754],[108.19504,15.33754],[108.1945,15.33767],[108.1938,15.33788],[108.19367,15.33786],[108.19356,15.33783],[108.19307,15.33756],[108.19288,15.33751],[108.19275,15.3375],[108.19233,15.3375],[108.19217,15.33748],[108.19145,15.33727],[108.1913,15.33721],[108.19112,15.33708],[108.19088,15.33686],[108.19088,15.33685],[108.19077,15.33676],[108.19058,15.33665],[108.19006,15.33651],[108.19003,15.33651],[108.18999,15.33649],[108.18961,15.33639],[108.18953,15.33634],[108.18923,15.3361],[108.18923,15.33609],[108.18919,15.33606],[108.18918,15.33606],[108.18907,15.336],[108.18828,15.33567],[108.18724,15.33512],[108.18721,15.33508],[108.18716,15.33499],[108.18713,15.33491],[108.18709,15.33468],[108.18706,15.33438],[108.18701,15.3341],[108.18694,15.33391],[108.18687,15.33381],[108.18646,15.33346],[108.18607,15.33304],[108.18506,15.3317],[108.18488,15.33155],[108.18431,15.33126],[108.18384,15.3309],[108.18333,15.33057],[108.18297,15.33031],[108.18285,15.33019],[108.18277,15.33013],[108.18274,15.3301],[108.18266,15.33004],[108.18261,15.32999],[108.1822,15.32973],[108.18178,15.3294],[108.18149,15.32925],[108.1814,15.32922],[108.18133,15.32921],[108.18124,15.32921],[108.18084,15.32925],[108.1802,15.32935],[108.17992,15.32936],[108.17927,15.32927],[108.1781,15.32906],[108.17799,15.32903],[108.17787,15.32901],[108.17767,15.32891],[108.17751,15.32881],[108.17728,15.32855],[108.17724,15.32846],[108.17723,15.32838],[108.17725,15.32829],[108.17725,15.32821],[108.17728,15.32813],[108.1773,15.32804],[108.17729,15.32788],[108.1772,15.32765],[108.17712,15.32749],[108.17707,15.32744],[108.1769,15.32732],[108.17683,15.32729],[108.17678,15.32726],[108.17658,15.32723],[108.17634,15.32728],[108.17618,15.32733],[108.1759,15.32747],[108.17579,15.32755],[108.17563,15.3277],[108.1755,15.32796],[108.17546,15.32802],[108.17543,15.32804],[108.17525,15.32812],[108.17506,15.32818],[108.17505,15.32818],[108.1748,15.32831],[108.17358,15.3292],[108.17279,15.32985],[108.17268,15.3299],[108.1724,15.32995],[108.17165,15.32995],[108.17148,15.32998],[108.17119,15.33013],[108.17092,15.33024],[108.17069,15.33027],[108.17059,15.33027],[108.17036,15.3303],[108.16995,15.33042],[108.16969,15.33056],[108.16946,15.33065],[108.16916,15.33073],[108.16897,15.33074],[108.1687,15.33072],[108.16856,15.33069],[108.16844,15.33069],[108.16835,15.3307],[108.16827,15.33072],[108.16821,15.33076],[108.16814,15.33082],[108.16774,15.33124],[108.16753,15.33142],[108.16737,15.33151],[108.16723,15.33156],[108.16708,15.33159],[108.16659,15.33161],[108.1662,15.33157],[108.16445,15.33114],[108.16419,15.33117],[108.1635,15.33137],[108.16316,15.33132],[108.16297,15.33126],[108.16295,15.33126],[108.16277,15.33122],[108.16266,15.33122],[108.1623,15.33128],[108.16194,15.33137],[108.16185,15.33138],[108.16185,15.33139],[108.16117,15.33155],[108.16086,15.33164],[108.16084,15.33164],[108.16054,15.33173],[108.16033,15.33177],[108.16021,15.33177],[108.15997,15.33173],[108.15986,15.3317],[108.15889,15.33154],[108.15871,15.33154],[108.15866,15.33155],[108.15852,15.33156],[108.15836,15.3316],[108.15812,15.33168],[108.15794,15.33172],[108.15794,15.33173],[108.15713,15.3319],[108.15694,15.3319],[108.15568,15.33175],[108.1552,15.33167],[108.1551,15.33164],[108.15509,15.33164],[108.15502,15.33162],[108.15469,15.33146],[108.15451,15.33134],[108.15419,15.33117],[108.15404,15.33107],[108.15404,15.33106],[108.15394,15.33098],[108.15391,15.33093],[108.15389,15.33091],[108.15387,15.33086],[108.15385,15.33075],[108.15385,15.33056],[108.15387,15.33041],[108.15388,15.33038],[108.1539,15.32999],[108.15385,15.32982],[108.15377,15.3297],[108.15363,15.32955],[108.15279,15.32895],[108.15269,15.32889],[108.15268,15.32889],[108.15254,15.32884],[108.15251,15.32884],[108.15241,15.32882],[108.15214,15.32882],[108.15208,15.32881],[108.15186,15.32886],[108.15182,15.32886],[108.15177,15.32888],[108.15132,15.32897],[108.15104,15.32897],[108.15086,15.32893],[108.15081,15.32893],[108.15058,15.32889],[108.15008,15.32876],[108.14979,15.32862],[108.14965,15.32851],[108.14964,15.32851],[108.14959,15.32843],[108.14947,15.32829],[108.14947,15.32828],[108.14934,15.32816],[108.1492,15.32806],[108.14902,15.32797],[108.14898,15.32796],[108.14895,15.32794],[108.14893,15.32794],[108.14885,15.32791],[108.14848,15.32792],[108.14844,15.32793],[108.14828,15.32792],[108.14797,15.32784],[108.14695,15.32751],[108.14623,15.32731],[108.14603,15.32724],[108.1458,15.32718],[108.14553,15.32713],[108.14489,15.32709],[108.14477,15.32707],[108.14439,15.32704],[108.14434,15.32702],[108.14408,15.32679],[108.14401,15.32675],[108.14391,15.32672],[108.14379,15.32671],[108.14353,15.32666],[108.14322,15.32664],[108.14298,15.32665],[108.14267,15.32674],[108.14265,15.32674],[108.14259,15.32677],[108.14258,15.32678],[108.14253,15.32679],[108.14239,15.32679],[108.14231,15.32677],[108.14227,15.32674],[108.1421,15.32657],[108.14193,15.32646],[108.14184,15.32643],[108.1415,15.32643],[108.14141,15.32642],[108.14113,15.32645],[108.14077,15.32654],[108.14051,15.32666],[108.14039,15.32669],[108.14024,15.3267],[108.14017,15.32669],[108.14006,15.32669],[108.14005,15.32668],[108.13989,15.32664],[108.13941,15.32647],[108.13934,15.32646],[108.13917,15.32641],[108.13875,15.32632],[108.13873,15.32631],[108.13855,15.32629],[108.13833,15.32629],[108.13825,15.32628],[108.13816,15.32625],[108.13724,15.32583],[108.13701,15.32578],[108.13637,15.32569],[108.13621,15.3257],[108.13588,15.32578],[108.13563,15.32579],[108.13554,15.32577],[108.13502,15.32558],[108.1347,15.32542],[108.13454,15.32532],[108.13444,15.32523],[108.13443,15.32521],[108.13441,15.32519],[108.13434,15.32506],[108.13426,15.3248],[108.13423,15.32463],[108.13416,15.32444],[108.13408,15.32434],[108.134,15.32429],[108.13395,15.32428],[108.13383,15.32428],[108.1338,15.3243],[108.13377,15.32431],[108.13347,15.32454],[108.13342,15.32457],[108.13338,15.32458],[108.13319,15.32457],[108.1329,15.32448],[108.1328,15.32448],[108.13275,15.32449],[108.13231,15.3247],[108.13225,15.32472],[108.13216,15.32473],[108.13203,15.3247],[108.13182,15.32457],[108.13161,15.32441],[108.13157,15.32437],[108.13138,15.32425],[108.13132,15.32419],[108.13131,15.32419],[108.13128,15.32416],[108.13127,15.32414],[108.13127,15.32411],[108.13117,15.32367],[108.1311,15.32314],[108.13107,15.32233],[108.131,15.32204],[108.13079,15.3217],[108.13075,15.32162],[108.1307,15.32155],[108.13048,15.32086],[108.13046,15.32075],[108.13042,15.32064],[108.13039,15.3206],[108.13036,15.32054],[108.13031,15.32049],[108.13007,15.3203],[108.1288,15.31954],[108.12879,15.31954],[108.12871,15.31945],[108.12867,15.31935],[108.12866,15.31923],[108.12867,15.31886],[108.12865,15.31863],[108.12862,15.31853],[108.12862,15.31851],[108.12838,15.31797],[108.12823,15.31773],[108.12822,15.3177],[108.12809,15.31747],[108.12796,15.31717],[108.12787,15.31707],[108.12783,15.31705],[108.12782,15.31705],[108.1278,15.31704],[108.1277,15.31704],[108.12761,15.31707],[108.12753,15.31713],[108.12751,15.31714],[108.12722,15.3174],[108.1271,15.31747],[108.12708,15.31749],[108.12705,15.3175],[108.12698,15.31754],[108.12688,15.31757],[108.12663,15.31756],[108.12657,15.31757],[108.12651,15.31757],[108.12639,15.31759],[108.12626,15.31759],[108.12612,15.31757],[108.12593,15.31751],[108.12552,15.31729],[108.12547,15.31727],[108.12546,15.31727],[108.12538,15.31722],[108.12521,15.31708],[108.12499,15.31684],[108.12486,15.31675],[108.12475,15.31671],[108.12447,15.31668],[108.12444,15.31667],[108.12426,15.31666],[108.12425,15.31665],[108.124,15.31661],[108.12375,15.31655],[108.12369,15.31655],[108.12333,15.31675],[108.12332,15.31676],[108.12315,15.31681],[108.12313,15.31682],[108.12306,15.31683],[108.123,15.31683],[108.12289,15.31679],[108.12281,15.31673],[108.12281,15.31672],[108.12278,15.31668],[108.12275,15.31662],[108.12275,15.31646],[108.12274,15.31638],[108.12274,15.31556],[108.12269,15.31524],[108.12269,15.31515],[108.12273,15.31505],[108.12291,15.3148],[108.12306,15.31464],[108.12308,15.31461],[108.12346,15.31426],[108.12353,15.31417],[108.12356,15.31407],[108.12352,15.31375],[108.12353,15.3136],[108.12356,15.31347],[108.12367,15.31316],[108.12371,15.31295],[108.12371,15.31287],[108.12368,15.31277],[108.12368,15.31276],[108.1236,15.31268],[108.12356,15.31265],[108.12354,15.31265],[108.12345,15.31262],[108.1232,15.31259],[108.12312,15.31255],[108.1231,15.31253],[108.12306,15.31245],[108.12304,15.31235],[108.12304,15.31231],[108.12302,15.31222],[108.12292,15.31202],[108.12292,15.31201],[108.1229,15.31194],[108.1229,15.31193],[108.12289,15.3119],[108.1229,15.31187],[108.1229,15.31184],[108.12295,15.31177],[108.123,15.31174],[108.12314,15.31174],[108.12359,15.31184],[108.12367,15.31187],[108.12375,15.31188],[108.12385,15.31188],[108.1239,15.31186],[108.12393,15.31183],[108.124,15.31178],[108.124,15.31177],[108.1241,15.3117],[108.12423,15.31168],[108.1243,15.3117],[108.12435,15.3117],[108.12441,15.31171],[108.12453,15.31168],[108.12454,15.31167],[108.12458,15.31165],[108.1246,15.31162],[108.1246,15.31161],[108.12462,15.31157],[108.12462,15.31139],[108.12456,15.31116],[108.12453,15.31082],[108.12453,15.31071],[108.12454,15.31064],[108.12456,15.3106],[108.12459,15.31056],[108.12468,15.31048],[108.12488,15.31035],[108.12495,15.31025],[108.12496,15.31021],[108.12497,15.31007],[108.12498,15.31002],[108.12504,15.30993],[108.12509,15.3099],[108.12531,15.3098],[108.12536,15.30977],[108.12543,15.30969],[108.12548,15.30961],[108.12567,15.30912],[108.12567,15.30902],[108.12566,15.30897],[108.12562,15.30888],[108.1256,15.30886],[108.12555,15.30879],[108.12531,15.30852],[108.12524,15.30831],[108.12521,15.30818],[108.12521,15.30816],[108.12518,15.30808],[108.12514,15.30802],[108.12514,15.30801],[108.12506,15.30792],[108.12503,15.30787],[108.12503,15.30785],[108.12502,15.30781],[108.12502,15.30776],[108.12504,15.3077],[108.12519,15.30747],[108.12521,15.30737],[108.12521,15.30735],[108.12516,15.30713],[108.12516,15.30704],[108.12519,15.30694],[108.1256,15.30624],[108.1256,15.30623],[108.12564,15.30618],[108.12565,15.30616],[108.1257,15.30611],[108.12593,15.30603],[108.12598,15.306],[108.12601,15.30597],[108.12603,15.30593],[108.1261,15.3055],[108.12609,15.30548],[108.12609,15.30545],[108.12607,15.3054],[108.12602,15.30532],[108.12594,15.30524],[108.12588,15.30516],[108.12585,15.30508],[108.12582,15.30493],[108.12578,15.30456],[108.12578,15.30445],[108.1258,15.30435],[108.12601,15.30399],[108.12618,15.30364],[108.12626,15.30351],[108.12636,15.3034],[108.12639,15.30338],[108.12641,15.30336],[108.12647,15.30334],[108.12648,15.30333],[108.12655,15.30331],[108.12666,15.3033],[108.12678,15.30327],[108.12685,15.30323],[108.12691,15.30316],[108.12711,15.30267],[108.12722,15.30254],[108.1273,15.30249],[108.12736,15.30244],[108.12737,15.30244],[108.12756,15.3023],[108.1276,15.30228],[108.12771,15.30218],[108.12772,15.30216],[108.12772,15.30211],[108.12752,15.30175],[108.12749,15.30165],[108.12748,15.30158],[108.12749,15.30152],[108.12752,15.30146],[108.1282,15.30061],[108.12822,15.30057],[108.12824,15.30044],[108.12824,15.30039],[108.12821,15.30031],[108.12816,15.30024],[108.12809,15.30018],[108.12794,15.30009],[108.12789,15.30004],[108.12784,15.29997],[108.12781,15.29989],[108.12775,15.29947],[108.12773,15.2994],[108.12771,15.29919],[108.12769,15.29912],[108.12763,15.299],[108.1276,15.29891],[108.12758,15.29876],[108.1276,15.2987],[108.12762,15.29868],[108.12765,15.29862],[108.12779,15.29848],[108.1278,15.29846],[108.12784,15.29842],[108.12787,15.29834],[108.12787,15.2983],[108.12784,15.29819],[108.12773,15.29799],[108.1277,15.29791],[108.12769,15.29784],[108.1277,15.29774],[108.12779,15.29751],[108.12783,15.29737],[108.12784,15.2973],[108.12785,15.29727],[108.12786,15.29666],[108.12787,15.29664],[108.12787,15.29657],[108.12789,15.29652],[108.12792,15.29647],[108.12799,15.29639],[108.12808,15.29631],[108.12817,15.29625],[108.12836,15.29608],[108.12845,15.29595],[108.12852,15.29582],[108.12856,15.29577],[108.12865,15.29559],[108.12868,15.29555],[108.12869,15.2955],[108.12872,15.29543],[108.12873,15.29533],[108.12874,15.29529],[108.12874,15.29525],[108.12873,15.29519],[108.12873,15.29515],[108.12869,15.29508],[108.12867,15.29506],[108.1286,15.29503],[108.12851,15.29503],[108.12843,15.29506],[108.12842,15.29507],[108.12816,15.29518],[108.12807,15.2952],[108.12802,15.2952],[108.12796,15.29521],[108.12791,15.2952],[108.12782,15.29516],[108.12782,15.29515],[108.12779,15.29512],[108.12765,15.29485],[108.12765,15.29484],[108.12763,15.29479],[108.12762,15.29474],[108.12764,15.29466],[108.12769,15.29457],[108.12792,15.29429],[108.12807,15.29408],[108.12822,15.29395],[108.12857,15.29384],[108.12879,15.29373],[108.12888,15.29365],[108.1289,15.29362],[108.12896,15.29349],[108.12896,15.29348],[108.12898,15.29344],[108.12901,15.29341],[108.12901,15.2934],[108.12904,15.29337],[108.1291,15.29333],[108.12927,15.29328],[108.12947,15.29325],[108.12953,15.29323],[108.1296,15.29318],[108.12961,15.29318],[108.12972,15.29306],[108.12982,15.29286],[108.12985,15.29254],[108.12983,15.29238],[108.12983,15.29228],[108.12977,15.29205],[108.12974,15.29201],[108.12967,15.29195],[108.12953,15.29188],[108.12944,15.29178],[108.12936,15.29167],[108.12931,15.29149],[108.12931,15.29129],[108.12934,15.29116],[108.12935,15.29114],[108.12935,15.29113],[108.12941,15.29097],[108.12942,15.29097],[108.12943,15.29093],[108.1295,15.29084],[108.12951,15.29082],[108.12952,15.29082],[108.12957,15.29076],[108.12982,15.29054],[108.12988,15.29043],[108.12988,15.29042],[108.12992,15.29028],[108.12992,15.29016],[108.12986,15.28988],[108.1298,15.28972],[108.12976,15.28964],[108.12967,15.28952],[108.12958,15.28943],[108.12957,15.28941],[108.12946,15.28929],[108.12937,15.28916],[108.1293,15.28903],[108.12917,15.2887],[108.12915,15.28857],[108.12915,15.28846],[108.12922,15.28811],[108.12922,15.28793],[108.12921,15.28793],[108.12921,15.28789],[108.12919,15.28784],[108.12915,15.28777],[108.12898,15.28759],[108.12888,15.28751],[108.12882,15.28745],[108.12856,15.28727],[108.12849,15.28721],[108.12844,15.28715],[108.12839,15.28706],[108.12839,15.28703],[108.12838,15.287],[108.12838,15.28698],[108.1284,15.28692],[108.12846,15.28684],[108.12856,15.28675],[108.12863,15.28672],[108.1287,15.28671],[108.12876,15.28671],[108.12914,15.28683],[108.1292,15.28684],[108.12925,15.28684],[108.1294,15.2868],[108.12953,15.28675],[108.12966,15.28673],[108.12973,15.28674],[108.1298,15.28677],[108.12991,15.28686],[108.12996,15.28689],[108.12999,15.28692],[108.1301,15.28695],[108.13019,15.28695],[108.13024,15.28694],[108.13039,15.28689],[108.13045,15.28685],[108.1305,15.28679],[108.13074,15.28634],[108.13077,15.28632],[108.13081,15.28627],[108.13104,15.28608],[108.13109,15.28605],[108.13114,15.286],[108.13117,15.28595],[108.13118,15.28594],[108.1314,15.28532],[108.13141,15.28527],[108.13143,15.28522],[108.13144,15.28511],[108.13144,15.28469],[108.1314,15.28459],[108.13138,15.28457],[108.13135,15.28452],[108.13131,15.28448],[108.13113,15.2844],[108.13072,15.28428],[108.13035,15.28409],[108.12975,15.28368],[108.12971,15.28366],[108.1296,15.28358],[108.12895,15.28322],[108.12891,15.28319],[108.12886,15.28313],[108.12885,15.28311],[108.12885,15.28301],[108.12886,15.28297],[108.12905,15.28263],[108.12908,15.28259],[108.12914,15.28253],[108.12916,15.2825],[108.1292,15.28247],[108.12921,15.28247],[108.1294,15.28235],[108.12948,15.28232],[108.12954,15.28231],[108.12956,15.2823],[108.12964,15.28229],[108.12972,15.28227],[108.13025,15.28228],[108.13028,15.28227],[108.1303,15.28227],[108.13033,15.28225],[108.13036,15.28224],[108.13038,15.28222],[108.13041,15.2822],[108.13043,15.28217],[108.13043,15.28216],[108.13048,15.28206],[108.13063,15.28166],[108.13067,15.28152],[108.13067,15.28149],[108.13068,15.28145],[108.13069,15.2812],[108.13068,15.28092],[108.1307,15.28081],[108.13072,15.28078],[108.13072,15.28077],[108.13074,15.28074],[108.13079,15.28069],[108.13085,15.28065],[108.13085,15.28064],[108.13094,15.2806],[108.13102,15.28058],[108.13104,15.28057],[108.13121,15.28054],[108.13136,15.28057],[108.13146,15.28062],[108.13155,15.28064],[108.13157,15.28065],[108.13169,15.28065],[108.13178,15.28063],[108.13266,15.27999],[108.13279,15.27993],[108.1328,15.27992],[108.13292,15.27992],[108.133,15.27993],[108.13386,15.28015],[108.13398,15.28015],[108.13409,15.2801],[108.13414,15.28006],[108.13418,15.28],[108.13421,15.27992],[108.13423,15.27975],[108.13423,15.27944],[108.13422,15.27936],[108.13424,15.27925],[108.1343,15.27915],[108.13434,15.27911],[108.13441,15.27906],[108.13449,15.27903],[108.13468,15.279],[108.13473,15.279],[108.13477,15.27899],[108.13484,15.27899],[108.13487,15.279],[108.13495,15.279],[108.13514,15.27904],[108.13524,15.27905],[108.13532,15.27904],[108.13539,15.27902],[108.1361,15.27873],[108.13636,15.27859],[108.13649,15.27849],[108.13655,15.27846],[108.13684,15.27818],[108.13705,15.27794],[108.13725,15.27767],[108.13808,15.27643],[108.13835,15.27592],[108.13844,15.2757],[108.13844,15.27567],[108.13847,15.27558],[108.13848,15.2755],[108.13846,15.27514],[108.13843,15.27494],[108.13833,15.27464],[108.13827,15.27454],[108.13826,15.27454],[108.13811,15.2743],[108.13808,15.2742],[108.13808,15.2741],[108.13809,15.27404],[108.13811,15.27399],[108.13819,15.27387],[108.1386,15.27337],[108.13873,15.27319],[108.13881,15.27304],[108.13892,15.27277],[108.13894,15.27269],[108.13895,15.27261],[108.13895,15.27253],[108.13893,15.27246],[108.13877,15.27213],[108.13872,15.27193],[108.13867,15.2718],[108.13861,15.27172],[108.13844,15.27161],[108.1383,15.27149],[108.13829,15.27146],[108.13828,15.27145],[108.13827,15.27141],[108.13827,15.27134],[108.13846,15.27096],[108.1385,15.27079],[108.13851,15.2707],[108.1385,15.27035],[108.13846,15.27017],[108.13845,15.26998],[108.13846,15.26992],[108.13852,15.26972],[108.13855,15.26965],[108.13859,15.26951],[108.13865,15.26938],[108.1387,15.26932],[108.13874,15.26923],[108.13875,15.26923],[108.13877,15.26915],[108.13877,15.26907],[108.13876,15.26905],[108.13876,15.26904],[108.13869,15.26889],[108.13867,15.26882],[108.13867,15.26867],[108.13871,15.26855],[108.13872,15.26854],[108.13875,15.26847],[108.13887,15.26832],[108.13888,15.26832],[108.13891,15.26828],[108.13904,15.26816],[108.13946,15.26789],[108.13962,15.26776],[108.13979,15.2676],[108.13982,15.26759],[108.13987,15.26756],[108.13999,15.26753],[108.14004,15.26753],[108.14012,15.26751],[108.14017,15.26749],[108.14024,15.26744],[108.14047,15.26713],[108.1405,15.26706],[108.14054,15.267],[108.14058,15.2669],[108.14061,15.26685],[108.14078,15.26639],[108.14079,15.26639],[108.1409,15.26625],[108.14102,15.26614],[108.14104,15.26613],[108.14142,15.26581],[108.14161,15.2657],[108.14162,15.26569],[108.1418,15.26563],[108.14204,15.26553],[108.14215,15.2655],[108.14222,15.26547],[108.14242,15.26541],[108.14249,15.26538],[108.14254,15.26534],[108.14261,15.26523],[108.14262,15.26522],[108.14273,15.265],[108.14273,15.26499],[108.14298,15.26445],[108.14312,15.26403],[108.14341,15.26357],[108.14377,15.2631],[108.14382,15.26302],[108.14385,15.26299],[108.14414,15.26261],[108.14435,15.26241],[108.14436,15.26241],[108.14443,15.26235],[108.14449,15.26232],[108.14456,15.2623],[108.14467,15.26229],[108.14526,15.2623],[108.14556,15.26228],[108.1457,15.26224],[108.14572,15.26224],[108.14626,15.26208],[108.14627,15.26208],[108.14648,15.262],[108.14649,15.262],[108.14651,15.26198],[108.14669,15.2619],[108.14683,15.26182],[108.14698,15.26171],[108.14709,15.26161],[108.14724,15.26142],[108.14728,15.26133],[108.14731,15.26117],[108.1473,15.26109],[108.14727,15.26101],[108.14727,15.261],[108.14722,15.26093],[108.14722,15.26092],[108.14712,15.26074],[108.1471,15.26059],[108.1471,15.26053],[108.14711,15.26047],[108.14714,15.2604],[108.14724,15.26027],[108.14724,15.26026],[108.14738,15.26006],[108.1474,15.26004],[108.14755,15.2598],[108.14776,15.25956],[108.1478,15.2595],[108.14782,15.25944],[108.14783,15.25936],[108.14782,15.25909],[108.14785,15.25885],[108.14786,15.25883],[108.14788,15.25874],[108.14812,15.25817],[108.14818,15.25808],[108.14818,15.25807],[108.1483,15.25794],[108.1483,15.25793],[108.14835,15.25788],[108.14836,15.25788],[108.1484,15.25785],[108.14845,15.25783],[108.1485,15.25782],[108.14856,15.25782],[108.14927,15.25793],[108.14935,15.25795],[108.14963,15.25798],[108.14985,15.25796],[108.1505,15.25785],[108.15055,15.25783],[108.15062,15.25776],[108.15072,15.25759],[108.15093,15.25704],[108.15107,15.25678],[108.15113,15.25671],[108.15113,15.2567],[108.15124,15.25656],[108.15124,15.25655],[108.15131,15.25645],[108.15133,15.2564],[108.15136,15.25622],[108.15139,15.25551],[108.15134,15.25541],[108.15129,15.25534],[108.15115,15.25518],[108.15085,15.25491],[108.15081,15.25486],[108.15076,15.25477],[108.15075,15.25473],[108.15075,15.25454],[108.15077,15.25448],[108.15077,15.25445],[108.15079,15.25438],[108.15085,15.25428],[108.15096,15.25415],[108.15107,15.25397],[108.15107,15.25386],[108.15106,15.25384],[108.15106,15.25382],[108.15105,15.25382],[108.15102,15.25376],[108.15095,15.2537],[108.15079,15.2536],[108.15077,15.2536],[108.15062,15.25356],[108.15053,15.25355],[108.15034,15.25356],[108.15024,15.25359],[108.14963,15.25372],[108.14946,15.25374],[108.14938,15.25374],[108.14931,15.25373],[108.1493,15.25372],[108.14914,15.25368],[108.14897,15.25362],[108.14895,15.25362],[108.14889,15.2536],[108.14876,15.25362],[108.14856,15.25376],[108.14845,15.25382],[108.14844,15.25383],[108.14838,15.25386],[108.14832,15.25387],[108.14821,15.25387],[108.1481,15.25382],[108.1481,15.25381],[108.14799,15.25372],[108.14784,15.25357],[108.14784,15.25356],[108.14777,15.2535],[108.14771,15.25347],[108.1477,15.25347],[108.14769,15.25346],[108.14767,15.25345],[108.14756,15.25343],[108.14732,15.25344],[108.14687,15.25358],[108.14645,15.25368],[108.14625,15.25376],[108.14624,15.25377],[108.14611,15.25383],[108.1461,15.25383],[108.14609,15.25384],[108.14597,15.25386],[108.14575,15.25385],[108.14562,15.25382],[108.1454,15.25374],[108.14539,15.25373],[108.1453,15.25369],[108.14507,15.25356],[108.14496,15.25354],[108.14485,15.25354],[108.14477,15.25355],[108.14467,15.25354],[108.14448,15.25348],[108.14425,15.25338],[108.14416,15.25332],[108.1441,15.25329],[108.14403,15.25323],[108.14399,15.25317],[108.14397,15.25311],[108.14397,15.25293],[108.14396,15.25286],[108.14391,15.25279],[108.14384,15.25275],[108.14382,15.25275],[108.14379,15.25274],[108.14317,15.25267],[108.14296,15.25263],[108.14279,15.25258],[108.14255,15.25248],[108.14241,15.2524],[108.1424,15.25239],[108.14235,15.2523],[108.14235,15.25223],[108.14236,15.25222],[108.14237,15.25217],[108.14242,15.25205],[108.14246,15.25191],[108.14259,15.25158],[108.14259,15.25153],[108.14258,15.2515],[108.14258,15.25148],[108.14251,15.25141],[108.14154,15.25105],[108.14146,15.25101],[108.14139,15.251],[108.14136,15.25099],[108.14133,15.25099],[108.14129,15.251],[108.14112,15.25108],[108.1411,15.2511],[108.141,15.25115],[108.14094,15.25121],[108.1409,15.25127],[108.14085,15.25139],[108.14074,15.25173],[108.14051,15.25232],[108.14049,15.25235],[108.14041,15.25255],[108.14038,15.25259],[108.14028,15.25265],[108.1402,15.25267],[108.14012,15.25268],[108.14001,15.25268],[108.13969,15.25265],[108.13936,15.25266],[108.13919,15.25269],[108.13898,15.25271],[108.13863,15.2527],[108.13807,15.25264],[108.1377,15.25258],[108.1376,15.25255],[108.13753,15.2525],[108.13743,15.2524],[108.1374,15.25238],[108.1374,15.25237],[108.13732,15.25232],[108.13718,15.25229],[108.13705,15.25229],[108.13683,15.25231],[108.1367,15.25229],[108.13665,15.25226],[108.13662,15.25223],[108.13654,15.25197],[108.13643,15.25149],[108.13636,15.25134],[108.13633,15.2513],[108.13619,15.25117],[108.13615,15.25111],[108.1361,15.251],[108.13608,15.25086],[108.13606,15.25046],[108.136,15.25036],[108.13598,15.25034],[108.13589,15.25031],[108.13582,15.25031],[108.13581,15.25032],[108.13574,15.25036],[108.13563,15.25048],[108.13555,15.2506],[108.13544,15.25069],[108.1351,15.25085],[108.13444,15.25111],[108.13422,15.25122],[108.13415,15.25131],[108.13414,15.25136],[108.13414,15.25182],[108.13411,15.25193],[108.13403,15.25211],[108.13396,15.25219],[108.13386,15.25227],[108.13378,15.25231],[108.13369,15.25233],[108.13368,15.25234],[108.13302,15.2524],[108.13284,15.25243],[108.13277,15.25247],[108.1327,15.25253],[108.13261,15.25263],[108.13238,15.25304],[108.13224,15.25321],[108.13219,15.25323],[108.13214,15.25323],[108.13211,15.25322],[108.13209,15.25322],[108.13207,15.25321],[108.13206,15.25321],[108.13198,15.25313],[108.13195,15.25309],[108.13195,15.25308],[108.13192,15.25302],[108.1319,15.25295],[108.1319,15.25282],[108.13199,15.25251],[108.13211,15.25219],[108.13221,15.25185],[108.13223,15.25169],[108.13222,15.25158],[108.13217,15.2515],[108.13208,15.25144],[108.13204,15.25143],[108.13195,15.25144],[108.13185,15.25147],[108.13184,15.25148],[108.13139,15.25168],[108.13129,15.25168],[108.13124,15.25166],[108.13121,15.25163],[108.1312,15.25163],[108.13115,15.25158],[108.13112,15.25153],[108.1311,15.25148],[108.1311,15.25146],[108.13107,15.2514],[108.13105,15.25133],[108.13099,15.25124],[108.1305,15.25093],[108.13047,15.25092],[108.13044,15.2509],[108.13042,15.2509],[108.13038,15.25089],[108.13031,15.25089],[108.13019,15.25092],[108.13014,15.25096],[108.12997,15.25116],[108.12994,15.25117],[108.12992,15.25119],[108.12988,15.2512],[108.12985,15.2512],[108.12977,15.25117],[108.12938,15.25094],[108.12905,15.25078],[108.12904,15.25077],[108.12885,15.25068],[108.12774,15.25023],[108.12767,15.25022],[108.12764,15.25021],[108.12751,15.25023],[108.1275,15.25024],[108.12732,15.25029],[108.1273,15.2503],[108.12724,15.25031],[108.12703,15.25027],[108.12624,15.25004],[108.12577,15.24988],[108.12571,15.24987],[108.12566,15.24987],[108.12553,15.24993],[108.12543,15.25001],[108.12539,15.25008],[108.12536,15.25016],[108.12533,15.25035],[108.12533,15.2504],[108.12532,15.25045],[108.12528,15.25053],[108.12524,15.25059],[108.12517,15.25065],[108.12515,15.25068],[108.12453,15.25104],[108.12452,15.25105],[108.12439,15.25111],[108.12432,15.25113],[108.1243,15.25114],[108.12418,15.25115],[108.12416,15.25116],[108.12408,15.25117],[108.12404,15.25119],[108.124,15.2512],[108.124,15.25121],[108.12394,15.25124],[108.12387,15.25133],[108.12377,15.25154],[108.12372,15.2516],[108.12364,15.25166],[108.12352,15.2517],[108.12347,15.2517],[108.12322,15.25165],[108.12314,15.25167],[108.12304,15.25173],[108.12288,15.25187],[108.12273,15.25198],[108.1225,15.25211],[108.12239,15.25215],[108.12229,15.25217],[108.12218,15.25217],[108.12215,15.25216],[108.12204,15.25215],[108.122,15.25213],[108.12196,15.25212],[108.12181,15.25202],[108.12166,15.2519],[108.12154,15.25185],[108.12153,15.25184],[108.12116,15.25169],[108.12096,15.25158],[108.12084,15.25149],[108.12084,15.25148],[108.12075,15.25138],[108.1207,15.25129],[108.12068,15.25123],[108.12068,15.25122],[108.12065,15.25116],[108.12057,15.25109],[108.12056,15.25109],[108.12051,15.25106],[108.12001,15.25084],[108.12,15.25084],[108.11998,15.25083],[108.11984,15.25079],[108.11978,15.25079],[108.11933,15.25087],[108.11904,15.25088],[108.11878,15.25084],[108.1186,15.25079],[108.11854,15.25076],[108.11842,15.25072],[108.1184,15.25072],[108.11838,15.2507],[108.11832,15.25068],[108.11826,15.25064],[108.11817,15.25054],[108.11815,15.25049],[108.11815,15.25048],[108.11813,15.25041],[108.11813,15.25015],[108.11814,15.25014],[108.11816,15.25001],[108.11824,15.24981],[108.11836,15.24965],[108.11839,15.24962],[108.1184,15.2496],[108.11855,15.24943],[108.11865,15.24929],[108.11868,15.24921],[108.11872,15.24914],[108.11885,15.24875],[108.11888,15.24852],[108.11889,15.24806],[108.11886,15.24797],[108.11883,15.24795],[108.11881,15.24793],[108.11876,15.2479],[108.11854,15.24782],[108.11854,15.24781],[108.11827,15.24771],[108.11793,15.24754],[108.11777,15.24748],[108.1175,15.24744],[108.11722,15.24744],[108.11714,15.24743],[108.117,15.24739],[108.11682,15.24726],[108.1167,15.24719],[108.11643,15.24708],[108.11642,15.24707],[108.11563,15.24674],[108.1156,15.2467],[108.1156,15.24669],[108.11559,15.24668],[108.11558,15.24656],[108.11559,15.24649],[108.11579,15.24602],[108.11581,15.24594],[108.11581,15.24585],[108.1158,15.24581],[108.11575,15.24574],[108.1157,15.24571],[108.11561,15.24569],[108.11554,15.24571],[108.11551,15.24573],[108.11539,15.24586],[108.11538,15.24588],[108.11521,15.2461],[108.11512,15.24617],[108.11497,15.24623],[108.11428,15.24635],[108.11407,15.24637],[108.11406,15.24638],[108.11305,15.24651],[108.11299,15.24653],[108.11293,15.24654],[108.11283,15.24654],[108.11273,15.24652],[108.11117,15.24549],[108.1111,15.24542],[108.1111,15.24541],[108.11109,15.2454],[108.11096,15.24519],[108.11089,15.24512],[108.11074,15.24504],[108.11073,15.24503],[108.11038,15.2449],[108.11037,15.24489],[108.11036,15.24489],[108.11007,15.2448],[108.1098,15.24468],[108.10919,15.24431],[108.109,15.24421],[108.10853,15.24408],[108.10802,15.24391],[108.10782,15.24387],[108.1078,15.24386],[108.10775,15.24386],[108.10735,15.24392],[108.10722,15.24395],[108.10702,15.24403],[108.10678,15.24419],[108.10606,15.24477],[108.10604,15.24478],[108.10545,15.24523],[108.10534,15.24525],[108.10516,15.24525],[108.10484,15.2452],[108.10471,15.2452],[108.10463,15.24523],[108.10449,15.24536],[108.10438,15.2455],[108.10403,15.24576],[108.10389,15.24588],[108.10385,15.2459],[108.10368,15.24602],[108.10358,15.24607],[108.10357,15.24607],[108.1034,15.24614],[108.10296,15.24628],[108.10277,15.2464],[108.10264,15.24651],[108.10213,15.24702],[108.1019,15.24722],[108.10186,15.24724],[108.10177,15.24726],[108.10165,15.24727],[108.10156,15.24729],[108.10155,15.2473],[108.1014,15.24734],[108.10137,15.24734],[108.10137,15.24735],[108.10083,15.24748],[108.10069,15.24749],[108.10062,15.24748],[108.10056,15.24746],[108.10051,15.24743],[108.10046,15.24741],[108.10037,15.24733],[108.10033,15.24726],[108.10031,15.24724],[108.10027,15.24716],[108.10022,15.24711],[108.1002,15.2471],[108.10019,15.2471],[108.10015,15.24708],[108.10011,15.24707],[108.09965,15.24703],[108.09963,15.24702],[108.09947,15.247],[108.09946,15.24699],[108.09942,15.24699],[108.09936,15.24697],[108.09928,15.24697],[108.09922,15.24696],[108.09913,15.24698],[108.09906,15.24702],[108.09898,15.2471],[108.09878,15.24746],[108.09867,15.24757],[108.09866,15.24757],[108.09865,15.24758],[108.09852,15.24764],[108.0985,15.24764],[108.09847,15.24765],[108.09836,15.24765],[108.09827,15.24763],[108.09786,15.2475],[108.09771,15.24748],[108.09727,15.24749],[108.09712,15.24745],[108.09709,15.24745],[108.09693,15.2474],[108.09675,15.2473],[108.09674,15.2473],[108.09672,15.24728],[108.09668,15.24721],[108.09666,15.24715],[108.09662,15.24707],[108.09658,15.24696],[108.09649,15.24658],[108.09643,15.24649],[108.09639,15.24647],[108.09638,15.24645],[108.09633,15.24642],[108.09628,15.2464],[108.09627,15.24639],[108.09625,15.24639],[108.0961,15.24635],[108.09607,15.24632],[108.096,15.24616],[108.09592,15.24593],[108.09589,15.24588],[108.09585,15.24584],[108.0958,15.24574],[108.09576,15.24568],[108.09574,15.24562],[108.09566,15.24495],[108.09573,15.24442],[108.09573,15.24427],[108.0957,15.24421],[108.09567,15.24419],[108.09566,15.24417],[108.09534,15.24412],[108.09526,15.24408],[108.09525,15.24408],[108.09523,15.24405],[108.0952,15.24395],[108.09524,15.24382],[108.09527,15.24378],[108.09531,15.24375],[108.09544,15.24368],[108.09556,15.24364],[108.09563,15.24359],[108.09564,15.24359],[108.09572,15.24349],[108.09574,15.24345],[108.09573,15.24311],[108.09572,15.24309],[108.09571,15.24304],[108.09569,15.243],[108.09566,15.24296],[108.09562,15.24293],[108.09555,15.2429],[108.09549,15.24286],[108.09544,15.24281],[108.09537,15.24269],[108.09536,15.24262],[108.09534,15.24182],[108.09532,15.24173],[108.09529,15.24168],[108.09527,15.24163],[108.09526,15.24163],[108.09524,15.24159],[108.09501,15.24138],[108.09501,15.24137],[108.09495,15.24128],[108.09494,15.24123],[108.09494,15.24116],[108.09497,15.24098],[108.09507,15.2407],[108.09508,15.24063],[108.09508,15.24057],[108.09507,15.24051],[108.09489,15.23997],[108.09481,15.23957],[108.09481,15.23947],[108.0948,15.23939],[108.09481,15.23906],[108.09488,15.23876],[108.09488,15.23869],[108.09475,15.23843],[108.09475,15.23842],[108.09471,15.23832],[108.0947,15.23825],[108.09469,15.23822],[108.09465,15.23783],[108.09466,15.23763],[108.09458,15.23706],[108.09459,15.23698],[108.09461,15.2369],[108.09464,15.23683],[108.09464,15.23674],[108.09458,15.23648],[108.09457,15.23647],[108.09457,15.2363],[108.09462,15.23613],[108.09472,15.23597],[108.09486,15.2358],[108.09518,15.23548],[108.09523,15.23539],[108.09523,15.23535],[108.09521,15.2353],[108.09512,15.23523],[108.09502,15.23519],[108.09473,15.23511],[108.09464,15.23507],[108.09452,15.23496],[108.0945,15.23493],[108.09447,15.23485],[108.09446,15.23475],[108.0945,15.23443],[108.09451,15.23441],[108.09452,15.23426],[108.09451,15.23425],[108.0945,15.2342],[108.09436,15.23393],[108.09433,15.2338],[108.09433,15.23371],[108.09435,15.23357],[108.09446,15.23324],[108.09456,15.23311],[108.09459,15.2331],[108.09462,15.23307],[108.09469,15.23303],[108.09541,15.23275],[108.0956,15.23264],[108.09568,15.23257],[108.09575,15.23245],[108.09586,15.23201],[108.09587,15.23193],[108.09587,15.23186],[108.09584,15.23177],[108.09579,15.23166],[108.09573,15.23159],[108.09549,15.23142],[108.09524,15.23119],[108.09485,15.23076],[108.09471,15.23063],[108.09437,15.23037],[108.09435,15.23034],[108.09434,15.2303],[108.09434,15.23013],[108.09435,15.23009],[108.09435,15.2299],[108.09433,15.22974],[108.09433,15.22953],[108.09434,15.22946],[108.09434,15.22941],[108.09436,15.22939],[108.09436,15.22938],[108.09437,15.22935],[108.09456,15.2291],[108.09461,15.229],[108.09463,15.22893],[108.09464,15.22884],[108.09462,15.2285],[108.09461,15.22846],[108.09457,15.22838],[108.0945,15.22833],[108.09441,15.22828],[108.09414,15.22818],[108.09405,15.22813],[108.09402,15.22808],[108.094,15.22806],[108.09399,15.22802],[108.09399,15.2279],[108.094,15.22787],[108.09432,15.22748],[108.09437,15.22739],[108.09448,15.22724],[108.0945,15.22723],[108.09462,15.22711],[108.09489,15.22688],[108.09497,15.22678],[108.09503,15.22665],[108.09507,15.22648],[108.0951,15.22621],[108.09511,15.2262],[108.09516,15.22556],[108.09514,15.22544],[108.09507,15.22526],[108.09486,15.22482],[108.09485,15.22481],[108.09476,15.22448],[108.09475,15.22446],[108.0947,15.22421],[108.09467,15.22394],[108.09456,15.2236],[108.09446,15.2234],[108.09432,15.22292],[108.0943,15.22282],[108.0943,15.22274],[108.09431,15.22269],[108.09434,15.22263],[108.09438,15.22259],[108.09439,15.22259],[108.0945,15.22253],[108.09461,15.2225],[108.09479,15.22247],[108.09486,15.22244],[108.09492,15.2224],[108.09498,15.22234],[108.095,15.22229],[108.09502,15.22227],[108.09506,15.22212],[108.09507,15.2221],[108.09511,15.22196],[108.09515,15.22189],[108.09525,15.22181],[108.09526,15.22181],[108.09538,15.22176],[108.09562,15.22169],[108.09566,15.22167],[108.09613,15.22153],[108.0962,15.22152],[108.09626,15.22152],[108.09633,15.22154],[108.09635,15.22154],[108.09651,15.22158],[108.09657,15.22158],[108.09669,15.22153],[108.09684,15.22144],[108.09685,15.22143],[108.09712,15.22129],[108.09725,15.22115],[108.09731,15.22106],[108.09743,15.22082],[108.09755,15.22044],[108.09762,15.22027],[108.09762,15.2202],[108.0976,15.22015],[108.09755,15.22012],[108.09753,15.2201],[108.0974,15.22002],[108.09738,15.22],[108.09723,15.21995],[108.09721,15.21995],[108.09717,15.21994],[108.09713,15.21994],[108.09711,15.21995],[108.09707,15.21996],[108.09703,15.21998],[108.097,15.22001],[108.0969,15.22016],[108.09687,15.22022],[108.09683,15.22026],[108.09675,15.22031],[108.09668,15.22033],[108.09657,15.22034],[108.09652,15.22033],[108.09649,15.2203],[108.09647,15.22029],[108.09643,15.22025],[108.0964,15.2202],[108.09639,15.22016],[108.09639,15.22005],[108.09643,15.21997],[108.09665,15.21968],[108.09667,15.21963],[108.09668,15.21958],[108.09667,15.21952],[108.09662,15.21943],[108.09643,15.21918],[108.0963,15.21891],[108.09625,15.21885],[108.0962,15.21882],[108.09614,15.21881],[108.0961,15.21881],[108.09606,15.21882],[108.09575,15.21896],[108.09567,15.21893],[108.09563,15.2189],[108.09527,15.21855],[108.09524,15.21851],[108.09523,15.21851],[108.09521,15.21845],[108.09521,15.21838],[108.09522,15.21834],[108.09533,15.21819],[108.09571,15.2178],[108.09575,15.21777],[108.0958,15.21771],[108.09583,15.21762],[108.09583,15.21757],[108.09579,15.21743],[108.09578,15.21736],[108.09578,15.21729],[108.09582,15.21722],[108.09618,15.21676],[108.09632,15.21646],[108.09644,15.21626],[108.09646,15.21624],[108.0965,15.21617],[108.09657,15.2161],[108.09673,15.21597],[108.09704,15.2158],[108.09734,15.21559],[108.09781,15.21503],[108.09781,15.21502],[108.09823,15.21467],[108.09831,15.21454],[108.09831,15.21451],[108.09832,15.21446],[108.0983,15.21432],[108.0982,15.21404],[108.09807,15.2138],[108.09804,15.21369],[108.09799,15.21294],[108.09791,15.21246],[108.09793,15.21236],[108.09802,15.21217],[108.09805,15.21208],[108.09808,15.21203],[108.09809,15.21196],[108.09809,15.2117],[108.0981,15.21161],[108.09823,15.21127],[108.09828,15.21086],[108.09832,15.21073],[108.09834,15.21069],[108.09834,15.21068],[108.09844,15.21059],[108.09866,15.21047],[108.09877,15.21038],[108.09879,15.21037],[108.09889,15.21026],[108.09892,15.21024],[108.09913,15.21001],[108.09915,15.20996],[108.09918,15.20984],[108.09917,15.2098],[108.09917,15.20978],[108.09914,15.20973],[108.0991,15.2097],[108.09903,15.20967],[108.09895,15.20966],[108.09863,15.20966],[108.09858,15.20965],[108.09852,15.20961],[108.0985,15.20958],[108.0985,15.20957],[108.09847,15.20953],[108.09845,15.20947],[108.09844,15.20941],[108.09844,15.20936],[108.0985,15.20925],[108.09913,15.20834],[108.09919,15.20827],[108.09923,15.2082],[108.09928,15.20803],[108.09935,15.20786],[108.09947,15.20763],[108.09953,15.20755],[108.09966,15.20742],[108.09977,15.20733],[108.09989,15.20725],[108.10006,15.20716],[108.10012,15.20711],[108.1002,15.20706],[108.10028,15.20699],[108.10029,15.20691],[108.10027,15.20678],[108.10027,15.20672],[108.1003,15.20662],[108.10037,15.20652],[108.10039,15.2065],[108.10044,15.20642],[108.10052,15.20632],[108.10063,15.20623],[108.10072,15.2062],[108.10098,15.20616],[108.10111,15.20611],[108.10116,15.20607],[108.10117,15.20607],[108.10128,15.20596],[108.10131,15.20591],[108.10133,15.20585],[108.10133,15.2058],[108.10126,15.20571],[108.10116,15.20561],[108.10114,15.20553],[108.10114,15.2055],[108.10115,15.20548],[108.10116,15.20547],[108.10117,15.20545],[108.10119,15.20543],[108.10122,15.20541],[108.10148,15.20532],[108.10153,15.20529],[108.1016,15.20526],[108.10164,15.20523],[108.10167,15.20522],[108.10189,15.20503],[108.10205,15.20485],[108.1021,15.20478],[108.10214,15.20468],[108.10217,15.2043],[108.10221,15.20417],[108.1025,15.20375],[108.10253,15.20373],[108.10257,15.20368],[108.10267,15.20361],[108.10268,15.20361],[108.10275,15.20359],[108.10323,15.20356],[108.10363,15.20344],[108.10376,15.20343],[108.10394,15.20347],[108.10396,15.20347],[108.10402,15.2035],[108.10406,15.20353],[108.10413,15.20363],[108.10417,15.20375],[108.10425,15.20388],[108.10426,15.20389],[108.10431,15.20392],[108.10443,15.20396],[108.10445,15.20396],[108.10459,15.20403],[108.1049,15.20426],[108.10491,15.20426],[108.10502,15.20433],[108.10508,15.20434],[108.10516,15.20433],[108.10524,15.2043],[108.10525,15.2043],[108.1053,15.20421],[108.1053,15.20414],[108.10537,15.20387],[108.10542,15.20373],[108.10551,15.20355],[108.10567,15.20313],[108.10575,15.203],[108.10586,15.20288],[108.10604,15.20273],[108.10613,15.20267],[108.10619,15.20264],[108.10625,15.20262],[108.10633,15.20261],[108.1064,15.20263],[108.10652,15.2027],[108.10657,15.20274],[108.10664,15.20277],[108.10668,15.20278],[108.10672,15.20278],[108.10676,15.20277],[108.10678,15.20277],[108.10688,15.20272],[108.10694,15.20266],[108.10696,15.20257],[108.10696,15.20251],[108.10689,15.20227],[108.10687,15.20216],[108.10689,15.20203],[108.1069,15.202],[108.10693,15.20196],[108.10701,15.20189],[108.10713,15.20186],[108.10745,15.20186],[108.10771,15.20177],[108.10841,15.20145],[108.10845,15.20142],[108.10853,15.20132],[108.10865,15.20122],[108.10883,15.20114],[108.10888,15.20111],[108.10899,15.20107],[108.10909,15.20102],[108.1092,15.20093],[108.1092,15.20092],[108.10932,15.20083],[108.10935,15.20082],[108.10948,15.2007],[108.10988,15.20003],[108.10998,15.19994],[108.1101,15.19991],[108.11014,15.19991],[108.11022,15.19995],[108.11025,15.19998],[108.11027,15.20001],[108.11028,15.20004],[108.11029,15.20005],[108.11037,15.20034],[108.11039,15.20038],[108.11039,15.20039],[108.11041,15.20041],[108.11048,15.20045],[108.11056,15.20046],[108.11056,15.20047],[108.11062,15.20047],[108.11077,15.20042],[108.11105,15.20024],[108.11109,15.2002],[108.11137,15.20006],[108.11143,15.20004],[108.1115,15.20004],[108.11157,15.20005],[108.11163,15.20007],[108.11169,15.2001],[108.11187,15.20026],[108.11196,15.20032],[108.11207,15.20035],[108.11218,15.20036],[108.1122,15.20035],[108.1123,15.20034],[108.11241,15.2003],[108.11248,15.20025],[108.11252,15.2002],[108.11256,15.20013],[108.11259,15.20003],[108.11259,15.19991],[108.11258,15.19984],[108.11249,15.1997],[108.11239,15.19961],[108.11229,15.19954],[108.11214,15.19948],[108.11197,15.19943],[108.11175,15.19932],[108.1117,15.19928],[108.11167,15.19922],[108.11166,15.19916],[108.11166,15.19906],[108.11172,15.19889],[108.11188,15.19854],[108.1119,15.19848],[108.1119,15.19841],[108.11185,15.19829],[108.11185,15.19824],[108.11186,15.1982],[108.11188,15.19817],[108.1119,15.19815],[108.11197,15.19811],[108.11198,15.19811],[108.11208,15.19806],[108.11219,15.19802],[108.11229,15.19796],[108.11244,15.19783],[108.11265,15.19756],[108.11267,15.19755],[108.11272,15.19747],[108.11275,15.19739],[108.11275,15.19738],[108.11279,15.19724],[108.11278,15.19721],[108.11277,15.19708],[108.11278,15.19685],[108.11279,15.19681],[108.11282,15.19675],[108.11292,15.19666],[108.11312,15.19659],[108.11327,15.19656],[108.11333,15.19654],[108.11341,15.1965],[108.11345,15.19644],[108.11347,15.19636],[108.11347,15.19625],[108.11349,15.19617],[108.11357,15.19602],[108.11366,15.19591],[108.1137,15.19584],[108.11373,15.19571],[108.11373,15.19567],[108.11362,15.19541],[108.1136,15.19533],[108.1136,15.19527],[108.11362,15.19523],[108.11365,15.1952],[108.11373,15.19515],[108.11378,15.19513],[108.11494,15.19503],[108.11502,15.195],[108.11508,15.19496],[108.11508,15.19494],[108.1151,15.19489],[108.11509,15.19481],[108.11505,15.19469],[108.11491,15.19445],[108.11491,15.19444],[108.11489,15.19437],[108.11489,15.19432],[108.1149,15.19427],[108.11492,15.19422],[108.11508,15.19399],[108.1151,15.19397],[108.11523,15.19377],[108.11536,15.19364],[108.11581,15.19327],[108.11605,15.19312],[108.11619,15.19301],[108.11626,15.19297],[108.11636,15.19289],[108.11639,15.19285],[108.11643,15.19275],[108.11644,15.1927],[108.11644,15.19263],[108.11641,15.19256],[108.11625,15.19238],[108.1162,15.19228],[108.11617,15.19211],[108.11617,15.19204],[108.1162,15.19193],[108.11626,15.19179],[108.11631,15.19173],[108.1166,15.1915],[108.11663,15.19145],[108.11665,15.1914],[108.11665,15.19133],[108.11662,15.1912],[108.11659,15.19117],[108.11652,15.19112],[108.11644,15.19104],[108.1164,15.19097],[108.11639,15.19093],[108.11639,15.19088],[108.1164,15.19083],[108.11642,15.19078],[108.11646,15.19071],[108.11649,15.1906],[108.11649,15.19056],[108.11648,15.19053],[108.11641,15.19043],[108.11632,15.19023],[108.11631,15.19009],[108.11634,15.18993],[108.11634,15.18991],[108.11636,15.18982],[108.11643,15.18971],[108.11657,15.18954],[108.1166,15.18944],[108.1166,15.1894],[108.11659,15.18936],[108.11656,15.18931],[108.11642,15.18919],[108.1164,15.18916],[108.11638,15.18914],[108.11636,15.18909],[108.11635,15.18901],[108.11635,15.18892],[108.11639,15.1887],[108.11645,15.18859],[108.11652,15.18849],[108.11654,15.18845],[108.11668,15.18827],[108.11691,15.18804],[108.11695,15.18799],[108.11698,15.18792],[108.11697,15.18781],[108.1169,15.18761],[108.11689,15.18754],[108.11689,15.18645],[108.1169,15.18639],[108.11693,15.18632],[108.11694,15.18628],[108.11703,15.18613],[108.11713,15.18602],[108.11713,15.18601],[108.11716,15.18596],[108.11717,15.18592],[108.11717,15.18586],[108.11714,15.18573],[108.11712,15.18549],[108.11713,15.18542],[108.11723,15.18504],[108.11724,15.18495],[108.11723,15.1849],[108.1172,15.18483],[108.11717,15.1848],[108.11704,15.18474],[108.11692,15.1847],[108.11682,15.18463],[108.11678,15.18457],[108.11675,15.1845],[108.11674,15.18442],[108.11675,15.18428],[108.11677,15.1842],[108.11677,15.18412],[108.11678,15.18409],[108.11677,15.18405],[108.11677,15.18402],[108.11675,15.184],[108.11673,15.18397],[108.1166,15.18388],[108.11632,15.1836],[108.11627,15.18352],[108.11624,15.18343],[108.11623,15.18337],[108.11624,15.18334],[108.11624,15.18329],[108.11626,15.18319],[108.11627,15.18317],[108.11635,15.18267],[108.11642,15.18179],[108.11643,15.18143],[108.11641,15.18138],[108.11641,15.18137],[108.11633,15.18127],[108.11619,15.18102],[108.1161,15.18094],[108.1161,15.18093],[108.11598,15.18085],[108.11584,15.18067],[108.11579,15.18052],[108.11577,15.18041],[108.11579,15.18033],[108.11579,15.18031],[108.11583,15.1802],[108.11586,15.18017],[108.11591,15.1801],[108.11599,15.18004],[108.11605,15.17998],[108.11613,15.17987],[108.11616,15.1798],[108.11616,15.17963],[108.11613,15.17956],[108.11612,15.17956],[108.11609,15.17952],[108.11604,15.17948],[108.1159,15.17942],[108.11583,15.17935],[108.11581,15.1793],[108.1158,15.17925],[108.11581,15.17917],[108.11581,15.17907],[108.11582,15.17899],[108.11573,15.17876],[108.11571,15.17865],[108.11573,15.17852],[108.11575,15.17848],[108.11579,15.17835],[108.11579,15.17832],[108.11577,15.17828],[108.11574,15.17825],[108.11569,15.17822],[108.11563,15.17821],[108.11562,15.1782],[108.11543,15.17814],[108.11535,15.1781],[108.11524,15.17806],[108.11517,15.178],[108.11516,15.17796],[108.11515,15.17794],[108.11515,15.17789],[108.11521,15.1777],[108.1153,15.17753],[108.11531,15.1775],[108.11531,15.17746],[108.1153,15.17745],[108.1153,15.17744],[108.11528,15.17742],[108.11523,15.17739],[108.11514,15.17738],[108.11498,15.17733],[108.11497,15.17732],[108.11495,15.17731],[108.11489,15.17724],[108.11488,15.1772],[108.11487,15.17709],[108.1149,15.17684],[108.11493,15.17673],[108.11498,15.17661],[108.11513,15.17638],[108.11515,15.17633],[108.11517,15.1763],[108.11518,15.17624],[108.11518,15.1762],[108.11516,15.17617],[108.11516,15.17616],[108.11507,15.17608],[108.11487,15.17598],[108.11481,15.17594],[108.11475,15.17587],[108.11472,15.17581],[108.11469,15.17572],[108.11467,15.17561],[108.11467,15.17548],[108.1147,15.1753],[108.11475,15.17521],[108.11483,15.17513],[108.11505,15.17497],[108.11521,15.17483],[108.11524,15.17479],[108.11528,15.17465],[108.11527,15.17463],[108.11527,15.17462],[108.11526,15.17459],[108.11523,15.17456],[108.11483,15.17431],[108.11471,15.17417],[108.11468,15.17409],[108.11467,15.174],[108.11468,15.17399],[108.11469,15.17395],[108.11473,15.17389],[108.11497,15.1737],[108.11522,15.17353],[108.1153,15.17345],[108.11533,15.17339],[108.11535,15.17333],[108.11534,15.17327],[108.11532,15.17322],[108.11531,15.17322],[108.11528,15.17318],[108.11502,15.17299],[108.11496,15.17293],[108.11494,15.17285],[108.11501,15.17249],[108.11503,15.17244],[108.11507,15.17237],[108.1152,15.17224],[108.11525,15.17217],[108.11535,15.17188],[108.11539,15.17184],[108.11548,15.1718],[108.11554,15.17179],[108.11556,15.1718],[108.11571,15.17182],[108.1162,15.17184],[108.1163,15.17187],[108.1166,15.17199],[108.11669,15.17199],[108.11674,15.17197],[108.11679,15.17194],[108.11681,15.17191],[108.11689,15.17183],[108.11699,15.17176],[108.11708,15.17171],[108.11718,15.17168],[108.11735,15.17167],[108.11743,15.17168],[108.11743,15.17169],[108.11744,15.17169],[108.11747,15.1717],[108.11759,15.17179],[108.11773,15.17193],[108.11782,15.17206],[108.11782,15.17207],[108.11783,15.17208],[108.11785,15.17213],[108.11788,15.17242],[108.1179,15.17245],[108.11793,15.17252],[108.11796,15.17256],[108.11808,15.17264],[108.11829,15.1727],[108.11836,15.1727],[108.11839,15.17271],[108.11851,15.17271],[108.11854,15.1727],[108.11867,15.17268],[108.1188,15.1727],[108.11918,15.1728],[108.11931,15.17282],[108.11941,15.17281],[108.11945,15.1728],[108.11947,15.1728],[108.11953,15.17278],[108.11958,15.17275],[108.1196,15.17275],[108.11978,15.17263],[108.12069,15.17186],[108.12084,15.1717],[108.12087,15.17165],[108.12087,15.17164],[108.12088,15.17162],[108.12088,15.17159],[108.12085,15.17146],[108.12081,15.17137],[108.12081,15.17135],[108.1208,15.17134],[108.12074,15.17121],[108.12069,15.17022],[108.12066,15.17007],[108.12063,15.17002],[108.1206,15.16999],[108.12059,15.16997],[108.12057,15.16996],[108.12047,15.16983],[108.12043,15.16975],[108.12036,15.16952],[108.12036,15.16951],[108.12033,15.16948],[108.12033,15.16947],[108.12028,15.16944],[108.12005,15.16934],[108.11995,15.16931],[108.11985,15.16926],[108.11973,15.16918],[108.11962,15.16906],[108.11945,15.16877],[108.1194,15.16859],[108.11942,15.16847],[108.11947,15.16837],[108.11957,15.16822],[108.11967,15.16813],[108.1197,15.16809],[108.11982,15.16798],[108.11986,15.16793],[108.1199,15.1678],[108.11968,15.16769],[108.11943,15.16759],[108.11939,15.16758],[108.11937,15.16758],[108.11926,15.16754],[108.11911,15.16752],[108.1189,15.16751],[108.11882,15.16753],[108.11877,15.16753],[108.11851,15.16758],[108.11847,15.16758],[108.11827,15.16761],[108.11802,15.16762],[108.11787,15.16761],[108.11772,15.16758],[108.1174,15.16748],[108.11684,15.16724],[108.1161,15.16698],[108.11604,15.16697],[108.1157,15.16683],[108.11569,15.16683],[108.11526,15.16659],[108.11518,15.16653],[108.11518,15.16652],[108.11506,15.16642],[108.11505,15.1664],[108.11479,15.16612],[108.11438,15.16549],[108.11418,15.16508],[108.11397,15.16473],[108.11388,15.16461],[108.11372,15.16433],[108.11371,15.16426],[108.1137,15.16426],[108.1137,15.16408],[108.11372,15.16398],[108.11372,15.16395],[108.11376,15.16375],[108.11378,15.16329],[108.11377,15.16323],[108.11377,15.16319],[108.11373,15.163],[108.11368,15.16288],[108.11367,15.16284],[108.11361,15.16275],[108.11334,15.16247],[108.11331,15.16243],[108.11329,15.16242],[108.11319,15.16229],[108.11314,15.1622],[108.1131,15.1621],[108.11308,15.16195],[108.11311,15.16173],[108.11327,15.16108],[108.11328,15.16108],[108.11351,15.16042],[108.11355,15.16024],[108.11355,15.16007],[108.11348,15.15987],[108.11341,15.15975],[108.1134,15.15975],[108.11337,15.1597],[108.11331,15.15963],[108.11245,15.15883],[108.11234,15.15875],[108.11231,15.15872],[108.11203,15.15855],[108.112,15.15852],[108.11179,15.15841],[108.11126,15.15822],[108.11111,15.15812],[108.11102,15.15803],[108.11063,15.15752],[108.11043,15.15731],[108.10972,15.15688],[108.10957,15.15673],[108.10944,15.15652],[108.10939,15.15641],[108.10937,15.15633],[108.10936,15.15632],[108.10934,15.15619],[108.10935,15.15583],[108.10941,15.15561],[108.10947,15.15546],[108.10948,15.15546],[108.10955,15.15534],[108.11011,15.15469],[108.11088,15.15391],[108.11118,15.1535],[108.11128,15.1533],[108.1115,15.15266],[108.11153,15.15234],[108.11154,15.1519],[108.11153,15.15178],[108.11148,15.15154],[108.11139,15.15138],[108.11124,15.15119],[108.11118,15.15113],[108.1109,15.15078],[108.11082,15.15066],[108.11036,15.15022],[108.11003,15.14981],[108.10964,15.14939],[108.10943,15.14913],[108.10933,15.14892],[108.10924,15.14855],[108.10922,15.14851],[108.10917,15.14833],[108.10916,15.14825],[108.10917,15.14816],[108.10934,15.14747],[108.10939,15.14732],[108.10955,15.147],[108.10976,15.1468],[108.1099,15.14663],[108.10999,15.14643],[108.11002,15.14627],[108.11002,15.14577],[108.11008,15.14536],[108.11013,15.14518],[108.11012,15.145],[108.11011,15.14498],[108.10992,15.14474],[108.10969,15.14463],[108.10961,15.14451],[108.10958,15.14448],[108.10956,15.14435],[108.10957,15.14434],[108.1097,15.14391],[108.10967,15.14371],[108.10955,15.14349],[108.10953,15.14344],[108.10937,15.14327],[108.10934,15.1432],[108.10933,15.14319],[108.10932,15.14309],[108.10934,15.14296],[108.10939,15.14284],[108.10952,15.14236],[108.10968,15.14195],[108.10968,15.14193],[108.10982,15.14178],[108.1099,15.14172],[108.10994,15.1417],[108.11024,15.1415],[108.11025,15.1415],[108.11054,15.14123],[108.1108,15.14093],[108.11123,15.14034],[108.11133,15.14012],[108.11141,15.13979],[108.11145,15.1394],[108.11151,15.13834],[108.11149,15.138],[108.11116,15.13693],[108.11114,15.13689],[108.11112,15.13682],[108.11112,15.1368],[108.11093,15.13626],[108.11091,15.13613],[108.1109,15.1361],[108.11092,15.13595],[108.11096,15.13582],[108.111,15.13573],[108.11118,15.13548],[108.11129,15.13538],[108.11133,15.13538],[108.11148,15.13533],[108.11169,15.13532],[108.11179,15.13535],[108.11195,15.13542],[108.11195,15.13543],[108.11202,15.13548],[108.11208,15.13551],[108.11275,15.13599],[108.11278,15.136],[108.11299,15.13613],[108.11323,15.13617],[108.11341,15.13615],[108.11348,15.13613],[108.11356,15.13608],[108.11359,15.13607],[108.11369,15.136],[108.11372,15.13596],[108.11381,15.13578],[108.11386,15.13557],[108.11387,15.13556],[108.11395,15.13536],[108.11466,15.13386],[108.11469,15.13382],[108.1149,15.13338],[108.11499,15.13322],[108.11506,15.13312],[108.11511,15.13303],[108.11512,15.13303],[108.11513,15.133],[108.11546,15.13259],[108.11568,15.13235],[108.11571,15.1323],[108.11662,15.13115],[108.11669,15.13108],[108.11692,15.13075],[108.11694,15.13071],[108.11707,15.13053],[108.11719,15.1303],[108.11725,15.13],[108.11732,15.12976],[108.11734,15.1296],[108.11714,15.12853],[108.11713,15.12826],[108.11716,15.12813],[108.11723,15.12803],[108.11723,15.12802],[108.11727,15.12797],[108.11736,15.12791],[108.11756,15.12787],[108.11775,15.12786],[108.11781,15.12785],[108.11862,15.12783],[108.1191,15.12794],[108.11937,15.12802],[108.11966,15.12805],[108.11987,15.12802],[108.12043,15.12778],[108.12046,15.1277],[108.12048,15.12767],[108.1205,15.12746],[108.12041,15.12699],[108.12021,15.12635],[108.12011,15.12591],[108.12006,15.1255],[108.12007,15.12537],[108.1201,15.12527],[108.12012,15.12525],[108.12017,15.12518],[108.1204,15.12497],[108.12046,15.12486],[108.12047,15.12476],[108.12046,15.12469],[108.12043,15.12461],[108.12038,15.12452],[108.12036,15.1245],[108.11976,15.12355],[108.11972,15.12343],[108.11971,15.12332],[108.11977,15.12287],[108.11986,15.12243],[108.11986,15.12234],[108.11992,15.1218],[108.11993,15.12178],[108.11995,15.12163],[108.12001,15.12145],[108.12007,15.12135],[108.12014,15.12128],[108.12071,15.1208],[108.12119,15.12032],[108.12127,15.12026],[108.12134,15.12018],[108.12143,15.12005],[108.12149,15.11992],[108.12151,15.11979],[108.12151,15.11968],[108.12145,15.11953],[108.12114,15.1192],[108.1209,15.11908],[108.12076,15.11905],[108.12071,15.11906],[108.12063,15.11906],[108.12038,15.1191],[108.12019,15.11911],[108.12009,15.11909],[108.11999,15.11905],[108.11998,15.11904],[108.11995,15.11903],[108.11987,15.11892],[108.11987,15.11879],[108.11989,15.11872],[108.11991,15.11856],[108.12004,15.11802],[108.12007,15.11748],[108.12001,15.11731],[108.12001,15.1173],[108.11992,15.11715],[108.11985,15.11707],[108.11936,15.11668],[108.1193,15.11665],[108.11918,15.11653],[108.11912,15.11645],[108.11908,15.11634],[108.11904,15.11589],[108.11899,15.11571],[108.11899,15.11569],[108.11876,15.11503],[108.11817,15.11405],[108.11801,15.11385],[108.11795,15.11382],[108.11787,15.1138],[108.11783,15.1138],[108.1177,15.11383],[108.11704,15.11434],[108.1169,15.1144],[108.1168,15.11442],[108.11631,15.11444],[108.11593,15.11443],[108.11575,15.1144],[108.11554,15.1143],[108.11498,15.11382],[108.11481,15.11363],[108.11472,15.11344],[108.1147,15.11336],[108.1147,15.11328],[108.11486,15.11267],[108.11487,15.1124],[108.11485,15.11229],[108.11482,15.11221],[108.11476,15.11212],[108.11469,15.11205],[108.11464,15.11202],[108.11445,15.11186],[108.11401,15.11155],[108.11393,15.11146],[108.11366,15.11107],[108.11325,15.11034],[108.11315,15.11022],[108.11304,15.11015],[108.11295,15.11015],[108.11284,15.11019],[108.11272,15.11026],[108.11234,15.11054],[108.11223,15.1106],[108.11189,15.11073],[108.11178,15.11075],[108.11135,15.11074],[108.1113,15.11072],[108.1113,15.11071],[108.11128,15.1107],[108.11122,15.11062],[108.11113,15.1104],[108.11084,15.10936],[108.11077,15.10919],[108.11057,15.10881],[108.11053,15.10871],[108.11052,15.1087],[108.11044,15.10836],[108.11038,15.10772],[108.11036,15.10764],[108.1103,15.10748],[108.10984,15.10669],[108.10958,15.10608],[108.10916,15.10534],[108.10887,15.10491],[108.10871,15.10454],[108.10854,15.10427],[108.10833,15.10402],[108.10825,15.10386],[108.10802,15.10262],[108.10801,15.1026],[108.108,15.10254],[108.10795,15.10245],[108.10784,15.10231],[108.10769,15.10219],[108.10768,15.10219],[108.10714,15.10185],[108.10676,15.10154],[108.10655,15.10141],[108.10628,15.10135],[108.10572,15.1013],[108.1052,15.10122],[108.10504,15.10118],[108.105,15.10115],[108.10492,15.10112],[108.10479,15.10103],[108.10288,15.09892],[108.10275,15.0987],[108.10249,15.09797],[108.10245,15.09791],[108.10216,15.09726],[108.1019,15.09638],[108.10164,15.09571],[108.10158,15.09563],[108.10152,15.09558],[108.10145,15.09554],[108.10064,15.0949],[108.10031,15.09468],[108.10014,15.09462],[108.0998,15.09461],[108.09906,15.0947],[108.09897,15.0947],[108.09886,15.09468],[108.09877,15.09463],[108.0987,15.09458],[108.09864,15.0945],[108.0986,15.09442],[108.09854,15.0942],[108.09854,15.09409],[108.09853,15.09407],[108.09853,15.0939],[108.09855,15.09373],[108.09859,15.09356],[108.09859,15.09354],[108.09888,15.09281],[108.09922,15.09212],[108.09943,15.09155],[108.09966,15.09107],[108.09971,15.09093],[108.09972,15.09084],[108.09971,15.09067],[108.09969,15.0906],[108.09966,15.09053],[108.09961,15.09045],[108.09948,15.09029],[108.09944,15.09026],[108.09901,15.08984],[108.09895,15.08977],[108.09854,15.08913],[108.09853,15.0891],[108.09837,15.08885],[108.09836,15.08882],[108.09817,15.08852],[108.09817,15.08851],[108.09808,15.08835],[108.09805,15.08831],[108.09796,15.08809],[108.09792,15.08785],[108.09797,15.08691],[108.09795,15.0866],[108.0979,15.0862],[108.09789,15.08618],[108.09784,15.08585],[108.09783,15.08582],[108.09772,15.08514],[108.09769,15.08482],[108.0977,15.08478],[108.09776,15.08424],[108.09776,15.08397],[108.09774,15.08379],[108.0977,15.08363],[108.09756,15.08329],[108.09751,15.08321],[108.09727,15.08273],[108.09724,15.08255],[108.09724,15.08223],[108.09721,15.08211],[108.09715,15.08197],[108.09709,15.08186],[108.097,15.08173],[108.09699,15.0817],[108.09649,15.08103],[108.09646,15.08097],[108.09644,15.08089],[108.09638,15.08086],[108.09634,15.08083],[108.09528,15.07932],[108.09516,15.07912],[108.09502,15.0788],[108.09497,15.07857],[108.09494,15.07824],[108.09494,15.07801],[108.09483,15.07709],[108.09471,15.07667],[108.09462,15.07642],[108.0945,15.07617],[108.09433,15.0757],[108.09431,15.07557],[108.09429,15.07515],[108.0943,15.0742],[108.09425,15.07343],[108.09395,15.07261],[108.09376,15.07194],[108.09372,15.07175],[108.09372,15.07026],[108.0938,15.06849],[108.09369,15.06798],[108.09355,15.06747],[108.09324,15.06659],[108.09321,15.06643],[108.0932,15.0663],[108.09321,15.06618],[108.09323,15.06609],[108.09327,15.06562],[108.09326,15.06553],[108.09316,15.06525],[108.09263,15.06429],[108.09255,15.06419],[108.09246,15.06412],[108.09214,15.06394],[108.09154,15.06346],[108.09077,15.06271],[108.09058,15.06248],[108.09042,15.0622],[108.09023,15.0618],[108.08986,15.0609],[108.08981,15.06071],[108.08981,15.06057],[108.08983,15.06039],[108.08991,15.06009],[108.09024,15.05941],[108.09037,15.05926],[108.0905,15.05915],[108.0912,15.05871],[108.09156,15.05841],[108.09167,15.05826],[108.09169,15.05822],[108.0917,15.05821],[108.09182,15.05791],[108.09182,15.05789],[108.09193,15.05754],[108.09206,15.05702],[108.09207,15.057],[108.09209,15.05689],[108.0921,15.05673],[108.09209,15.05646],[108.09207,15.0563],[108.09202,15.05609],[108.09194,15.05586],[108.09177,15.05547],[108.09177,15.05545],[108.09154,15.055],[108.09141,15.0548],[108.09088,15.05413],[108.09065,15.05379],[108.09062,15.05365],[108.09061,15.05363],[108.09044,15.05256],[108.09039,15.0524],[108.09039,15.05239],[108.08979,15.05052],[108.08979,15.05049],[108.08973,15.05016],[108.08967,15.04964],[108.08966,15.0496],[108.08958,15.04853],[108.08959,15.04838],[108.08961,15.04827],[108.08965,15.04818],[108.08965,15.04817],[108.08969,15.0481],[108.08977,15.04802],[108.08992,15.04794],[108.09005,15.04789],[108.0901,15.04789],[108.09017,15.04788],[108.09037,15.04791],[108.09055,15.04797],[108.09096,15.04818],[108.09162,15.04865],[108.0918,15.04875],[108.09238,15.04899],[108.09239,15.049],[108.09256,15.04906],[108.0927,15.04909],[108.09275,15.04909],[108.0928,15.0491],[108.0931,15.04908],[108.09312,15.04907],[108.09326,15.04903],[108.09341,15.04896],[108.09355,15.04887],[108.0937,15.04874],[108.09419,15.04815],[108.09467,15.04728],[108.0948,15.04701],[108.09486,15.04694],[108.09493,15.04688],[108.09499,15.04685],[108.09528,15.04676],[108.09547,15.04672],[108.09589,15.04667],[108.09608,15.04667],[108.09627,15.0467],[108.09698,15.04688],[108.09724,15.04698],[108.09755,15.04705],[108.09818,15.04711],[108.09846,15.04711],[108.09863,15.04708],[108.09884,15.047],[108.09914,15.04683],[108.09935,15.04668],[108.09948,15.04657],[108.10044,15.04547],[108.10062,15.04533],[108.10077,15.04524],[108.10078,15.04524],[108.1015,15.04497],[108.10166,15.04494],[108.10183,15.04489],[108.1022,15.04483],[108.10254,15.04483],[108.10362,15.045],[108.10379,15.04501],[108.10387,15.045],[108.10394,15.045],[108.10428,15.04491],[108.10471,15.04472],[108.10502,15.04456],[108.10507,15.04451],[108.10522,15.04432],[108.10549,15.04389],[108.1057,15.0436],[108.10576,15.04348],[108.10576,15.04347],[108.10582,15.0433],[108.10589,15.04304],[108.10589,15.04281],[108.10592,15.04262],[108.106,15.04235],[108.10617,15.04191],[108.10636,15.04066],[108.10638,15.04059],[108.10639,15.04045],[108.10641,15.04041],[108.10643,15.04034],[108.10653,15.0402],[108.10664,15.0401],[108.10722,15.03971],[108.10722,15.0397],[108.10726,15.03966],[108.1073,15.03955],[108.10731,15.03954],[108.10732,15.03944],[108.10732,15.03929],[108.10728,15.03901],[108.10728,15.0389],[108.10733,15.03865],[108.10736,15.03855],[108.10737,15.03848],[108.1076,15.03779],[108.1076,15.03777],[108.10766,15.03766],[108.10799,15.03728],[108.10803,15.03721],[108.10814,15.03687],[108.10816,15.03669],[108.10823,15.03633],[108.10826,15.03623],[108.10827,15.03616],[108.1083,15.03606],[108.10836,15.03568],[108.10842,15.03541],[108.10855,15.0352],[108.10862,15.03513],[108.1087,15.03508],[108.1088,15.03504],[108.10905,15.03499],[108.10948,15.03494],[108.10949,15.03493],[108.10982,15.03488],[108.10999,15.03484],[108.11013,15.03479],[108.11037,15.03468],[108.11038,15.03468],[108.11185,15.03357],[108.1122,15.03326],[108.11231,15.03311],[108.11278,15.03256],[108.11409,15.03117],[108.11459,15.03074],[108.11471,15.03061],[108.11472,15.03061],[108.115,15.03038],[108.1152,15.03017],[108.11535,15.02996],[108.11545,15.02974],[108.11556,15.02958],[108.11567,15.02947],[108.11588,15.0294],[108.11592,15.02938],[108.11598,15.02937],[108.11605,15.02934],[108.11663,15.02917],[108.11693,15.02904],[108.11702,15.02899],[108.11704,15.02899],[108.11743,15.02876],[108.11779,15.02837],[108.11779,15.02836],[108.11795,15.02814],[108.11823,15.02769],[108.11831,15.02751],[108.11835,15.02744],[108.11839,15.02734],[108.11843,15.02728],[108.11848,15.02718],[108.11895,15.02676],[108.119,15.0267],[108.11903,15.02665],[108.11903,15.02661],[108.11905,15.02653],[108.11908,15.02611],[108.11919,15.02573],[108.11933,15.02539],[108.11934,15.02535],[108.11939,15.02523],[108.11944,15.02505],[108.11945,15.02503],[108.11946,15.02497],[108.11945,15.02495],[108.11944,15.02488],[108.11929,15.02436],[108.11928,15.02436],[108.11928,15.02395],[108.11937,15.02348],[108.11938,15.02347],[108.11945,15.02335],[108.11949,15.02332],[108.11957,15.02323],[108.1196,15.02318],[108.11972,15.02304],[108.11989,15.0229],[108.12091,15.0225],[108.12103,15.02238],[108.12126,15.02211],[108.12152,15.02172],[108.12157,15.02166],[108.12166,15.0215],[108.12167,15.02149],[108.12181,15.02123],[108.12179,15.02107],[108.12161,15.02048],[108.1216,15.02037],[108.1216,15.01995],[108.12162,15.01977],[108.12165,15.01967],[108.12198,15.01892],[108.12207,15.01859],[108.12209,15.01854],[108.12217,15.01824],[108.12225,15.01806],[108.12238,15.01788],[108.1227,15.01751],[108.12292,15.01722],[108.12293,15.0172],[108.12304,15.01708],[108.1231,15.017],[108.12316,15.01694],[108.12322,15.01686],[108.12457,15.01562],[108.12461,15.01555],[108.12462,15.01554],[108.12469,15.01539],[108.12469,15.01538],[108.12472,15.01529],[108.12472,15.01521],[108.12474,15.01511],[108.12474,15.01508],[108.12483,15.01476],[108.12486,15.01469],[108.12486,15.01468],[108.12491,15.0146],[108.12494,15.01453],[108.12572,15.01347],[108.12577,15.01331],[108.12576,15.0132],[108.1257,15.01295],[108.12566,15.01264],[108.12565,15.01245],[108.12566,15.01239],[108.12571,15.01228],[108.12576,15.01223],[108.12585,15.01216],[108.1268,15.01153],[108.12689,15.01144],[108.12695,15.01135],[108.12699,15.01127],[108.12699,15.01126],[108.12703,15.01113],[108.12703,15.01109],[108.12709,15.01073],[108.12709,15.01069],[108.12714,15.01056],[108.12722,15.01044],[108.12752,15.01025],[108.1279,15.01006],[108.128,15.00999],[108.12809,15.00989],[108.12814,15.00979],[108.12814,15.00978],[108.12818,15.00966],[108.12814,15.00943],[108.12808,15.00934],[108.12772,15.00901],[108.12733,15.00859],[108.12729,15.00852],[108.12725,15.00841],[108.12724,15.00833],[108.12725,15.00797],[108.12724,15.00794],[108.12721,15.00775],[108.12706,15.00747],[108.12693,15.00717],[108.12669,15.00672],[108.12666,15.00658],[108.12666,15.00652],[108.12668,15.00642],[108.12672,15.00639],[108.12675,15.00635],[108.12727,15.00599],[108.12733,15.00593],[108.12735,15.00589],[108.12736,15.00588],[108.1274,15.00577],[108.12743,15.00563],[108.12746,15.00538],[108.12747,15.00485],[108.12746,15.00483],[108.12745,15.00478],[108.12741,15.00472],[108.12733,15.00463],[108.1272,15.00452],[108.12716,15.0045],[108.12691,15.00442],[108.12494,15.00351],[108.12429,15.00326],[108.12417,15.00323],[108.1241,15.00323],[108.12402,15.00324],[108.12394,15.00326],[108.12367,15.00338],[108.12366,15.00339],[108.12352,15.00346],[108.12334,15.00359],[108.12324,15.00372],[108.12324,15.00373],[108.12316,15.00388],[108.12312,15.00402],[108.12312,15.00412],[108.12314,15.00423],[108.12333,15.00454],[108.12334,15.00454],[108.12384,15.00529],[108.12406,15.00567],[108.12415,15.00588],[108.12422,15.00613],[108.12429,15.00654],[108.12429,15.00674],[108.12426,15.00687],[108.12423,15.00691],[108.12421,15.00695],[108.12404,15.00708],[108.12389,15.00716],[108.1232,15.00746],[108.12319,15.00747],[108.12291,15.0076],[108.1227,15.00768],[108.12233,15.00779],[108.12192,15.0078],[108.12156,15.00778],[108.12109,15.00771],[108.12094,15.0077],[108.11999,15.00755],[108.11977,15.0075],[108.11962,15.00749],[108.11903,15.0075],[108.11879,15.00759],[108.11843,15.00787],[108.1183,15.00799],[108.11825,15.00809],[108.11823,15.00815],[108.11823,15.00821],[108.11827,15.00833],[108.11836,15.00849],[108.11854,15.00873],[108.11856,15.00877],[108.11857,15.00878],[108.11861,15.00886],[108.11876,15.00902],[108.11887,15.0091],[108.11914,15.00921],[108.11955,15.0093],[108.11967,15.00936],[108.11975,15.00944],[108.11982,15.00954],[108.11986,15.00963],[108.11988,15.00971],[108.11989,15.00995],[108.11988,15.0102],[108.11984,15.01037],[108.11983,15.01038],[108.11977,15.0107],[108.11958,15.01143],[108.11956,15.0116],[108.11957,15.01173],[108.11961,15.01183],[108.11968,15.01194],[108.12055,15.01303],[108.12082,15.0134],[108.12086,15.01348],[108.12088,15.01357],[108.12088,15.01363],[108.12087,15.0137],[108.12086,15.01371],[108.12084,15.01375],[108.12075,15.01386],[108.12072,15.01388],[108.12059,15.014],[108.11983,15.01453],[108.11967,15.01462],[108.11955,15.01466],[108.11855,15.01466],[108.11847,15.01467],[108.11842,15.01469],[108.11839,15.01471],[108.11834,15.01476],[108.11826,15.01487],[108.11799,15.01557],[108.11801,15.01609],[108.11797,15.0162],[108.11796,15.0162],[108.11792,15.01625],[108.11777,15.0163],[108.11761,15.0163],[108.11744,15.01628],[108.11681,15.01615],[108.11512,15.01591],[108.11506,15.01589],[108.11496,15.01587],[108.11466,15.01574],[108.11454,15.01565],[108.11419,15.01545],[108.11403,15.01538],[108.11391,15.01531],[108.1139,15.0153],[108.11376,15.01521],[108.11375,15.01521],[108.11362,15.01516],[108.11345,15.01513],[108.11332,15.01513],[108.11308,15.01518],[108.11284,15.01528],[108.11275,15.01538],[108.11274,15.0154],[108.11268,15.01547],[108.1126,15.01561],[108.11256,15.01576],[108.11255,15.01589],[108.11256,15.01602],[108.11261,15.01618],[108.11267,15.01629],[108.11271,15.0164],[108.11284,15.0166],[108.11288,15.0167],[108.11292,15.01689],[108.11293,15.01737],[108.11291,15.01771],[108.11292,15.01783],[108.11297,15.01797],[108.11331,15.01848],[108.11355,15.0188],[108.11383,15.01909],[108.11386,15.01918],[108.11387,15.01924],[108.11387,15.01933],[108.11382,15.01948],[108.11377,15.01955],[108.11365,15.01968],[108.11299,15.02012],[108.11285,15.02025],[108.11282,15.02027],[108.11278,15.02032],[108.11274,15.02048],[108.11274,15.02052],[108.11275,15.02057],[108.11275,15.02061],[108.11277,15.02067],[108.11287,15.02086],[108.11296,15.02111],[108.11296,15.02124],[108.11293,15.02129],[108.11292,15.02132],[108.11285,15.02145],[108.11281,15.02149],[108.11271,15.02156],[108.11258,15.02162],[108.1125,15.02164],[108.11242,15.02165],[108.11232,15.02164],[108.11226,15.02162],[108.11215,15.02154],[108.11205,15.02143],[108.11189,15.0212],[108.11186,15.02114],[108.11177,15.02102],[108.11156,15.02088],[108.11104,15.02065],[108.11092,15.02058],[108.11089,15.02057],[108.11077,15.02048],[108.11061,15.02038],[108.11038,15.0202],[108.1097,15.01959],[108.10965,15.01953],[108.10875,15.01874],[108.10851,15.01847],[108.10844,15.01837],[108.10762,15.01779],[108.1074,15.01766],[108.10723,15.0176],[108.10703,15.01751],[108.10623,15.0173],[108.10431,15.01713],[108.10404,15.01712],[108.10394,15.01713],[108.10394,15.01714],[108.10386,15.01716],[108.1036,15.01733],[108.10346,15.01748],[108.1031,15.01797],[108.10299,15.0181],[108.10285,15.01831],[108.10278,15.01844],[108.10249,15.0192],[108.10187,15.02047],[108.10179,15.02058],[108.10175,15.0206],[108.10174,15.02061],[108.10167,15.02064],[108.1016,15.02066],[108.10141,15.02068],[108.10131,15.02068],[108.10121,15.02066],[108.10119,15.02066],[108.10103,15.02061],[108.10086,15.02054],[108.10031,15.02027],[108.10002,15.02016],[108.09987,15.02013],[108.09918,15.02006],[108.09892,15.01998],[108.09861,15.01985],[108.09847,15.01982],[108.09836,15.01981],[108.09822,15.01984],[108.09819,15.01987],[108.09815,15.01989],[108.09751,15.02068],[108.09751,15.02069],[108.09735,15.02078],[108.09726,15.0208],[108.09704,15.02079],[108.09645,15.0206],[108.09624,15.02048],[108.09618,15.02042],[108.09611,15.0203],[108.09606,15.02019],[108.09605,15.02007],[108.09606,15.02002],[108.09606,15.01992],[108.09609,15.01969],[108.09609,15.01946],[108.09608,15.01938],[108.09605,15.01931],[108.09605,15.01929],[108.09601,15.01924],[108.09599,15.0192],[108.09597,15.01919],[108.09591,15.01914],[108.09581,15.0191],[108.09569,15.0191],[108.09563,15.01911],[108.09538,15.01919],[108.09528,15.01921],[108.09524,15.01923],[108.09516,15.01924],[108.09508,15.01926],[108.09491,15.01926],[108.0949,15.01925],[108.09487,15.01925],[108.09483,15.01924],[108.09471,15.01923],[108.09437,15.01917],[108.09435,15.01916],[108.09432,15.01916],[108.09416,15.01913],[108.09414,15.01912],[108.0938,15.01906],[108.09342,15.01897],[108.0933,15.01893],[108.09307,15.01882],[108.09302,15.01878],[108.09264,15.01855],[108.09243,15.01846],[108.09242,15.01846],[108.09216,15.01834],[108.0919,15.01824],[108.09179,15.01818],[108.09177,15.01818],[108.09147,15.01804],[108.09083,15.01761],[108.09082,15.01761],[108.08995,15.0172],[108.08979,15.01714],[108.0895,15.017],[108.08948,15.017],[108.08939,15.01695],[108.08933,15.01689],[108.08922,15.01672],[108.08907,15.01635],[108.08902,15.01617],[108.08901,15.01602],[108.08903,15.01585],[108.0892,15.01527],[108.08928,15.01507],[108.08938,15.01475],[108.08941,15.01456],[108.08942,15.01429],[108.08938,15.01407],[108.0893,15.01384],[108.08918,15.01365],[108.08906,15.0135],[108.08887,15.0133],[108.08885,15.01329],[108.08859,15.01303],[108.08847,15.01294],[108.08828,15.01283],[108.08819,15.01279],[108.08722,15.0125],[108.08636,15.01233],[108.08631,15.01233],[108.08582,15.01225],[108.08569,15.01221],[108.08555,15.01211],[108.08537,15.01188],[108.08537,15.01187],[108.08514,15.01151],[108.08497,15.01128],[108.08495,15.01127],[108.08485,15.01117],[108.08473,15.0111],[108.08412,15.01098],[108.0841,15.01097],[108.08392,15.01092],[108.0839,15.01091],[108.08383,15.0109],[108.08379,15.01088],[108.08375,15.01085],[108.08372,15.01084],[108.08358,15.01067],[108.08352,15.01057],[108.08346,15.01043],[108.08335,15.01026],[108.08327,15.01016],[108.08317,15.01007],[108.08307,15.01002],[108.08246,15.00963],[108.08229,15.00949],[108.08216,15.00926],[108.08205,15.00902],[108.08186,15.00867],[108.0818,15.00859],[108.08165,15.00851],[108.08132,15.00838],[108.08112,15.00832],[108.08108,15.0083],[108.08071,15.00818],[108.08034,15.00813],[108.07965,15.00814],[108.07908,15.00797],[108.0789,15.00795],[108.07886,15.00794],[108.07869,15.00795],[108.07859,15.00794],[108.07854,15.00792],[108.07853,15.00791],[108.07843,15.00786],[108.07837,15.0078],[108.07827,15.00767],[108.07791,15.00696],[108.07789,15.00685],[108.07788,15.00684],[108.07787,15.00637],[108.07785,15.00625],[108.0778,15.00614],[108.07761,15.00588],[108.07738,15.00563],[108.07733,15.00559],[108.07685,15.00504],[108.07634,15.00451],[108.07633,15.00451],[108.07609,15.00423],[108.07596,15.00412],[108.07588,15.00408],[108.07562,15.00404],[108.07471,15.00403],[108.07458,15.00401],[108.07452,15.00398],[108.07443,15.00391],[108.07424,15.00371],[108.07418,15.00362],[108.07384,15.00329],[108.07315,15.00277],[108.07294,15.00267],[108.07245,15.00248],[108.07244,15.00248],[108.0721,15.00233],[108.07208,15.00233],[108.07197,15.00229],[108.07176,15.00218],[108.0716,15.00206],[108.07127,15.00174],[108.07084,15.00152],[108.07071,15.00144],[108.07067,15.0014],[108.07064,15.00138],[108.07061,15.00131],[108.0706,15.00126],[108.0706,15.0012],[108.07061,15.00117],[108.07063,15.00114],[108.07064,15.00114],[108.07064,15.00113],[108.07177,15.00046],[108.07189,15.00041],[108.072,15.00034],[108.07226,15.00011],[108.0726,14.99977],[108.07264,14.9997],[108.07267,14.99962],[108.07268,14.99955],[108.07266,14.99946],[108.07265,14.99945],[108.07261,14.99935],[108.07259,14.99934],[108.07254,14.9993],[108.07231,14.99923],[108.07166,14.99912],[108.07164,14.99911],[108.07157,14.99911],[108.07139,14.99913],[108.07127,14.99916],[108.07123,14.99916],[108.07109,14.99918],[108.07098,14.99918],[108.07074,14.99912],[108.07072,14.99912],[108.07066,14.99908],[108.07046,14.99899],[108.07038,14.99897],[108.07031,14.99897],[108.07024,14.99898],[108.07002,14.99904],[108.06986,14.99905],[108.06969,14.99899],[108.06953,14.99889],[108.0693,14.99879],[108.06924,14.99878],[108.06887,14.99886],[108.06874,14.99886],[108.06855,14.9988],[108.06846,14.99875],[108.06839,14.99869],[108.06833,14.99862],[108.06817,14.99837],[108.0681,14.99831],[108.06805,14.99828],[108.06799,14.99826],[108.06706,14.99812],[108.06691,14.99807],[108.06683,14.99803],[108.06675,14.99797],[108.06664,14.99783],[108.06659,14.99778],[108.06656,14.99773],[108.06622,14.99732],[108.06612,14.99722],[108.06611,14.9972],[108.06579,14.99699],[108.06549,14.99684],[108.06532,14.99669],[108.06501,14.99625],[108.06473,14.99599],[108.06446,14.99583],[108.06445,14.99582],[108.06384,14.99543],[108.0624,14.9946],[108.0621,14.99439],[108.06206,14.99437],[108.06181,14.99417],[108.06165,14.99401],[108.0616,14.99394],[108.06158,14.99389],[108.06157,14.99389],[108.06156,14.99379],[108.06157,14.99374],[108.06161,14.99367],[108.06163,14.99365],[108.06166,14.99363],[108.06236,14.99335],[108.06241,14.99332],[108.06244,14.99331],[108.0625,14.99326],[108.06255,14.99318],[108.06256,14.993],[108.06245,14.99281],[108.0624,14.99268],[108.06239,14.99262],[108.06239,14.99256],[108.06242,14.99243],[108.06362,14.99072],[108.06369,14.99053],[108.0637,14.99042],[108.06369,14.99032],[108.06366,14.99021],[108.06364,14.9902],[108.06361,14.99015],[108.06355,14.9901],[108.06349,14.99007],[108.06336,14.99003],[108.0631,14.99001],[108.06263,14.99008],[108.06236,14.99008],[108.06215,14.98999],[108.06207,14.98993],[108.06199,14.98983],[108.06195,14.98975],[108.06192,14.98964],[108.06192,14.98958],[108.06195,14.98944],[108.06202,14.98927],[108.06203,14.98916],[108.06202,14.98906],[108.06194,14.98893],[108.06193,14.98892],[108.06188,14.98889],[108.06174,14.98884],[108.06166,14.98884],[108.06143,14.98892],[108.06126,14.98902],[108.06115,14.98911],[108.06099,14.98927],[108.06091,14.98938],[108.06051,14.98979],[108.06044,14.98984],[108.06032,14.9899],[108.06022,14.98993],[108.05982,14.98992],[108.05978,14.98991],[108.05957,14.9899],[108.05941,14.98991],[108.05909,14.99002],[108.05902,14.99008],[108.05897,14.99014],[108.05877,14.9905],[108.05861,14.99084],[108.05856,14.99092],[108.05851,14.99097],[108.0585,14.99097],[108.05842,14.991],[108.05833,14.99102],[108.05818,14.991],[108.05796,14.99083],[108.05771,14.99057],[108.05763,14.99046],[108.05756,14.99034],[108.05752,14.99018],[108.05748,14.98983],[108.05736,14.98959],[108.05725,14.98948],[108.05709,14.98936],[108.05694,14.98927],[108.0568,14.98921],[108.05669,14.98918],[108.05659,14.98917],[108.05634,14.9892],[108.05606,14.98927],[108.05588,14.98926],[108.05573,14.98921],[108.05552,14.98911],[108.05537,14.98901],[108.05497,14.98879],[108.05477,14.98874],[108.05432,14.98869],[108.05415,14.98864],[108.05414,14.98863],[108.05406,14.98859],[108.05396,14.98852],[108.05388,14.98843],[108.05363,14.98804],[108.05342,14.98766],[108.05339,14.98763],[108.05326,14.98741],[108.05315,14.98718],[108.05297,14.98666],[108.05292,14.98656],[108.05284,14.98648],[108.05271,14.98638],[108.05202,14.98608],[108.05201,14.98608],[108.05171,14.98597],[108.05163,14.98595]]},"properties":{"name":"QL40B","visibility":false,"styleUrl":"#line-1267FF-5000-nodesc6","stroke-opacity":1,"stroke":"#ff00ff","stroke-width":10}},{"type":"Feature","geometry":{"type":"LineString","coordinates":[[108.3170696429648,15.48089741108078],[108.3161176679834,15.47966631806233],[108.3142912577449,15.47610130991719],[108.3134498990245,15.47451079323514],[108.3128784233068,15.47414223011332],[108.312208861527,15.47417413045183],[108.3114573727951,15.47427816121678],[108.3104623490736,15.47454850668501],[108.3099926896292,15.47511675905095],[108.309439027161,15.47607609407143],[108.3092032170366,15.47696246535478],[108.3089233008429,15.4774095789709],[108.3083801755082,15.47769203778547],[108.3071039409811,15.47786809017907],[108.3058131970784,15.4781808176395],[108.305012514638,15.47881269680825],[108.3042401442152,15.47960471342698],[108.3035351249726,15.48012286136992],[108.3028128219037,15.48035954966802],[108.3007939544295,15.4804336369261],[108.3003463483604,15.48041725595475],[108.2996146163047,15.48037942908459],[108.2993529905413,15.48028259413852]]},"properties":{"name":"Km32+330 - Km35+300 Tuyến tránh tiên kỳ","visibility":false,"description":"Dự kiến chuyển thành QL.40B","styleUrl":"#msn_ylw-pushpin2","stroke-opacity":0.6,"stroke":"#ffff00","stroke-width":20,"icon-scale":1.1,"icon-offset":[20,2],"icon-offset-units":["pixels","pixels"],"icon":"http://maps.google.com/mapfiles/kml/pushpin/ylw-pushpin.png"}},{"type":"Feature","geometry":{"type":"LineString","coordinates":[[108.3170607767253,15.48099150901487],[108.3163913289796,15.48144279788684],[108.3157199936804,15.48189807115287],[108.3151310293663,15.4822996191519],[108.3144644706251,15.48272085951556],[108.3139623801714,15.48307572341211],[108.3133016224021,15.48367985837526],[108.3125409803216,15.4845041482247],[108.311599305941,15.48552394165002],[108.3115799781509,15.48553604867031],[108.3111560013941,15.48630384094929],[108.3107658427766,15.48697574603738],[108.3099133797539,15.48739836750558],[108.3094888545701,15.48807745410355],[108.3089758490524,15.4887345117608],[108.3082394982476,15.48960756699823],[108.3080577122176,15.48957602390555],[108.3077494443961,15.48924653262134],[108.3072785577455,15.48881681557723],[108.306780237272,15.48831298216243],[108.3063366012208,15.48806975581624],[108.3053612240939,15.48759464880171],[108.3050991196893,15.48742717609556],[108.3049074556142,15.48720954294892],[108.3043597355513,15.48675740624064],[108.3040300305465,15.48646704203644],[108.3034731993468,15.48601572232962],[108.3026002902883,15.48558989828654],[108.301825361382,15.48525887870753],[108.301383937204,15.48493382489027],[108.3011666987318,15.48442610227748],[108.3010040874915,15.4837467121864],[108.3010101152395,15.48313375523494],[108.3007247005761,15.48259170868461],[108.3003706262018,15.48200912545503],[108.3001876463434,15.48189645965126],[108.3001704423375,15.48188561399237],[108.2998698053826,15.48184166415836],[108.299570666188,15.48175972712298],[108.2993948733305,15.48151997459024],[108.299314892947,15.48117514218362],[108.2992290631838,15.48064244710467],[108.2992301120719,15.48047790370251],[108.2992087463053,15.48036057301746]]},"properties":{"name":"QL.40B hiện trạng","visibility":false,"description":"Đoạn qua cầu Sông Tiên","styleUrl":"#msn_ylw-pushpin4","stroke-opacity":1,"stroke":"#ff00ff","stroke-width":10,"icon-scale":1.1,"icon-offset":[20,2],"icon-offset-units":["pixels","pixels"],"icon":"http://maps.google.com/mapfiles/kml/pushpin/ylw-pushpin.png"}},{"type":"Feature","geometry":{"type":"LineString","coordinates":[[108.235468039455,15.35647820326543],[108.2349440890278,15.35611494438179],[108.2347872791394,15.35608314242593],[108.2343939608682,15.35598231808485],[108.233776497159,15.35580861688639],[108.233524833283,15.35561804598839],[108.2321535503091,15.35417678158259],[108.2318456764954,15.35392268392928],[108.2310885698768,15.35384198713717],[108.2310421591679,15.35383749590666],[108.2303707109362,15.35350272408428],[108.2299555875985,15.35307246219808],[108.2299431610041,15.35285056676674],[108.2302908828302,15.35212424397233],[108.2302872062995,15.351459207556],[108.2302427163604,15.3510298756703],[108.2299467839998,15.35090293064714],[108.2295616614095,15.35091762365286],[108.2292414584444,15.35061290661588],[108.2291406295764,15.3504997052169],[108.2291285958002,15.35048998501821],[108.2291031465634,15.35047873879746],[108.2290672891192,15.35047456789129],[108.2288391715519,15.35033452606275],[108.2288080485762,15.35033053009889],[108.2284256380168,15.35023962735787],[108.2282802985928,15.35012045672177],[108.2282756897852,15.34988730995385],[108.2283275867597,15.3494574824445],[108.2283851797286,15.34923390521835],[108.2284395932733,15.34898732665138],[108.228460672462,15.34859793618357],[108.2284197354736,15.34795045100966],[108.2283403063059,15.34756807755623],[108.2282571829811,15.34735025637239],[108.2280553717473,15.34721831710592],[108.2277236901785,15.34707345054874],[108.227276620793,15.34692271885578],[108.226839649523,15.34676869836333],[108.2262306255119,15.34645182032638],[108.2258163212659,15.34611186740542],[108.2255509850724,15.3458368923702],[108.2249130324695,15.345246662897],[108.2247536656464,15.34507875992144],[108.2245174864621,15.34491116536123],[108.2245092812226,15.34490957093328],[108.2242449540735,15.34478132473876],[108.2236015319647,15.34453972044051],[108.223173922171,15.34425820232552],[108.22276635477,15.34404386009636],[108.2224183724076,15.34369340972275],[108.2221947318365,15.34331869235685],[108.2221437664866,15.34283677014891],[108.222036437506,15.34240650231165],[108.221974806384,15.3422163883499],[108.2210202878969,15.34102831447242],[108.219621109776,15.33995152907763],[108.2194184491114,15.33951598136139],[108.2192798525129,15.33932219531584],[108.2190100728371,15.33889346752196],[108.2189799096996,15.3385866782341],[108.2191039625133,15.33788823864739],[108.2187725258412,15.33767285602671],[108.2182536096599,15.33747489245589],[108.2173466439811,15.33708164445239],[108.2169528825425,15.33692127483449],[108.2167091823484,15.3367864168925],[108.2162820055147,15.3366067440727],[108.2160021406164,15.33644413604073]]},"properties":{"name":"Đoạn Km54+625 - Km57+495 QL.40B hiện trạng","visibility":false,"description":"Dự kiến bàn giao lại UBND xã Trà My tiếp nhận quản lý","styleUrl":"#msn_ylw-pushpin4","stroke-opacity":1,"stroke":"#ff00ff","stroke-width":10,"icon-scale":1.1,"icon-offset":[20,2],"icon-offset-units":["pixels","pixels"],"icon":"http://maps.google.com/mapfiles/kml/pushpin/ylw-pushpin.png"}},{"type":"Feature","geometry":{"type":"LineString","coordinates":[[108.2354703293622,15.35645514396077],[108.2352609801063,15.35577160653535],[108.2351914216266,15.35548502924057],[108.2350095574869,15.35480884281746],[108.2349068362998,15.35439532114615],[108.2348804298838,15.35429178396611],[108.234627585267,15.35374256965599],[108.2340066829605,15.352454132551],[108.2336388280944,15.35153790735052],[108.2333957972698,15.35077461795813],[108.2333111263079,15.34998179911539],[108.233358821565,15.34954848408203],[108.233352326053,15.3485245542486],[108.2331148618939,15.34723278385628],[108.232439737269,15.34580907868546],[108.2309364941505,15.344824328414],[108.2296327281229,15.34362177332869],[108.2283953815801,15.34245142885664],[108.2272777567156,15.34172281848598],[108.2267769279599,15.34075081353921],[108.225959086875,15.3384478643436],[108.2249464160704,15.336460842573],[108.2239121923373,15.33482525763266],[108.2226783888683,15.33386160162372],[108.2219245982778,15.33359250387801],[108.2202838140787,15.33333710352642],[108.2187653620208,15.33336356991674],[108.2168777770057,15.33322337652276],[108.216239794569,15.33329805426674],[108.2160676118348,15.33355436103904],[108.2161431268648,15.33444840326185],[108.2159858556007,15.33646772816893]]},"properties":{"name":"Km54+625 - Km57+495 (tuyến tránh thị trấn Bắc Trà My)","visibility":false,"description":"Dự kiến chuyển thành QL.40B","styleUrl":"#msn_ylw-pushpin6","stroke-opacity":0.6,"stroke":"#ffff00","stroke-width":20,"icon-scale":1.1,"icon-offset":[20,2],"icon-offset-units":["pixels","pixels"],"icon":"http://maps.google.com/mapfiles/kml/pushpin/ylw-pushpin.png"}},{"type":"Feature","geometry":{"type":"LineString","coordinates":[[108.3653240701632,15.49123167976039],[108.3652260791313,15.49085791602283],[108.3650458316651,15.49039563734181],[108.3649976829235,15.49020587721376],[108.3650998003344,15.48982506940655],[108.3651183783546,15.4897907545549],[108.3651731769394,15.48940603919966],[108.3651029212051,15.48886624661387],[108.3651844423953,15.48841617048597],[108.3652544301729,15.48783979015438],[108.3651517172653,15.48757619279465],[108.3649151457991,15.48731094545854],[108.3641971579017,15.48670228109027],[108.3637534354189,15.4862787966176],[108.3635373621405,15.48613236656055],[108.3633588293199,15.48607279002377],[108.3629226184639,15.48599550370122],[108.3624569066265,15.48593878051738],[108.3620037236833,15.48597615131028],[108.3616637419034,15.48609020978832],[108.3614311994551,15.4863244016241],[108.3612025488996,15.48684674710459],[108.3608747295212,15.48760775062358],[108.360682898618,15.48812296706443],[108.3605009850724,15.48831480873061],[108.3601115655849,15.48851280874144],[108.3597201378753,15.48870412820755],[108.3592163407726,15.48895156143417],[108.3590742963026,15.48906091355986]]},"properties":{"name":"Đoạn Km25+500 - Km26+900 QL40B cũ","visibility":false,"description":"Dự kiến bàn giao lại UBND xã Tiên Phước tiếp nhận quản lý","styleUrl":"#line-1267FF-5000-nodesc60","stroke-opacity":1,"stroke":"#ff00ff","stroke-width":10}},{"type":"Feature","geometry":{"type":"LineString","coordinates":[[108.3430589345368,15.4803092556969],[108.3425859921183,15.48060475518069],[108.342169811852,15.48090550385918],[108.3419288677508,15.48101718943057],[108.3412883268664,15.48105439169613],[108.3406660963366,15.48104794518626],[108.3402047657521,15.48109205283939],[108.3396338157762,15.48114352747804],[108.3392751511556,15.48113040989889],[108.3391294387185,15.4810790208248],[108.3389695954625,15.48093598460121],[108.3388740868073,15.48064950907843],[108.3387881129741,15.48024839129373],[108.3386594042605,15.47978403198368]]},"properties":{"name":"Đoạn Km29+100 - Km29+700 QL.40B","visibility":false,"description":"Dự kiến bàn giao lại UBND xã Tiên Phước tiếp nhận quản lý","styleUrl":"#msn_ylw-pushpin3","stroke-opacity":1,"stroke":"#ff00ff","stroke-width":10,"icon-scale":1.1,"icon-offset":[20,2],"icon-offset-units":["pixels","pixels"],"icon":"http://maps.google.com/mapfiles/kml/pushpin/ylw-pushpin.png"}},{"type":"Feature","geometry":{"type":"LineString","coordinates":[[108.3907930981914,15.5103920064044],[108.389802106796,15.51054971209543],[108.3892854878847,15.51068044389621],[108.3887484329795,15.51083020275866],[108.3883769206654,15.5110578656897],[108.3879275454732,15.5115496278539],[108.3877157595778,15.51169234967376],[108.3874897201324,15.5117453046981],[108.387304806861,15.51161222467065],[108.3871730718627,15.5113457609554],[108.3868633098846,15.51062254351218],[108.3866192316038,15.51018267213742],[108.3865586099541,15.51004152727797],[108.3862234574258,15.50992261802829],[108.3861945254856,15.50991088540713],[108.3856546483711,15.50978535643386],[108.3852847857136,15.50965877998302],[108.3846725249076,15.50948771054114],[108.3841894531387,15.50932787438009],[108.384076016224,15.50927948059826]]},"properties":{"name":"Đoạn Km21+700 - Km22+550 QL.40B cũ","visibility":false,"description":"Dự kiến bàn giao lại UBND xã Phú Ninh quản lý","styleUrl":"#msn_ylw-pushpin5","stroke-opacity":1,"stroke":"#ff00ff","stroke-width":10,"icon-scale":1.1,"icon-offset":[20,2],"icon-offset-units":["pixels","pixels"],"icon":"http://maps.google.com/mapfiles/kml/pushpin/ylw-pushpin.png"}},{"type":"Feature","geometry":{"type":"LineString","coordinates":[[108.405588954842,15.51833125938592],[108.4052470923793,15.51845201050372],[108.4052437659897,15.51845267686259],[108.4052278907305,15.51846310182532],[108.4049019265962,15.518600641021],[108.4046716022032,15.51862593184374],[108.4045142145711,15.51857043887312],[108.4044167888315,15.518502546378],[108.4043150649887,15.51839593262825],[108.4041909721848,15.51822867265092],[108.4041436019455,15.51814774395588],[108.4041618060723,15.51810061238159],[108.4042445895179,15.51799420427139],[108.4043416038153,15.51785957864566]]},"properties":{"name":"Đoạn Km19+750 - Km20 QL40B cũ","visibility":false,"description":"Dự kiến chuyển lại cho UBND xã Phú Ninh quản lý","styleUrl":"#msn_ylw-pushpin5","stroke-opacity":1,"stroke":"#ff00ff","stroke-width":10,"icon-scale":1.1,"icon-offset":[20,2],"icon-offset-units":["pixels","pixels"],"icon":"http://maps.google.com/mapfiles/kml/pushpin/ylw-pushpin.png"}},{"type":"Feature","geometry":{"type":"LineString","coordinates":[[108.79828,15.3949],[108.79859,15.39437],[108.79873,15.39416],[108.80326,15.38645],[108.80335,15.38633],[108.80538,15.38291],[108.80556,15.38258],[108.8068,15.3805],[108.80711,15.37986],[108.80749,15.37896],[108.80763,15.37857],[108.80782,15.37775],[108.80862,15.3726],[108.80861,15.37158],[108.80844,15.36702],[108.80845,15.36598],[108.80848,15.36526],[108.8085,15.3651],[108.80853,15.36459],[108.80857,15.36419],[108.80858,15.36417],[108.80858,15.36413],[108.80873,15.36312],[108.80887,15.36245],[108.80922,15.36115],[108.80952,15.36025],[108.81024,15.35826],[108.81029,15.35815],[108.81105,15.35606],[108.8111,15.35595],[108.81135,15.35527],[108.81183,15.3541],[108.81186,15.354],[108.81285,15.35153],[108.81344,15.35018],[108.81382,15.34923],[108.81394,15.34897],[108.81531,15.34559],[108.81579,15.34448],[108.8161,15.34389],[108.81659,15.34318],[108.81687,15.34283],[108.81687,15.34282],[108.81756,15.34211],[108.81786,15.34185],[108.81857,15.34133],[108.81918,15.34095],[108.8195,15.34073],[108.82372,15.33808],[108.82599,15.33658],[108.82625,15.33639],[108.82687,15.33586],[108.82706,15.33568],[108.82717,15.33554],[108.82762,15.33485],[108.82772,15.33467],[108.82775,15.33464],[108.82779,15.33461],[108.82784,15.33459],[108.82795,15.33445],[108.82833,15.33403],[108.82841,15.33392],[108.82871,15.33339],[108.82884,15.33312],[108.82914,15.3324],[108.82923,15.3321],[108.82924,15.33208],[108.82949,15.33124],[108.82968,15.33045],[108.82978,15.32996],[108.82986,15.32904],[108.82982,15.32794],[108.82974,15.32741],[108.82964,15.32691],[108.8295,15.32635],[108.82942,15.32609],[108.82925,15.32562],[108.82783,15.32224],[108.8278,15.32214],[108.82752,15.32145],[108.82717,15.32045],[108.82706,15.32008],[108.82689,15.31959],[108.82642,15.31804],[108.82635,15.31785],[108.82621,15.31724],[108.82594,15.31567],[108.8259,15.31495],[108.82594,15.31382],[108.82677,15.30708],[108.82678,15.30661],[108.82671,15.30545],[108.82673,15.30536],[108.82679,15.30519],[108.82679,15.30504],[108.82676,15.30484],[108.82666,15.3045],[108.82656,15.30443],[108.82654,15.30442],[108.82652,15.30438],[108.82651,15.30437],[108.82615,15.30333],[108.82593,15.30284],[108.82566,15.30233],[108.82533,15.30176],[108.82532,15.30176],[108.82507,15.30136],[108.82352,15.29935],[108.82283,15.29851],[108.82229,15.29796],[108.82181,15.29755],[108.82108,15.29704],[108.82077,15.29687],[108.82022,15.29661],[108.81867,15.29599],[108.81849,15.29593],[108.81622,15.29504],[108.81589,15.29494],[108.81513,15.29465],[108.81464,15.29443],[108.81407,15.29412],[108.8135,15.29372],[108.81292,15.2932],[108.81264,15.2929],[108.81072,15.29065],[108.80997,15.28984],[108.80919,15.28923],[108.80898,15.28909],[108.80831,15.28869],[108.80817,15.28862],[108.80065,15.28537],[108.79922,15.28468],[108.79849,15.28424],[108.7981,15.28396],[108.79375,15.27988],[108.79334,15.27947],[108.79217,15.27838],[108.79163,15.27803],[108.79123,15.2778],[108.79087,15.27763],[108.78952,15.27712],[108.78725,15.27638],[108.78632,15.27605],[108.78557,15.27569],[108.7846,15.27508],[108.78222,15.2732],[108.78177,15.27288],[108.78119,15.27253],[108.7811,15.27249],[108.78098,15.27242],[108.78073,15.2723],[108.78043,15.27218],[108.77976,15.27195],[108.77885,15.27177],[108.77875,15.27174],[108.77704,15.27136],[108.77551,15.27098],[108.77504,15.27089],[108.77504,15.2709],[108.77503,15.2709],[108.77502,15.27091],[108.775,15.27092],[108.77499,15.27092],[108.77498,15.27093],[108.77489,15.27093],[108.77488,15.27092],[108.77485,15.27092],[108.77482,15.27089],[108.77481,15.27089],[108.77479,15.27087],[108.77478,15.27085],[108.77477,15.27084],[108.77477,15.27083],[108.77476,15.27081],[108.77476,15.2708],[108.77475,15.2708],[108.77475,15.27079],[108.77465,15.27077],[108.77457,15.27073],[108.77443,15.27068],[108.77432,15.27063],[108.77282,15.27025],[108.77105,15.26985],[108.76593,15.26884],[108.76579,15.26882],[108.76415,15.26844],[108.76401,15.26838],[108.76394,15.26836],[108.76392,15.26834],[108.76371,15.26819],[108.76324,15.26771],[108.76296,15.26746],[108.76274,15.2673],[108.76248,15.26715],[108.7609,15.26651],[108.76071,15.26645],[108.76056,15.26643],[108.76039,15.26642],[108.76,15.26642],[108.75945,15.26646],[108.75898,15.26646],[108.75831,15.26651],[108.75694,15.26653],[108.75647,15.26656],[108.75601,15.26656],[108.75573,15.26653],[108.75553,15.26647],[108.75535,15.2664],[108.7553,15.26639],[108.75466,15.26614],[108.75448,15.26608],[108.75233,15.26519],[108.75207,15.2651],[108.75118,15.26474],[108.75085,15.26466],[108.75075,15.26465],[108.75058,15.26465],[108.75019,15.26468],[108.75008,15.2647],[108.74993,15.26474],[108.74991,15.26474],[108.74975,15.2648],[108.74971,15.26482],[108.74965,15.26488],[108.74958,15.26493],[108.74953,15.26501],[108.7495,15.26508],[108.74948,15.26516],[108.74947,15.26524],[108.74946,15.26526],[108.74947,15.26576],[108.74946,15.26587],[108.74936,15.26607],[108.7491,15.26629],[108.74693,15.26799],[108.74676,15.26809],[108.7465,15.26833],[108.74613,15.2686],[108.74602,15.26865],[108.74591,15.26867],[108.74572,15.26865],[108.74537,15.26853],[108.74497,15.26833],[108.74474,15.26816],[108.74446,15.26793],[108.74434,15.26778],[108.74429,15.26773],[108.74424,15.26763],[108.74419,15.26756],[108.74407,15.26731],[108.74406,15.26728],[108.74396,15.26711],[108.74387,15.267],[108.74382,15.26697],[108.74376,15.26692],[108.7437,15.2669],[108.74358,15.26688],[108.74357,15.26689],[108.7435,15.26689],[108.74338,15.26692],[108.74324,15.26699],[108.74314,15.26706],[108.74309,15.26713],[108.74305,15.26717],[108.743,15.26732],[108.74293,15.26765],[108.74285,15.26794],[108.74284,15.26818],[108.74292,15.26873],[108.74292,15.26878],[108.74294,15.26888],[108.74294,15.26898],[108.74292,15.26909],[108.74288,15.2692],[108.74271,15.26956],[108.7427,15.26959],[108.74267,15.26964],[108.74267,15.26965],[108.74258,15.26993],[108.74241,15.27101],[108.74236,15.27123],[108.74231,15.27136],[108.74224,15.2715],[108.74219,15.27157],[108.74209,15.27174],[108.74192,15.27191],[108.74175,15.27204],[108.74154,15.27217],[108.74138,15.27224],[108.74097,15.27237],[108.74083,15.27239],[108.7405,15.27239],[108.74028,15.27235],[108.73987,15.2722],[108.73966,15.27209],[108.73939,15.2719],[108.73921,15.27169],[108.73903,15.27143],[108.73872,15.27078],[108.73822,15.26981],[108.73821,15.2698],[108.73694,15.26741],[108.7369,15.26732],[108.73669,15.26693],[108.73658,15.26669],[108.73652,15.26661],[108.73638,15.26649],[108.73637,15.26649],[108.73627,15.26642],[108.73611,15.26635],[108.73388,15.26551],[108.7325,15.26495],[108.72938,15.26377],[108.72933,15.26376],[108.72766,15.26308],[108.72728,15.26295],[108.72563,15.2623],[108.72559,15.26226],[108.72367,15.26091],[108.72337,15.26073],[108.72307,15.26062],[108.72277,15.26055],[108.72259,15.26052],[108.72257,15.26051],[108.72241,15.26049],[108.7222,15.26045],[108.72186,15.26044],[108.72157,15.26047],[108.72135,15.26053],[108.72115,15.2606],[108.7209,15.26074],[108.7206,15.261],[108.72043,15.2612],[108.72034,15.26137],[108.72024,15.26159],[108.72008,15.26188],[108.71971,15.26265],[108.71942,15.26313],[108.71935,15.26321],[108.7193,15.26329],[108.71911,15.26348],[108.71909,15.26351],[108.71827,15.26445],[108.71827,15.26446],[108.71779,15.265],[108.71766,15.26513],[108.71743,15.26532],[108.71715,15.26549],[108.71688,15.26557],[108.71665,15.26562],[108.71651,15.26563],[108.71631,15.26561],[108.71447,15.26517],[108.71438,15.26513],[108.71433,15.26512],[108.71419,15.26503],[108.71282,15.26365],[108.71251,15.26337],[108.71185,15.26268],[108.71154,15.26238],[108.71123,15.26205],[108.71107,15.2619],[108.71035,15.26116],[108.7103,15.26112],[108.71024,15.26105],[108.70908,15.25988],[108.70902,15.25981],[108.70755,15.25835],[108.70726,15.25809],[108.70724,15.25808],[108.70709,15.25797],[108.70694,15.25789],[108.70693,15.25788],[108.70673,15.25783],[108.70602,15.25775],[108.70584,15.25774],[108.70568,15.25772],[108.70528,15.2577],[108.70382,15.25756],[108.70315,15.25753],[108.69195,15.25661],[108.69169,15.25654],[108.69147,15.25645],[108.69131,15.25635],[108.69116,15.25627],[108.68921,15.255],[108.68874,15.25473],[108.68636,15.25362],[108.68616,15.25354],[108.68601,15.25351],[108.68585,15.2535],[108.68574,15.25351],[108.68558,15.25355],[108.68543,15.25361],[108.68201,15.2554],[108.68198,15.25542],[108.68164,15.25558],[108.68134,15.25568],[108.68114,15.2557],[108.68089,15.2557],[108.67643,15.25533],[108.67636,15.25533],[108.67273,15.25502],[108.67203,15.25494],[108.67018,15.25462],[108.66943,15.25446],[108.66807,15.25425],[108.66748,15.25413],[108.66703,15.25394],[108.66648,15.25368],[108.66647,15.25367],[108.66618,15.25353],[108.66581,15.25333],[108.66553,15.25323],[108.66529,15.25317],[108.66508,15.25314],[108.6648,15.25314],[108.66341,15.25321],[108.66329,15.2532],[108.66291,15.25322],[108.66262,15.2532],[108.66028,15.25275],[108.65981,15.25269],[108.65827,15.25267],[108.658,15.25263],[108.65775,15.25256],[108.65707,15.25233],[108.65706,15.25233],[108.65637,15.25209],[108.65635,15.25209],[108.65567,15.25195],[108.65037,15.25129],[108.65034,15.25129],[108.64868,15.25107],[108.64845,15.25105],[108.64837,15.25106],[108.64812,15.25102],[108.64787,15.25095],[108.64761,15.25085],[108.64725,15.25066],[108.64633,15.25003],[108.64606,15.24988],[108.64556,15.24964],[108.64555,15.24964],[108.64437,15.24903],[108.64436,15.24901],[108.64414,15.24884],[108.64332,15.24828],[108.64308,15.24815],[108.64304,15.24812],[108.64298,15.24809],[108.64291,15.24804],[108.64243,15.24783],[108.64212,15.24776],[108.64166,15.24774],[108.64144,15.24775],[108.64106,15.24781],[108.63687,15.24864],[108.63636,15.24877],[108.63617,15.24887],[108.63616,15.24887],[108.63608,15.24891],[108.63599,15.24898],[108.63584,15.24912],[108.63571,15.24926],[108.63488,15.25063],[108.63486,15.25065],[108.63431,15.25156],[108.63423,15.25156],[108.63413,15.2516],[108.63365,15.25186],[108.63364,15.25187],[108.63345,15.25196],[108.63329,15.25205],[108.63312,15.25213],[108.63312,15.25214],[108.63266,15.25236],[108.63262,15.25237],[108.63256,15.2524],[108.63248,15.25241],[108.63244,15.25242],[108.63237,15.25242],[108.63227,15.25243],[108.63151,15.25233],[108.63133,15.25232],[108.63028,15.25242],[108.62917,15.25249],[108.62831,15.25257],[108.6276,15.25261],[108.62744,15.2526],[108.62685,15.25249],[108.62649,15.2524],[108.62648,15.25239],[108.6247,15.25189],[108.62425,15.2518],[108.62413,15.25179],[108.62409,15.25178],[108.62304,15.25171],[108.62101,15.25135],[108.62074,15.25132],[108.61998,15.2512],[108.61975,15.25113],[108.61943,15.25099],[108.61886,15.25066],[108.61875,15.25061],[108.61868,15.25057],[108.61853,15.25052],[108.6169,15.25009],[108.61643,15.24999],[108.61617,15.24996],[108.61599,15.24996],[108.61451,15.25018],[108.61377,15.25038],[108.61358,15.25042],[108.61264,15.25044],[108.61175,15.25063],[108.61136,15.25067],[108.6111,15.25068],[108.61109,15.25069],[108.61036,15.25072],[108.6103,15.25071],[108.60953,15.25067],[108.60938,15.25065],[108.60917,15.25064],[108.60888,15.2506],[108.60874,15.25057],[108.60844,15.25045],[108.60746,15.24994],[108.60727,15.24989],[108.60703,15.24987],[108.60682,15.24988],[108.60639,15.24994],[108.60616,15.25],[108.60615,15.25],[108.60533,15.2503],[108.60474,15.25055],[108.60443,15.25063],[108.60409,15.25067],[108.60365,15.25061],[108.60354,15.25058],[108.60326,15.25048],[108.60287,15.25024],[108.60269,15.25017],[108.60238,15.25008],[108.60212,15.25005],[108.60095,15.25004],[108.59922,15.2502],[108.59895,15.2502],[108.59866,15.25016],[108.59863,15.25016],[108.59818,15.25009],[108.59635,15.24987],[108.59626,15.24988],[108.59596,15.24995],[108.59543,15.25013],[108.59517,15.25019],[108.59407,15.25031],[108.59345,15.25031],[108.59339,15.25032],[108.59156,15.25027],[108.59154,15.25026],[108.59109,15.25023],[108.59011,15.24995],[108.58911,15.24974],[108.58859,15.24966],[108.58814,15.24962],[108.58739,15.2496],[108.58717,15.24961],[108.5871,15.24962],[108.58661,15.24977],[108.58638,15.24986],[108.58618,15.24996],[108.58598,15.2501],[108.58576,15.25028],[108.58564,15.25036],[108.58443,15.25128],[108.58415,15.25146],[108.58404,15.25152],[108.58383,15.25161],[108.58351,15.25172],[108.58309,15.25182],[108.58255,15.25191],[108.58236,15.25189],[108.58228,15.25187],[108.58142,15.25157],[108.58109,15.25147],[108.58084,15.25143],[108.58077,15.25144],[108.5807,15.25144],[108.58054,15.25148],[108.58034,15.25158],[108.58022,15.25167],[108.57993,15.25193],[108.57979,15.25204],[108.57958,15.25216],[108.57954,15.25219],[108.57919,15.25229],[108.57879,15.25237],[108.57849,15.25245],[108.57773,15.25272],[108.5775,15.25284],[108.57706,15.25312],[108.57679,15.25322],[108.57625,15.25336],[108.57624,15.25336],[108.57533,15.25358],[108.57501,15.25363],[108.5748,15.25363],[108.57471,15.25362],[108.57457,15.25357],[108.57447,15.25352],[108.57424,15.25337],[108.57389,15.2531],[108.57365,15.25289],[108.57349,15.25278],[108.57323,15.25266],[108.57295,15.25256],[108.57286,15.25252],[108.57168,15.25211],[108.57153,15.25207],[108.57058,15.2519],[108.56891,15.25149],[108.56845,15.25145],[108.56824,15.25145],[108.5682,15.25146],[108.56803,15.25147],[108.56785,15.2515],[108.56782,15.2515],[108.56747,15.2516],[108.56643,15.2518],[108.566,15.25191],[108.56498,15.25228],[108.56432,15.25249],[108.56211,15.25304],[108.56148,15.25317],[108.56089,15.25326],[108.56031,15.25332],[108.56011,15.2533],[108.56001,15.25328],[108.55957,15.25316],[108.55926,15.25306],[108.55925,15.25305],[108.55904,15.25298],[108.55806,15.2526],[108.55781,15.25254],[108.55755,15.25251],[108.55731,15.25251],[108.55529,15.25231],[108.55508,15.25231],[108.55452,15.25225],[108.55441,15.25223],[108.55326,15.2519],[108.5531,15.25187],[108.55287,15.25187],[108.55275,15.25188],[108.55253,15.25196],[108.55223,15.25212],[108.55137,15.25282],[108.55121,15.25293],[108.55119,15.25295],[108.55075,15.25323],[108.5506,15.25328],[108.55056,15.2533],[108.54942,15.2537],[108.54941,15.2537],[108.54927,15.25374],[108.54902,15.25374],[108.54871,15.25371],[108.54867,15.2537],[108.54637,15.25338],[108.54618,15.25337],[108.54608,15.25335],[108.54533,15.25336],[108.54522,15.25337],[108.54439,15.25338],[108.54432,15.25337],[108.54424,15.25337],[108.54397,15.2533],[108.54351,15.25314],[108.54333,15.2531],[108.54327,15.25308],[108.54219,15.25286],[108.54205,15.25284],[108.54192,15.25284],[108.54186,15.25285],[108.54064,15.25294],[108.54029,15.25295],[108.53963,15.25301],[108.53944,15.25301],[108.53926,15.25298],[108.53923,15.25298],[108.53812,15.25263],[108.53801,15.25263],[108.53794,15.25265],[108.53786,15.25272],[108.53782,15.25281],[108.53782,15.25292],[108.53783,15.25297],[108.53794,15.25324],[108.53882,15.25514],[108.53883,15.25518],[108.53902,15.25555],[108.53909,15.25572],[108.53912,15.25585],[108.53914,15.25605],[108.53913,15.25617],[108.53909,15.25636],[108.53886,15.25695],[108.53885,15.25696],[108.53883,15.257],[108.53829,15.25839],[108.53823,15.25848],[108.53823,15.2585],[108.53773,15.259],[108.53772,15.259],[108.53746,15.25926],[108.53727,15.25943],[108.53679,15.25991],[108.53656,15.26003],[108.53647,15.26005],[108.53489,15.26059],[108.53487,15.2606],[108.53401,15.26089],[108.53384,15.26096],[108.53364,15.26106],[108.53303,15.26141],[108.53302,15.26141],[108.53239,15.26178],[108.53237,15.26178],[108.53014,15.26306],[108.5298,15.26324],[108.52969,15.26328],[108.52965,15.2633],[108.52964,15.2633],[108.52957,15.26332],[108.52941,15.26334],[108.52909,15.26333],[108.52891,15.26331],[108.52759,15.26324],[108.52752,15.26323],[108.52741,15.26323],[108.52733,15.26322],[108.52701,15.26322],[108.52683,15.26324],[108.52668,15.26327],[108.52659,15.26328],[108.52656,15.26329],[108.52571,15.26347],[108.52568,15.26347],[108.52542,15.26354],[108.5254,15.26355],[108.52271,15.26425],[108.52262,15.26428],[108.52253,15.2643],[108.52253,15.26431],[108.52244,15.26431],[108.52222,15.26433],[108.52215,15.26432],[108.52178,15.26431],[108.52156,15.26429],[108.52129,15.26429],[108.52122,15.26428],[108.52114,15.26428],[108.52108,15.26427],[108.52074,15.26427],[108.52063,15.26428],[108.52051,15.26432],[108.52048,15.26432],[108.52005,15.26444],[108.52004,15.26444],[108.51991,15.26447],[108.51977,15.26452],[108.51976,15.26452],[108.51862,15.26497],[108.51727,15.26554],[108.51702,15.26567],[108.51688,15.26576],[108.51626,15.26621],[108.5161,15.26631],[108.51598,15.26637],[108.51589,15.26639],[108.5158,15.26642],[108.51559,15.26646],[108.5152,15.26647],[108.51486,15.26642],[108.51483,15.26642],[108.51318,15.26609],[108.51277,15.26603],[108.51263,15.266],[108.51219,15.26594],[108.51188,15.26588],[108.51168,15.26587],[108.51148,15.26588],[108.51142,15.26589],[108.51121,15.26595],[108.51022,15.26635],[108.50996,15.26643],[108.50978,15.26646],[108.50957,15.26648],[108.50938,15.26648],[108.50933,15.26649],[108.50919,15.26649],[108.50734,15.26661],[108.50729,15.26662],[108.50696,15.26664],[108.50674,15.26664],[108.50655,15.26662],[108.50614,15.26652],[108.50412,15.26583],[108.50391,15.2658],[108.5037,15.2658],[108.50164,15.26609],[108.50156,15.26609],[108.49511,15.26514],[108.49508,15.26514],[108.49493,15.26511],[108.49412,15.265],[108.49391,15.265],[108.49382,15.26501],[108.49363,15.26505],[108.4931,15.26521],[108.49287,15.26526],[108.49275,15.2653],[108.49264,15.2653],[108.49109,15.26511],[108.49051,15.26511],[108.49037,15.26512],[108.4902,15.26517],[108.49009,15.26523],[108.48961,15.26562],[108.48958,15.26563],[108.48954,15.26565],[108.48944,15.26568],[108.4894,15.26568],[108.48925,15.2657],[108.48921,15.26569],[108.48909,15.26569],[108.48892,15.26565],[108.48846,15.2656],[108.48837,15.2656],[108.48828,15.26561],[108.48817,15.26564],[108.48806,15.26568],[108.4879,15.26578],[108.4878,15.26586],[108.48776,15.26588],[108.48767,15.26596],[108.48758,15.26601],[108.4874,15.26608],[108.48712,15.26617],[108.48695,15.2662],[108.48692,15.26621],[108.48672,15.26622],[108.48651,15.26618],[108.4864,15.26614],[108.48622,15.26609],[108.48597,15.26599],[108.4858,15.26589],[108.48467,15.26498],[108.4846,15.2649],[108.48459,15.2649],[108.48448,15.26476],[108.48398,15.264],[108.48393,15.26391],[108.48369,15.26356],[108.48362,15.26348],[108.48352,15.26342],[108.48342,15.26338],[108.48321,15.26333],[108.48227,15.26328],[108.48209,15.26325],[108.48159,15.26322],[108.4813,15.26325],[108.48107,15.26331],[108.4805,15.26356],[108.48031,15.26366],[108.48015,15.26378],[108.48002,15.2639],[108.47991,15.26403],[108.47931,15.26486],[108.47928,15.26489],[108.47907,15.26519],[108.47884,15.26547],[108.47874,15.26556],[108.47863,15.26563],[108.47848,15.26571],[108.47803,15.26586],[108.47802,15.26587],[108.47786,15.26592],[108.47784,15.26593],[108.47762,15.26599],[108.47695,15.26621],[108.47694,15.26621],[108.47617,15.26652],[108.47577,15.26666],[108.47546,15.26679],[108.47526,15.26689],[108.47437,15.26743],[108.47395,15.26766],[108.47347,15.26795],[108.47292,15.26838],[108.47266,15.26854],[108.47253,15.26858],[108.47228,15.26859],[108.47164,15.26854],[108.47161,15.26853],[108.47056,15.26841],[108.47053,15.26841],[108.47035,15.26838],[108.47022,15.26837],[108.47008,15.26832],[108.46998,15.26827],[108.4699,15.26818],[108.46981,15.26802],[108.46975,15.26787],[108.46974,15.26772],[108.46976,15.26754],[108.46976,15.26747],[108.46982,15.26689],[108.46982,15.26677],[108.46979,15.26665],[108.46973,15.26654],[108.46965,15.26648],[108.46945,15.26639],[108.46914,15.26629],[108.46879,15.26621],[108.46861,15.2662],[108.46828,15.26621],[108.46806,15.26625],[108.46804,15.26625],[108.46662,15.2665],[108.46549,15.26657],[108.46548,15.26658],[108.46537,15.2666],[108.46512,15.26668],[108.46488,15.26678],[108.46466,15.26692],[108.4645,15.26706],[108.46443,15.26723],[108.46448,15.26759],[108.4645,15.26766],[108.46454,15.26794],[108.4645,15.26809],[108.46445,15.26819],[108.46438,15.26827],[108.46425,15.26839],[108.46422,15.2684],[108.46347,15.26891],[108.46346,15.26891],[108.46293,15.26929],[108.46275,15.2694],[108.46252,15.2695],[108.46243,15.26953],[108.46213,15.2696],[108.46048,15.26982],[108.4597,15.27001],[108.45958,15.27005],[108.45941,15.27008],[108.4589,15.27003],[108.45812,15.26992],[108.45809,15.26991],[108.45779,15.2699],[108.45694,15.26993],[108.45645,15.26997],[108.4561,15.27003],[108.45475,15.27065],[108.45439,15.27078],[108.45419,15.27083],[108.45403,15.27085],[108.45393,15.27085],[108.4537,15.27082],[108.45251,15.27061],[108.45238,15.27061],[108.45227,15.27062],[108.45203,15.27071],[108.45152,15.27093],[108.45135,15.27102],[108.45134,15.27103],[108.45114,15.27117],[108.45089,15.27137],[108.45061,15.27155],[108.4506,15.27155],[108.4505,15.2716],[108.45015,15.27166],[108.44819,15.27185],[108.44795,15.27189],[108.4475,15.27202],[108.44748,15.27202],[108.44718,15.2721],[108.44641,15.27226],[108.44614,15.2723],[108.44539,15.27251],[108.44513,15.27257],[108.44494,15.27258],[108.44476,15.27255],[108.44437,15.27243],[108.4442,15.2724],[108.44386,15.27239],[108.44353,15.27242],[108.4431,15.27237],[108.44291,15.27231],[108.44289,15.27231],[108.44265,15.27226],[108.44254,15.27226],[108.44249,15.27225],[108.4423,15.27228],[108.44133,15.27269],[108.44098,15.27281],[108.44081,15.27283],[108.44007,15.27285],[108.43949,15.27291],[108.4393,15.27294],[108.43924,15.27294],[108.43914,15.27297],[108.4391,15.27297],[108.43895,15.27302],[108.4383,15.27335],[108.43828,15.27335],[108.43811,15.27342],[108.43784,15.27347],[108.4376,15.27346],[108.43726,15.27342],[108.437,15.27337],[108.43684,15.27335],[108.43682,15.27334],[108.43677,15.27333],[108.43663,15.27332],[108.43659,15.27331],[108.43636,15.27329],[108.43628,15.27329],[108.43622,15.27328],[108.43606,15.27328],[108.43531,15.27338],[108.43514,15.27338],[108.43497,15.27334],[108.43493,15.27332],[108.43482,15.27324],[108.43453,15.27298],[108.43439,15.27289],[108.43435,15.27288],[108.43422,15.27283],[108.4334,15.27268],[108.43299,15.27264],[108.43295,15.27263],[108.43277,15.27261],[108.43235,15.27251],[108.43201,15.27246],[108.43188,15.27245],[108.43175,15.27247],[108.43149,15.27258],[108.43148,15.27259],[108.43135,15.27266],[108.43134,15.27267],[108.43128,15.2727],[108.43118,15.27272],[108.43099,15.27274],[108.43039,15.27274],[108.43035,15.27273],[108.43005,15.27275],[108.43002,15.27276],[108.42947,15.27285],[108.4292,15.27291],[108.42882,15.27302],[108.42875,15.27303],[108.42765,15.27337],[108.42751,15.27339],[108.42737,15.27339],[108.42735,15.27338],[108.4273,15.27337],[108.42624,15.27304],[108.42605,15.273],[108.4254,15.27291],[108.42449,15.27283],[108.42444,15.27284],[108.42376,15.27288],[108.42365,15.27291],[108.42357,15.27295],[108.42353,15.27298],[108.42351,15.27299],[108.4234,15.2731],[108.42297,15.27366],[108.42287,15.27376],[108.42279,15.27381],[108.42271,15.27384],[108.42261,15.27386],[108.42208,15.27391],[108.42197,15.27394],[108.42196,15.27394],[108.4219,15.27396],[108.42181,15.27403],[108.42172,15.27412],[108.42162,15.27426],[108.42149,15.2744],[108.42118,15.27468],[108.42101,15.27478],[108.42098,15.27481],[108.42088,15.27486],[108.4208,15.27489],[108.42075,15.2749],[108.41922,15.27489],[108.41901,15.27494],[108.41809,15.27527],[108.41785,15.27532],[108.41778,15.27531],[108.4177,15.27529],[108.41751,15.27519],[108.41748,15.27518],[108.41737,15.2751],[108.4171,15.27497],[108.41689,15.27494],[108.41682,15.27495],[108.41674,15.27497],[108.41655,15.27504],[108.4158,15.27536],[108.4155,15.27544],[108.4154,15.27545],[108.41491,15.27554],[108.4148,15.27555],[108.41472,15.27555],[108.41444,15.27551],[108.41404,15.27537],[108.41379,15.27531],[108.41371,15.27531],[108.41362,15.27532],[108.41351,15.27535],[108.4134,15.27537],[108.41338,15.27538],[108.41315,15.27544],[108.41268,15.27553],[108.41259,15.27554],[108.41236,15.27559],[108.41214,15.27566],[108.41198,15.27574],[108.41188,15.27581],[108.41166,15.27594],[108.41165,15.27594],[108.41154,15.27599],[108.41145,15.27602],[108.41115,15.27602],[108.41074,15.27599],[108.4103,15.27598],[108.41025,15.27597],[108.41002,15.27597],[108.40987,15.27598],[108.40959,15.27603],[108.40956,15.27603],[108.40944,15.27606],[108.4091,15.27611],[108.40881,15.2761],[108.4086,15.27607],[108.40838,15.27606],[108.40835,15.27607],[108.40833,15.27607],[108.40832,15.27608],[108.40828,15.2761],[108.40823,15.27615],[108.40819,15.27618],[108.40816,15.27621],[108.40815,15.27623],[108.40795,15.27645],[108.40782,15.27662],[108.40773,15.27671],[108.40768,15.27674],[108.40763,15.27676],[108.40756,15.27677],[108.40712,15.27676],[108.40697,15.27673],[108.40695,15.27673],[108.40685,15.2767],[108.40646,15.27655],[108.40629,15.27653],[108.40607,15.27654],[108.40592,15.27657],[108.40578,15.27661],[108.4053,15.27682],[108.40522,15.27687],[108.4051,15.27701],[108.4051,15.27702],[108.40501,15.27716],[108.405,15.27717],[108.40486,15.27739],[108.40482,15.27743],[108.40478,15.27745],[108.40478,15.27746],[108.40473,15.27747],[108.40468,15.27747],[108.40462,15.27746],[108.40453,15.27742],[108.40433,15.27721],[108.40433,15.2772],[108.40425,15.27712],[108.40419,15.27707],[108.40411,15.27704],[108.40396,15.27702],[108.40377,15.27703],[108.40325,15.27709],[108.4032,15.27709],[108.40307,15.27707],[108.40301,15.27705],[108.40288,15.27699],[108.40266,15.27692],[108.4026,15.27691],[108.40244,15.27695],[108.40229,15.27701],[108.40193,15.27719],[108.40192,15.2772],[108.40174,15.2773],[108.40158,15.27742],[108.40141,15.27764],[108.40116,15.278],[108.4011,15.27806],[108.40104,15.2781],[108.40103,15.2781],[108.40092,15.27815],[108.40001,15.27839],[108.39984,15.27848],[108.39966,15.27861],[108.39954,15.27867],[108.39953,15.27867],[108.39911,15.27886],[108.39874,15.279],[108.39861,15.27904],[108.39848,15.27904],[108.3983,15.27902],[108.39759,15.27886],[108.39758,15.27885],[108.39728,15.27877],[108.39691,15.27859],[108.39664,15.27844],[108.39651,15.27838],[108.39587,15.27826],[108.39585,15.27826],[108.39547,15.2782],[108.39493,15.27816],[108.39474,15.27818],[108.39444,15.27818],[108.39426,15.27816],[108.39407,15.2781],[108.39394,15.27803],[108.3938,15.27794],[108.39369,15.27784],[108.39364,15.27775],[108.39364,15.27768],[108.39366,15.27753],[108.39377,15.27719],[108.39377,15.2771],[108.39374,15.27703],[108.39372,15.27702],[108.39369,15.27697],[108.39363,15.27693],[108.3935,15.27689],[108.39329,15.27689],[108.39308,15.27692],[108.39302,15.27694],[108.393,15.27694],[108.3928,15.27705],[108.39239,15.27735],[108.39172,15.27762],[108.39135,15.27775],[108.39134,15.27775],[108.39129,15.27777],[108.39094,15.27787],[108.39093,15.27787],[108.39069,15.27797],[108.38999,15.27834],[108.38979,15.27846],[108.38956,15.27862],[108.38939,15.27878],[108.38935,15.27881],[108.38873,15.27948],[108.38866,15.27957],[108.38858,15.27964],[108.38849,15.27969],[108.38841,15.27972],[108.38832,15.27974],[108.38816,15.27974],[108.3879,15.27966],[108.3879,15.27965],[108.38773,15.2796],[108.38773,15.27959],[108.38738,15.27947],[108.38736,15.27947],[108.38711,15.27941],[108.38683,15.27938],[108.38674,15.27938],[108.38663,15.27939],[108.38655,15.27939],[108.38637,15.27945],[108.38627,15.27951],[108.38616,15.27963],[108.38607,15.27976],[108.38597,15.27993],[108.38597,15.27994],[108.38587,15.28011],[108.38583,15.28014],[108.38577,15.28017],[108.38519,15.28035],[108.38518,15.28035],[108.38489,15.28043],[108.3847,15.28043],[108.38452,15.28037],[108.38448,15.28035],[108.38447,15.28034],[108.38418,15.28023],[108.38414,15.28021],[108.384,15.28019],[108.38384,15.28021],[108.38342,15.28034],[108.38312,15.28045],[108.38311,15.28046],[108.38295,15.28054],[108.38263,15.28085],[108.38255,15.28091],[108.38254,15.28091],[108.38248,15.28095],[108.38237,15.28099],[108.38233,15.28101],[108.38232,15.28101],[108.38203,15.28113],[108.38191,15.28117],[108.38179,15.2812],[108.38171,15.28121],[108.38167,15.28122],[108.3811,15.28125],[108.38096,15.28131],[108.38028,15.28171],[108.38013,15.28176],[108.38005,15.28177],[108.37968,15.28172],[108.37945,15.28167],[108.37939,15.28167],[108.37932,15.28166],[108.3792,15.28167],[108.37913,15.28169],[108.3787,15.28189],[108.37868,15.28191],[108.37865,15.28191],[108.37857,15.28193],[108.37852,15.28193],[108.37835,15.28188],[108.37834,15.28188],[108.37826,15.28185],[108.37814,15.28182],[108.37808,15.28182],[108.37781,15.28179],[108.37762,15.28179],[108.37756,15.28178],[108.37743,15.28178],[108.37736,15.28177],[108.37723,15.28177],[108.37715,15.28178],[108.37715,15.28179],[108.37709,15.2818],[108.37701,15.28183],[108.377,15.28184],[108.37691,15.28189],[108.3769,15.28189],[108.37662,15.28207],[108.37636,15.28226],[108.3763,15.28232],[108.3761,15.28262],[108.376,15.28284],[108.37586,15.28302],[108.37573,15.28308],[108.37521,15.28327],[108.3752,15.28327],[108.37519,15.28328],[108.37506,15.28332],[108.37498,15.28333],[108.3748,15.28333],[108.37472,15.28332],[108.37463,15.28329],[108.37447,15.28322],[108.37442,15.28319],[108.37434,15.28313],[108.37427,15.28306],[108.37426,15.28303],[108.3742,15.28294],[108.37397,15.28252],[108.37388,15.28233],[108.37381,15.28223],[108.37369,15.28213],[108.37367,15.28213],[108.37361,15.28212],[108.37349,15.28215],[108.37325,15.28223],[108.37313,15.28226],[108.37259,15.28229],[108.37214,15.28241],[108.37204,15.28241],[108.37191,15.28239],[108.37162,15.28228],[108.37151,15.28225],[108.3715,15.28224],[108.37143,15.28223],[108.37125,15.28223],[108.37073,15.28227],[108.37034,15.28232],[108.37022,15.28235],[108.36989,15.28253],[108.36971,15.28265],[108.36959,15.28275],[108.36954,15.28278],[108.36953,15.28278],[108.36953,15.28279],[108.36949,15.28281],[108.36944,15.28285],[108.36932,15.2829],[108.36927,15.2829],[108.36914,15.28288],[108.36885,15.28279],[108.3687,15.28277],[108.36853,15.28277],[108.36844,15.28279],[108.36835,15.28282],[108.36834,15.28283],[108.36823,15.28285],[108.36814,15.28285],[108.36811,15.28284],[108.3681,15.28284],[108.36799,15.2828],[108.36798,15.2828],[108.36764,15.28255],[108.36755,15.28251],[108.36748,15.28249],[108.36739,15.28249],[108.36679,15.28257],[108.36676,15.28258],[108.36662,15.28259],[108.36661,15.2826],[108.36653,15.2826],[108.36642,15.28259],[108.36637,15.28258],[108.36629,15.28255],[108.36622,15.28251],[108.36619,15.2825],[108.36619,15.28249],[108.36608,15.28245],[108.36604,15.28243],[108.36594,15.28241],[108.36557,15.28241],[108.36553,15.28242],[108.36536,15.28243],[108.36534,15.28244],[108.36528,15.28244],[108.36527,15.28245],[108.36522,15.28245],[108.36516,15.28247],[108.36515,15.28247],[108.36502,15.28254],[108.36497,15.28259],[108.36491,15.28272],[108.36486,15.28288],[108.36484,15.28307],[108.36491,15.28353],[108.36491,15.2836],[108.36489,15.28372],[108.36488,15.28372],[108.36487,15.28378],[108.36485,15.28385],[108.36479,15.28396],[108.36476,15.28399],[108.36476,15.284],[108.36473,15.28402],[108.36466,15.28405],[108.36459,15.28406],[108.36455,15.28406],[108.3645,15.28405],[108.36447,15.28405],[108.36435,15.284],[108.36384,15.28369],[108.36383,15.28369],[108.36377,15.28367],[108.36376,15.28366],[108.36371,15.28364],[108.36365,15.28363],[108.36355,15.28363],[108.36352,15.28364],[108.36237,15.28388],[108.36236,15.28388],[108.36219,15.28392],[108.36207,15.28396],[108.36206,15.28397],[108.36202,15.28399],[108.36198,15.28403],[108.36194,15.28409],[108.36191,15.28416],[108.36182,15.28448],[108.36182,15.28449],[108.36179,15.28457],[108.36174,15.28462],[108.36169,15.28464],[108.36162,15.28465],[108.36159,15.28465],[108.36155,15.28464],[108.36144,15.28458],[108.3613,15.28446],[108.36129,15.28444],[108.36109,15.28419],[108.36098,15.28408],[108.36095,15.28404],[108.36086,15.28395],[108.36077,15.28389],[108.36064,15.28382],[108.36063,15.28381],[108.36051,15.28375],[108.3602,15.28365],[108.36006,15.28364],[108.36001,15.28363],[108.35987,15.28363],[108.35976,15.28366],[108.35963,15.28373],[108.35952,15.28385],[108.35949,15.28391],[108.35943,15.28396],[108.35932,15.28403],[108.35924,15.28406],[108.35909,15.28406],[108.35904,15.28405],[108.35904,15.28404],[108.35903,15.28404],[108.35898,15.28402],[108.35897,15.28401],[108.35869,15.28383],[108.3582,15.28347],[108.35818,15.28346],[108.35813,15.28342],[108.35812,15.28342],[108.35801,15.28334],[108.35781,15.28326],[108.35726,15.28311],[108.35704,15.283],[108.35687,15.28287],[108.35669,15.28275],[108.3564,15.28264],[108.35589,15.28253],[108.35565,15.28243],[108.35516,15.28219],[108.35507,15.28216],[108.35506,15.28215],[108.35499,15.28212],[108.35497,15.28212],[108.35456,15.28196],[108.35429,15.28188],[108.35418,15.28186],[108.35394,15.28186],[108.35383,15.28188],[108.35369,15.28186],[108.35365,15.28183],[108.35363,15.28182],[108.35358,15.28176],[108.35351,15.2816],[108.35346,15.28141],[108.35343,15.28122],[108.35343,15.28107],[108.35341,15.2808],[108.35339,15.28074],[108.35327,15.2805],[108.35308,15.28028],[108.35296,15.28016],[108.35285,15.28008],[108.35278,15.28005],[108.35277,15.28005],[108.35265,15.28001],[108.3526,15.28001],[108.35253,15.28],[108.35241,15.28001],[108.35223,15.28005],[108.35205,15.28013],[108.35145,15.28053],[108.35144,15.28053],[108.35141,15.28055],[108.35128,15.28069],[108.35112,15.28089],[108.35078,15.28126],[108.35061,15.28141],[108.35052,15.28146],[108.35044,15.28148],[108.35035,15.28148],[108.34954,15.28139],[108.34945,15.28136],[108.34928,15.28133],[108.34917,15.28132],[108.34889,15.28133],[108.34879,15.28137],[108.34871,15.28142],[108.34868,15.28145],[108.34866,15.28149],[108.34864,15.28156],[108.34864,15.28161],[108.34866,15.28174],[108.34879,15.28207],[108.34894,15.2824],[108.34895,15.28244],[108.34901,15.28257],[108.34907,15.28274],[108.34909,15.28286],[108.34909,15.2829],[108.34908,15.28291],[108.34908,15.28292],[108.34907,15.28293],[108.34904,15.28299],[108.34897,15.28304],[108.34879,15.28313],[108.34878,15.28313],[108.34862,15.2832],[108.34845,15.28323],[108.34832,15.28322],[108.3479,15.28314],[108.3477,15.28314],[108.34746,15.28318],[108.34734,15.28321],[108.34733,15.28321],[108.34622,15.28352],[108.34507,15.284],[108.34506,15.28401],[108.3446,15.28421],[108.34444,15.28424],[108.34377,15.28425],[108.34367,15.28427],[108.34357,15.28431],[108.34348,15.28437],[108.34318,15.28462],[108.34306,15.28475],[108.34306,15.28476],[108.34296,15.28489],[108.34262,15.28545],[108.34256,15.28551],[108.3425,15.28555],[108.34244,15.28557],[108.34223,15.2856],[108.34193,15.28561],[108.34184,15.28562],[108.34176,15.28562],[108.34139,15.28565],[108.34131,15.28565],[108.34128,15.28566],[108.3412,15.28566],[108.34028,15.28582],[108.3401,15.28584],[108.34006,15.28584],[108.33999,15.28586],[108.33991,15.28587],[108.33951,15.28602],[108.3394,15.28608],[108.33906,15.28623],[108.33905,15.28624],[108.33821,15.28664],[108.33721,15.28705],[108.3372,15.28705],[108.33675,15.28721],[108.33656,15.28726],[108.33648,15.28729],[108.33615,15.28735],[108.336,15.28736],[108.33538,15.28736],[108.33517,15.28738],[108.33505,15.2874],[108.33501,15.28742],[108.33497,15.28743],[108.33486,15.28752],[108.33479,15.28759],[108.33478,15.28759],[108.33472,15.28767],[108.33464,15.28776],[108.33456,15.28788],[108.33426,15.2882],[108.33397,15.28843],[108.33367,15.2886],[108.33348,15.28866],[108.33336,15.28866],[108.33328,15.28865],[108.33324,15.28865],[108.33307,15.28862],[108.33292,15.28858],[108.33275,15.28851],[108.33274,15.28851],[108.33261,15.28843],[108.33243,15.28834],[108.33227,15.28823],[108.3321,15.28815],[108.33209,15.28814],[108.33147,15.28795],[108.3313,15.28788],[108.33129,15.28788],[108.33113,15.28784],[108.3311,15.28784],[108.33107,15.28783],[108.33086,15.28783],[108.33078,15.28784],[108.33022,15.28797],[108.33019,15.28797],[108.33015,15.28798],[108.33005,15.28798],[108.32986,15.28793],[108.32972,15.28785],[108.32961,15.28781],[108.32949,15.28775],[108.32942,15.28773],[108.32925,15.28773],[108.32876,15.28781],[108.32861,15.28782],[108.32851,15.28784],[108.32838,15.28784],[108.328,15.2878],[108.32622,15.28739],[108.32613,15.28739],[108.32605,15.28738],[108.32601,15.28739],[108.32599,15.28739],[108.32594,15.2874],[108.32584,15.28744],[108.32555,15.2876],[108.32506,15.2879],[108.32505,15.28791],[108.32495,15.28797],[108.32473,15.28807],[108.32443,15.28817],[108.32414,15.28825],[108.32408,15.28826],[108.324,15.28824],[108.32399,15.28824],[108.32394,15.28822],[108.32383,15.28816],[108.32359,15.28797],[108.32341,15.28786],[108.32333,15.28783],[108.32261,15.28765],[108.32227,15.28761],[108.32177,15.28764],[108.3217,15.28765],[108.32144,15.28766],[108.32138,15.28767],[108.32058,15.28772],[108.32018,15.28779],[108.32009,15.28782],[108.31895,15.28808],[108.31874,15.28811],[108.31871,15.28812],[108.3185,15.28815],[108.31789,15.28816],[108.31782,15.28817],[108.31777,15.28819],[108.31774,15.28819],[108.31769,15.28822],[108.3176,15.28826],[108.3176,15.28827],[108.31698,15.28863],[108.31684,15.2887],[108.3168,15.28873],[108.31636,15.28897],[108.31616,15.2891],[108.31603,15.28917],[108.31589,15.28927],[108.31528,15.28984],[108.3151,15.2899],[108.3149,15.28995],[108.31401,15.29012],[108.31391,15.29012],[108.31384,15.29011],[108.31379,15.29009],[108.31376,15.29006],[108.31369,15.28996],[108.31361,15.28982],[108.3136,15.28981],[108.31341,15.28951],[108.31341,15.2895],[108.31324,15.2892],[108.31314,15.28909],[108.31308,15.28906],[108.31298,15.28904],[108.31292,15.28905],[108.31275,15.28913],[108.31248,15.2893],[108.31226,15.28937],[108.31161,15.28944],[108.31152,15.28946],[108.31151,15.28946],[108.31142,15.28949],[108.31135,15.28953],[108.31132,15.28954],[108.31088,15.28982],[108.31073,15.28993],[108.31041,15.29012],[108.3104,15.29012],[108.31023,15.29022],[108.31017,15.29024],[108.31012,15.29025],[108.31006,15.29024],[108.30984,15.29017],[108.30939,15.28991],[108.30924,15.2898],[108.30923,15.2898],[108.30892,15.28962],[108.30885,15.2896],[108.30879,15.28959],[108.30873,15.28959],[108.30867,15.2896],[108.3085,15.28968],[108.3084,15.28974],[108.30839,15.28974],[108.30812,15.28993],[108.3081,15.28994],[108.30796,15.29004],[108.3077,15.29026],[108.30754,15.29043],[108.30745,15.29058],[108.30743,15.29063],[108.30724,15.29095],[108.30709,15.29114],[108.30689,15.29128],[108.30668,15.29135],[108.30542,15.29148],[108.30538,15.29149],[108.30507,15.29153],[108.30486,15.29157],[108.30482,15.29157],[108.3046,15.29162],[108.30433,15.29173],[108.30422,15.29181],[108.30419,15.29184],[108.30405,15.29195],[108.30405,15.29196],[108.30385,15.29209],[108.30367,15.29226],[108.30354,15.29249],[108.30352,15.29265],[108.30356,15.29281],[108.30357,15.29282],[108.30361,15.29291],[108.30367,15.29297],[108.30416,15.29357],[108.30433,15.29381],[108.30434,15.29384],[108.3044,15.29396],[108.30443,15.29418],[108.30442,15.29444],[108.3044,15.29454],[108.30439,15.29465],[108.30433,15.29485],[108.3042,15.29506],[108.30408,15.29522],[108.30387,15.29547],[108.30374,15.2956],[108.30353,15.29578],[108.30339,15.29585],[108.30316,15.29593],[108.3031,15.29594],[108.30292,15.29599],[108.30287,15.29601],[108.30163,15.29631],[108.30147,15.29639],[108.30134,15.29653],[108.30128,15.29666],[108.30128,15.29667],[108.30124,15.29678],[108.30119,15.29707],[108.30122,15.29762],[108.30121,15.29782],[108.30119,15.29791],[108.30116,15.29796],[108.3011,15.29804],[108.30104,15.29809],[108.30091,15.29822],[108.30046,15.29854],[108.3003,15.29864],[108.29999,15.29887],[108.29981,15.29904],[108.29976,15.29912],[108.29973,15.29921],[108.29973,15.29925],[108.29972,15.2993],[108.29976,15.29946],[108.29977,15.29947],[108.29985,15.29963],[108.30002,15.29982],[108.30023,15.29999],[108.30035,15.3001],[108.30039,15.30013],[108.30049,15.30023],[108.30052,15.30025],[108.30093,15.30064],[108.30105,15.30077],[108.30111,15.30088],[108.30116,15.30095],[108.30121,15.30109],[108.30125,15.30117],[108.30126,15.30126],[108.30128,15.30135],[108.30128,15.30162],[108.30126,15.30175],[108.30126,15.30182],[108.30124,15.30197],[108.30124,15.3022],[108.30126,15.30234],[108.30127,15.30236],[108.30126,15.30267],[108.30125,15.30269],[108.3012,15.30286],[108.3012,15.30301],[108.30121,15.30308],[108.30124,15.30315],[108.30126,15.30316],[108.30137,15.3033],[108.30137,15.30331],[108.3015,15.30343],[108.30155,15.30346],[108.30177,15.30365],[108.30198,15.30379],[108.30198,15.3038],[108.30221,15.30394],[108.30244,15.30406],[108.30255,15.30416],[108.30263,15.30425],[108.30269,15.30436],[108.30272,15.30447],[108.30272,15.30461],[108.30269,15.3047],[108.30269,15.30471],[108.30266,15.30477],[108.30257,15.30487],[108.30243,15.305],[108.30234,15.30513],[108.30227,15.30529],[108.30218,15.30559],[108.30213,15.3058],[108.30212,15.30581],[108.3019,15.30625],[108.30181,15.30638],[108.30165,15.30651],[108.30144,15.30659],[108.3013,15.30663],[108.30125,15.30665],[108.30067,15.30666],[108.30051,15.30669],[108.3004,15.3067],[108.30023,15.30679],[108.30009,15.30689],[108.29988,15.30708],[108.29982,15.30718],[108.29979,15.30722],[108.29965,15.30745],[108.29914,15.3085],[108.29913,15.30851],[108.29899,15.30873],[108.29893,15.30881],[108.29893,15.30882],[108.29884,15.3089],[108.29824,15.30918],[108.298,15.30926],[108.29791,15.30926],[108.29787,15.30924],[108.29781,15.30919],[108.29776,15.30912],[108.2977,15.309],[108.29769,15.30899],[108.29755,15.30867],[108.2975,15.30859],[108.29747,15.30856],[108.29743,15.30853],[108.2973,15.3084],[108.29725,15.30836],[108.29709,15.3082],[108.29699,15.30815],[108.29688,15.30812],[108.29666,15.30812],[108.29637,15.30817],[108.2962,15.30823],[108.29599,15.30833],[108.29574,15.30841],[108.29553,15.30845],[108.29537,15.30845],[108.29524,15.30848],[108.29523,15.30848],[108.29514,15.30855],[108.29504,15.30865],[108.29501,15.3087],[108.29497,15.30874],[108.29496,15.30877],[108.29482,15.30905],[108.29482,15.30907],[108.29478,15.30925],[108.29478,15.30955],[108.29481,15.30976],[108.29479,15.31008],[108.29473,15.31033],[108.29465,15.31047],[108.29451,15.31059],[108.29436,15.3107],[108.29408,15.31094],[108.29363,15.31137],[108.29353,15.31142],[108.29345,15.31147],[108.29323,15.31153],[108.29282,15.31156],[108.29229,15.31163],[108.29215,15.31164],[108.29211,15.31165],[108.29136,15.3117],[108.29118,15.3117],[108.2908,15.31166],[108.29077,15.31165],[108.29045,15.31163],[108.29016,15.31159],[108.28997,15.3116],[108.28975,15.31166],[108.28933,15.31174],[108.28853,15.31194],[108.28788,15.31204],[108.28695,15.31215],[108.28529,15.3121],[108.28523,15.31209],[108.28486,15.31208],[108.28476,15.31207],[108.28442,15.31206],[108.28398,15.31201],[108.28376,15.31195],[108.28361,15.31189],[108.28338,15.31182],[108.2824,15.31147],[108.28222,15.31142],[108.28217,15.3114],[108.28194,15.31135],[108.28179,15.31133],[108.28149,15.31132],[108.28143,15.31131],[108.28124,15.31131],[108.28081,15.31134],[108.28009,15.31133],[108.27776,15.31136],[108.27757,15.31135],[108.27734,15.3113],[108.27709,15.31118],[108.27686,15.31104],[108.27663,15.31088],[108.27643,15.31068],[108.2764,15.31066],[108.27633,15.3106],[108.27623,15.31049],[108.27612,15.31033],[108.27601,15.31007],[108.27597,15.30992],[108.27596,15.3099],[108.27595,15.30949],[108.27593,15.30944],[108.27591,15.30934],[108.27576,15.30913],[108.27539,15.30872],[108.27482,15.30817],[108.27465,15.30806],[108.27447,15.308],[108.27418,15.30796],[108.27412,15.30796],[108.274,15.30794],[108.27398,15.30794],[108.27381,15.30791],[108.27375,15.30791],[108.27363,15.30789],[108.27334,15.3079],[108.27317,15.30795],[108.27276,15.3082],[108.27273,15.30823],[108.27263,15.3083],[108.27235,15.30854],[108.27232,15.30859],[108.27225,15.30867],[108.27217,15.30885],[108.27215,15.30898],[108.27216,15.30903],[108.27217,15.30945],[108.27216,15.30948],[108.27213,15.30964],[108.27208,15.30974],[108.27205,15.30978],[108.27203,15.30982],[108.27193,15.30996],[108.27186,15.31003],[108.27182,15.31006],[108.2716,15.31028],[108.27159,15.31028],[108.27124,15.31068],[108.27107,15.31085],[108.27093,15.31096],[108.2708,15.31102],[108.27073,15.31104],[108.27056,15.31104],[108.27046,15.31101],[108.27043,15.31101],[108.27035,15.31098],[108.27027,15.31094],[108.27026,15.31093],[108.26996,15.31081],[108.2697,15.31066],[108.26958,15.31057],[108.26907,15.31028],[108.26881,15.31016],[108.26874,15.31014],[108.26861,15.31009],[108.26843,15.31005],[108.26816,15.30996],[108.26795,15.30991],[108.26741,15.30975],[108.26725,15.30966],[108.26682,15.30947],[108.26664,15.30941],[108.2664,15.30935],[108.26628,15.30935],[108.26619,15.30936],[108.26609,15.30936],[108.26535,15.30944],[108.26503,15.30952],[108.26472,15.30965],[108.26392,15.31024],[108.26388,15.31026],[108.2635,15.3105],[108.26331,15.31054],[108.26313,15.31055],[108.26209,15.31053],[108.26176,15.31055],[108.26158,15.3106],[108.26152,15.31061],[108.26086,15.31078],[108.26057,15.31087],[108.26038,15.31096],[108.26028,15.31103],[108.26021,15.31115],[108.26018,15.31129],[108.26017,15.31131],[108.26015,15.31147],[108.26012,15.31261],[108.26013,15.31277],[108.26012,15.31287],[108.26007,15.31303],[108.26001,15.31315],[108.2599,15.31329],[108.25931,15.31381],[108.25897,15.31405],[108.25896,15.31405],[108.25881,15.31412],[108.25854,15.31419],[108.25799,15.31424],[108.25774,15.31428],[108.25751,15.31433],[108.25735,15.31439],[108.25726,15.31447],[108.2571,15.31467],[108.25706,15.31473],[108.25696,15.31494],[108.25659,15.31563],[108.25655,15.31572],[108.2565,15.31579],[108.25636,15.31595],[108.2557,15.31654],[108.25568,15.31654],[108.25555,15.31662],[108.25536,15.3167],[108.25535,15.3167],[108.25518,15.3168],[108.25497,15.31696],[108.25481,15.31716],[108.25464,15.31748],[108.25449,15.31781],[108.25446,15.3179],[108.25442,15.31798],[108.25428,15.31819],[108.25412,15.31837],[108.25404,15.31844],[108.25396,15.31849],[108.25382,15.31854],[108.25367,15.31856],[108.25354,15.31854],[108.25334,15.31848],[108.25314,15.31839],[108.25289,15.31825],[108.25263,15.31808],[108.25225,15.31787],[108.25213,15.31779],[108.25184,15.31764],[108.2517,15.31758],[108.25159,15.31755],[108.25144,15.31755],[108.2514,15.31757],[108.2513,15.3176],[108.25122,15.31766],[108.25112,15.31776],[108.25085,15.31815],[108.25056,15.31866],[108.25043,15.31885],[108.25033,15.31896],[108.25031,15.31899],[108.25019,15.31912],[108.25003,15.31925],[108.24974,15.31933],[108.24896,15.31951],[108.24882,15.31953],[108.2486,15.3196],[108.24844,15.31969],[108.24814,15.31993],[108.24771,15.32024],[108.24771,15.32025],[108.24745,15.32044],[108.24742,15.32047],[108.24665,15.32107],[108.24645,15.32124],[108.24634,15.32139],[108.24625,15.3216],[108.24616,15.32186],[108.24605,15.32208],[108.2458,15.3225],[108.24563,15.32274],[108.24508,15.3234],[108.24471,15.32381],[108.24452,15.32408],[108.24447,15.32418],[108.24446,15.32428],[108.24447,15.32441],[108.24452,15.32468],[108.24456,15.32483],[108.24458,15.32496],[108.24458,15.32507],[108.24454,15.32531],[108.24442,15.32548],[108.244,15.32587],[108.24373,15.32608],[108.24343,15.32624],[108.24319,15.32634],[108.2429,15.3265],[108.2426,15.32674],[108.24247,15.32687],[108.2419,15.32751],[108.24189,15.32751],[108.24154,15.32792],[108.24145,15.32801],[108.24119,15.32835],[108.24086,15.32872],[108.24052,15.32905],[108.23993,15.3295],[108.23926,15.32996],[108.23901,15.33016],[108.23888,15.33034],[108.23824,15.33168],[108.23824,15.3317],[108.23811,15.33203],[108.2381,15.33204],[108.2378,15.33331],[108.23776,15.33339],[108.23771,15.33352],[108.23754,15.33384],[108.23745,15.33393],[108.23735,15.334],[108.23726,15.33404],[108.23711,15.33407],[108.23708,15.33408],[108.23692,15.33408],[108.23689,15.33409],[108.23673,15.33409],[108.2367,15.3341],[108.23617,15.33411],[108.2358,15.33409],[108.23566,15.33407],[108.23542,15.33406],[108.23527,15.33408],[108.23518,15.3341],[108.2351,15.33414],[108.23504,15.33418],[108.23494,15.33428],[108.23487,15.33439],[108.23447,15.33517],[108.23442,15.33523],[108.23441,15.33526],[108.23426,15.33538],[108.23419,15.33542],[108.2341,15.33545],[108.23386,15.33548],[108.23342,15.33545],[108.23261,15.33535],[108.23192,15.33532],[108.23187,15.33531],[108.23108,15.33529],[108.23089,15.33527],[108.23045,15.33514],[108.22993,15.33496],[108.22969,15.33489],[108.22958,15.33488],[108.22956,15.33487],[108.22946,15.33487],[108.22932,15.33489],[108.228,15.33539],[108.22723,15.33563],[108.22711,15.33565],[108.22709,15.33566],[108.22686,15.33566],[108.22673,15.33565],[108.22664,15.33567],[108.22657,15.33566],[108.2262,15.33564],[108.2258,15.33569],[108.22558,15.33574],[108.22557,15.33574],[108.22524,15.33582],[108.22513,15.33587],[108.22506,15.33592],[108.22491,15.33608],[108.22458,15.33649],[108.22447,15.33661],[108.22434,15.33672],[108.22418,15.33682],[108.224,15.33696],[108.22398,15.33698],[108.22374,15.33715],[108.22361,15.33726],[108.22349,15.33739],[108.22313,15.33783],[108.22249,15.33867],[108.22219,15.33903],[108.22188,15.33944],[108.22149,15.34005],[108.22126,15.34052],[108.2211,15.34077],[108.22098,15.34091],[108.22099,15.34091],[108.22099,15.34096],[108.22098,15.34096],[108.22098,15.34097],[108.22097,15.34097],[108.22097,15.34098],[108.22096,15.34098],[108.22096,15.34099],[108.22093,15.34099],[108.22093,15.341],[108.22092,15.341],[108.22092,15.34099],[108.22089,15.34099],[108.22089,15.34098],[108.22088,15.34098],[108.22088,15.34097],[108.22087,15.34097],[108.22087,15.34094],[108.22086,15.34094],[108.22086,15.34093],[108.22087,15.34093],[108.22087,15.3409],[108.22088,15.3409],[108.22088,15.34089],[108.2209,15.34089],[108.2209,15.34088],[108.22094,15.34088],[108.22096,15.34081],[108.22119,15.34042],[108.22143,15.33994],[108.22178,15.33937],[108.22184,15.3393],[108.2219,15.33935]]},"properties":{"name":"QL24C","visibility":false,"styleUrl":"#line-1267FF-5000-nodesc7","stroke-opacity":1,"stroke":"#ff00ff","stroke-width":10}},{"type":"Feature","geometry":{"type":"LineString","coordinates":[[108.28614,15.96526],[108.28614,15.96525],[108.2865,15.96474],[108.28655,15.96468],[108.28672,15.96443],[108.28706,15.96396],[108.28721,15.96374],[108.28753,15.96329],[108.28773,15.963],[108.28831,15.96218],[108.28874,15.96157],[108.28878,15.96151],[108.28884,15.96142],[108.28895,15.96128],[108.28935,15.9607],[108.28985,15.96001],[108.29027,15.95941],[108.29034,15.95929],[108.29046,15.95913],[108.29075,15.95871],[108.29101,15.95834],[108.2915,15.95764],[108.29156,15.95756],[108.29172,15.95732],[108.29187,15.95711],[108.29241,15.95629],[108.29302,15.95541],[108.29344,15.95481],[108.29391,15.95416],[108.29413,15.95383],[108.29444,15.95343],[108.29461,15.95319],[108.29481,15.95288],[108.29508,15.9525],[108.29532,15.95214],[108.29544,15.95198],[108.29562,15.95172],[108.2957,15.95161],[108.29617,15.95092],[108.29628,15.95076],[108.29645,15.95051],[108.29652,15.95042],[108.29667,15.95022],[108.29682,15.95002],[108.29698,15.94979],[108.29706,15.94968],[108.29717,15.94955],[108.29727,15.94945],[108.29735,15.94936],[108.29745,15.94927],[108.29751,15.94922],[108.29775,15.94902],[108.29797,15.94886],[108.29803,15.94882],[108.29832,15.94863],[108.29858,15.94843],[108.29883,15.94826],[108.29925,15.94795],[108.29942,15.94782],[108.2998,15.94754],[108.30014,15.9473],[108.30044,15.94709],[108.30069,15.94688],[108.30071,15.94685],[108.30092,15.94665],[108.30106,15.94651],[108.30121,15.94636],[108.30137,15.94617],[108.30169,15.9458],[108.30229,15.94512],[108.30243,15.94497],[108.30276,15.94452],[108.30305,15.94415],[108.30331,15.94382],[108.30363,15.94341],[108.30408,15.94282],[108.30437,15.94243],[108.30451,15.94223],[108.3047,15.94197],[108.30484,15.9417],[108.30492,15.94156],[108.30506,15.94133],[108.30515,15.94115],[108.30525,15.94091],[108.30536,15.94063],[108.30551,15.94013],[108.30556,15.93997],[108.30561,15.93979],[108.30567,15.93962],[108.30569,15.93951],[108.30583,15.93927],[108.30589,15.93912],[108.30592,15.93905],[108.30595,15.93898],[108.30609,15.93873],[108.30621,15.93857],[108.3064,15.93835],[108.30645,15.93829],[108.30653,15.93819],[108.30655,15.93816],[108.30667,15.93803],[108.3068,15.93789],[108.30692,15.93776],[108.30703,15.93763],[108.30704,15.93763],[108.30715,15.93749],[108.30742,15.93718],[108.30759,15.93695],[108.30766,15.93685],[108.30787,15.93654],[108.30806,15.93621],[108.30822,15.93595],[108.30841,15.93563],[108.30867,15.93521],[108.30884,15.93492],[108.30897,15.93472],[108.30899,15.93469],[108.30919,15.93434],[108.30954,15.93373],[108.30961,15.93362],[108.30971,15.93344],[108.30978,15.9333],[108.31003,15.93293],[108.31035,15.93249],[108.3104,15.93242],[108.31052,15.93225],[108.31056,15.93219],[108.31074,15.93196],[108.31102,15.93158],[108.31107,15.9315],[108.31117,15.93136],[108.31148,15.93099],[108.31178,15.93062],[108.3121,15.93026],[108.31283,15.9295],[108.31319,15.92912],[108.31332,15.92899],[108.31357,15.92872],[108.31372,15.92856],[108.31408,15.92822],[108.31437,15.92795],[108.31466,15.92773],[108.31503,15.92745],[108.31529,15.92728],[108.31548,15.92715],[108.31574,15.92697],[108.31594,15.92683],[108.31607,15.92673],[108.31769,15.92564],[108.31788,15.92551],[108.3184,15.92516],[108.3185,15.9251],[108.31871,15.92495],[108.31936,15.92452],[108.31959,15.92437],[108.31995,15.92413],[108.3204,15.92382],[108.32067,15.92363],[108.32071,15.9236],[108.32142,15.92311],[108.32152,15.92306],[108.32192,15.92277],[108.32212,15.92263],[108.32242,15.92242],[108.32303,15.92199],[108.32448,15.92095],[108.32449,15.92094],[108.32474,15.92077],[108.32579,15.92002],[108.32681,15.91928],[108.3269,15.91922],[108.32694,15.9192],[108.32699,15.91916],[108.32708,15.91909],[108.32766,15.91866],[108.32801,15.91843],[108.32902,15.91784],[108.32967,15.91747],[108.32994,15.91731],[108.3309,15.91675],[108.33113,15.91662],[108.3313,15.91652],[108.33249,15.91583],[108.33261,15.91575],[108.33272,15.91567],[108.33281,15.91559],[108.33286,15.91552],[108.33298,15.91527],[108.33305,15.91506],[108.33316,15.91478],[108.33328,15.91456],[108.3334,15.91435],[108.33354,15.91415],[108.33372,15.91396],[108.33394,15.91376],[108.33415,15.91358],[108.33429,15.91346],[108.33498,15.91285],[108.3354,15.91249],[108.33559,15.91232],[108.33579,15.91222],[108.33586,15.91218],[108.33598,15.9121],[108.33616,15.912],[108.33681,15.91171],[108.33749,15.91142],[108.33852,15.91098],[108.33945,15.91058],[108.34003,15.91033],[108.34123,15.90982],[108.34197,15.90952],[108.34232,15.90938],[108.3432,15.90902],[108.34425,15.90858],[108.34446,15.90849],[108.34463,15.9084],[108.34485,15.90827],[108.34553,15.90773],[108.3458,15.9075],[108.34606,15.90728],[108.34617,15.90721],[108.34642,15.90707],[108.34668,15.90695],[108.34689,15.90686],[108.34706,15.90679],[108.34742,15.90665],[108.34816,15.90634],[108.34835,15.90625],[108.34842,15.90622],[108.34852,15.90617],[108.34865,15.9061],[108.34877,15.90603],[108.34882,15.906],[108.34886,15.90598],[108.34889,15.90595],[108.34892,15.90593],[108.34918,15.90571],[108.34943,15.90546],[108.34956,15.90534],[108.34957,15.90533],[108.3497,15.90521],[108.35,15.90492],[108.35036,15.90459],[108.35037,15.90458],[108.3505,15.90447],[108.35063,15.90434],[108.35097,15.90402],[108.35122,15.90382],[108.35306,15.90286],[108.35315,15.90281],[108.3533,15.90273],[108.35359,15.90259],[108.35416,15.90228],[108.35432,15.90219],[108.35439,15.90215],[108.35497,15.90183],[108.35541,15.9016],[108.35558,15.9015],[108.35584,15.90133],[108.35618,15.90108],[108.35663,15.90075],[108.35675,15.90068],[108.35719,15.9004],[108.3584566060069,15.89953367080065],[108.35969,15.89909],[108.35994,15.89902],[108.36015,15.89897],[108.36032,15.89893],[108.36048,15.89891],[108.3607,15.89887],[108.36094,15.89884],[108.36125,15.89879],[108.36162,15.89874],[108.36173,15.89872],[108.36185,15.89869],[108.36195,15.89866],[108.36209,15.8986],[108.36232,15.8985],[108.36256,15.8984],[108.36286,15.89827],[108.36317,15.89813],[108.36347,15.89801],[108.36369,15.89796],[108.36389,15.89788],[108.36427,15.89775],[108.36466,15.8977],[108.3653,15.89765],[108.3655,15.89764],[108.36578,15.89761],[108.36587,15.8976]]},"properties":{"name":"DT.603B","visibility":false,"styleUrl":"#msn_ylw-pushpin14","stroke-opacity":1,"stroke":"#1267ff","stroke-width":5}},{"type":"Feature","geometry":{"type":"LineString","coordinates":[[108.22054,15.94705],[108.2209,15.94713],[108.22109,15.94717],[108.22117,15.94719],[108.22127,15.9472],[108.22164,15.94727],[108.22169,15.94728],[108.22182,15.94731],[108.22187,15.94733],[108.222,15.94736],[108.2221,15.94739],[108.22228,15.94744],[108.22263,15.94755],[108.22264,15.94755],[108.22273,15.94758],[108.22316,15.94771],[108.22327,15.94775],[108.22387,15.94792],[108.22417,15.948],[108.22437,15.94806],[108.22505,15.94826],[108.22519,15.9483],[108.22549,15.94839],[108.22572,15.94847],[108.22597,15.94858],[108.22627,15.94876],[108.22719,15.94929],[108.22727,15.94934],[108.22747,15.94944],[108.22792,15.9497],[108.22797,15.94972],[108.22848,15.95001],[108.22888,15.95024],[108.22912,15.95037],[108.22924,15.95043],[108.22996,15.95079],[108.23007,15.95083],[108.23047,15.95099],[108.2313,15.95131],[108.23188,15.95153],[108.23306,15.95198],[108.23348,15.95212],[108.23417,15.95239],[108.23457,15.95253],[108.23474,15.9526],[108.23487,15.95264],[108.23504,15.95268],[108.23533,15.95277],[108.23545,15.9528],[108.23571,15.95287],[108.23578,15.95289],[108.23623,15.95302],[108.2364,15.95306],[108.23705,15.95325],[108.23759,15.9534],[108.23771,15.95344],[108.23777,15.95346],[108.23871,15.95372],[108.24004,15.95409],[108.24057,15.95425],[108.24097,15.95437],[108.24103,15.95439],[108.24124,15.95445],[108.24245,15.95479],[108.24249,15.9548],[108.24257,15.95483],[108.24327,15.95502],[108.24365,15.95513],[108.24374,15.95515],[108.24411,15.95525],[108.2444,15.95532],[108.24441,15.95532],[108.24467,15.95537],[108.24482,15.95538],[108.24516,15.95541],[108.24521,15.95542],[108.24549,15.95544],[108.24577,15.95546],[108.24589,15.95547],[108.24605,15.95549],[108.24631,15.95551],[108.24639,15.95552],[108.24679,15.95554],[108.24712,15.95557],[108.24798,15.95562],[108.24805,15.95562],[108.24833,15.95565],[108.24879,15.95568],[108.24909,15.9557],[108.24941,15.95573],[108.24962,15.95575],[108.25032,15.95581],[108.2506,15.95583],[108.25104,15.95587],[108.25125,15.95588],[108.25147,15.9559],[108.25292,15.95602],[108.25346,15.95607],[108.25389,15.9561],[108.25397,15.95608],[108.25432,15.95609],[108.25448,15.95608],[108.25449,15.95607],[108.2545,15.95606],[108.2545,15.95605],[108.25451,15.95604],[108.25452,15.95603],[108.25453,15.95602],[108.25454,15.95601],[108.25455,15.956],[108.25458,15.95598],[108.2546,15.95597],[108.25462,15.95596],[108.25464,15.95596],[108.25466,15.95596],[108.25468,15.95595],[108.2547,15.95596],[108.25472,15.95596],[108.25474,15.95596],[108.25476,15.95597],[108.25478,15.95598],[108.25479,15.95598],[108.25481,15.95599],[108.25483,15.95601],[108.25484,15.95602],[108.25485,15.95603],[108.25486,15.95604],[108.25487,15.95606],[108.25488,15.95608],[108.25489,15.95609],[108.25497,15.9561],[108.25519,15.95614],[108.25534,15.95615],[108.25549,15.95617],[108.25555,15.95618],[108.25578,15.95624],[108.25605,15.95634],[108.25678,15.95663],[108.2573,15.95682],[108.25819,15.95713],[108.25835,15.95719],[108.25863,15.95729],[108.25868,15.95731]]},"properties":{"name":"DT.603","visibility":false,"styleUrl":"#line-1267FF-5000-nodesc10","stroke-opacity":1,"stroke":"#1267ff","stroke-width":5}},{"type":"Feature","geometry":{"type":"LineString","coordinates":[[108.18109,15.94678],[108.18112,15.94674],[108.18147,15.94607],[108.18148,15.94605],[108.18173,15.94549],[108.18185,15.94526],[108.18206,15.94486],[108.18213,15.94471],[108.1822,15.94456],[108.18225,15.94444],[108.18227,15.94439],[108.18228,15.94431],[108.18228,15.9443],[108.18228,15.9442],[108.18226,15.94408],[108.18221,15.94397],[108.18215,15.94385],[108.18205,15.94373],[108.18191,15.94356],[108.18138,15.94291],[108.18103,15.9424],[108.18097,15.9423],[108.18087,15.94215],[108.1808,15.94204],[108.1805,15.9416],[108.18037,15.9414],[108.1803,15.94129],[108.18025,15.94121],[108.18005,15.9409],[108.18004,15.94087],[108.17993,15.94065],[108.17986,15.94044],[108.17982,15.94035],[108.17981,15.94027],[108.17978,15.94016],[108.17975,15.93998],[108.17974,15.93998],[108.17972,15.93983],[108.17971,15.93981],[108.17968,15.93966],[108.17965,15.93922],[108.17958,15.93851],[108.17953,15.93802],[108.17952,15.93786],[108.17949,15.93752],[108.17947,15.93731],[108.17947,15.9373],[108.17946,15.93717],[108.17942,15.93658],[108.17941,15.93648],[108.17938,15.93612],[108.17937,15.93607],[108.17937,15.93603],[108.17934,15.93579],[108.17929,15.93554],[108.17927,15.93546],[108.17919,15.93508],[108.17908,15.93459],[108.179,15.93425],[108.17897,15.93406],[108.17893,15.9339],[108.17881,15.93337],[108.17875,15.93312],[108.17865,15.93269],[108.17862,15.93254],[108.17835,15.93147],[108.1783,15.93131],[108.17827,15.93117],[108.17822,15.93104],[108.17819,15.93096],[108.1781,15.93074],[108.17793,15.93042],[108.17785,15.93028],[108.1775,15.92964],[108.17744,15.92952],[108.17741,15.92946],[108.1774,15.92944],[108.17735,15.92931],[108.17714,15.92874],[108.17704,15.92847],[108.17697,15.92828],[108.17692,15.92816],[108.17683,15.92797],[108.17676,15.92784],[108.1767,15.92773],[108.17659,15.92754],[108.17649,15.92733],[108.17637,15.92706],[108.17616,15.92663],[108.17613,15.92627],[108.17613,15.92624],[108.17614,15.92611],[108.17615,15.92601],[108.17615,15.92597],[108.17617,15.92583],[108.17617,15.92566],[108.17616,15.92561],[108.17615,15.92557],[108.17615,15.92553],[108.17611,15.92544],[108.17606,15.92537],[108.17597,15.92529],[108.17591,15.92525],[108.1758,15.92519],[108.17563,15.92512],[108.17557,15.92509],[108.17541,15.92501],[108.1752,15.92491],[108.17493,15.92478],[108.17481,15.92472],[108.1747,15.92467],[108.17469,15.92466],[108.17446,15.92457],[108.17441,15.92455],[108.17412,15.92444],[108.17401,15.9244],[108.17394,15.92438],[108.17387,15.92436],[108.17383,15.92434],[108.17326,15.92414],[108.17306,15.92406],[108.17283,15.92397],[108.17243,15.92382],[108.17169,15.92349],[108.17086,15.92313],[108.17081,15.9231],[108.17067,15.92304],[108.17064,15.92303],[108.17024,15.92285],[108.17013,15.9228],[108.16975,15.92263],[108.16938,15.92249],[108.16924,15.92245],[108.16923,15.92245],[108.16912,15.92243],[108.16899,15.92241],[108.16898,15.92241],[108.16882,15.92239],[108.16829,15.92235],[108.16747,15.92228],[108.16656,15.92223],[108.16651,15.92222],[108.1664,15.92221],[108.16628,15.92219],[108.16618,15.92216],[108.16611,15.92214],[108.16609,15.92213],[108.16593,15.92208],[108.16584,15.92204],[108.16582,15.92203],[108.16574,15.92198],[108.16563,15.9219],[108.16556,15.92184],[108.16554,15.92182],[108.16548,15.92177],[108.16546,15.92175],[108.1654,15.92167],[108.16534,15.92159],[108.16524,15.92146],[108.16517,15.92137],[108.16513,15.92132],[108.16498,15.92111],[108.16485,15.92094],[108.16469,15.92072],[108.16422,15.92008],[108.16416,15.92],[108.16409,15.91989],[108.16405,15.91985],[108.16404,15.91983],[108.164,15.91979],[108.16344,15.91907],[108.16309,15.91865],[108.16299,15.91852],[108.16298,15.91851],[108.16286,15.91836],[108.16276,15.91824],[108.16275,15.91822],[108.16257,15.91801],[108.16247,15.91786],[108.16242,15.91778],[108.16239,15.91773],[108.16235,15.91764],[108.16234,15.91763],[108.1623,15.91753],[108.16228,15.91745],[108.16227,15.91742],[108.16225,15.9173],[108.16224,15.91721],[108.16224,15.91715],[108.16225,15.91705],[108.16227,15.91689],[108.1623,15.91674],[108.16234,15.91658],[108.1624,15.91642],[108.16241,15.91639],[108.16242,15.91636],[108.16252,15.91605],[108.16256,15.91593],[108.16259,15.91581],[108.16262,15.91563],[108.16263,15.91553],[108.16262,15.91543],[108.16261,15.91529],[108.16258,15.91518],[108.16255,15.9151],[108.16251,15.91501],[108.16247,15.91493],[108.1624,15.9148],[108.16234,15.91473],[108.16229,15.91468],[108.16213,15.91453],[108.16197,15.91442],[108.16147,15.91406],[108.16143,15.91403],[108.16117,15.91385],[108.16078,15.91354],[108.16066,15.91339],[108.16062,15.91333],[108.16058,15.91325],[108.16055,15.91318],[108.16053,15.91312],[108.16049,15.91299],[108.16048,15.91294],[108.16048,15.91288],[108.16047,15.91267],[108.16048,15.91249],[108.16047,15.91233],[108.16046,15.9122],[108.16044,15.91205],[108.1604,15.91187],[108.16038,15.91181],[108.16034,15.91171],[108.16027,15.91155],[108.16026,15.91153],[108.16023,15.91148],[108.16019,15.9114],[108.16006,15.91121],[108.15975,15.91083],[108.15961,15.91064],[108.15951,15.9105],[108.15947,15.91045],[108.15945,15.91038],[108.15944,15.91035],[108.15943,15.91028],[108.15943,15.91027],[108.15944,15.9102],[108.15945,15.91014],[108.15947,15.91006],[108.15949,15.91],[108.15959,15.9098],[108.15976,15.90946],[108.1601,15.90882],[108.16019,15.90865],[108.16025,15.90856],[108.16071,15.90777],[108.16077,15.90768],[108.1608,15.90762],[108.16089,15.90746],[108.16096,15.90734],[108.16098,15.9073],[108.16107,15.90713],[108.16121,15.90685],[108.16126,15.9067],[108.16135,15.90645],[108.1616,15.9057],[108.16167,15.90549],[108.16174,15.90534],[108.16181,15.9052],[108.1619,15.90504],[108.16198,15.90494],[108.16207,15.90482],[108.16219,15.9047],[108.1623,15.90461],[108.16242,15.90452],[108.16256,15.90445],[108.16273,15.90438],[108.16287,15.90433],[108.16289,15.90432],[108.16298,15.90428],[108.16302,15.90425],[108.16319,15.90409],[108.16323,15.90404],[108.16328,15.90397],[108.16333,15.90389],[108.16342,15.90374],[108.16346,15.90363],[108.16347,15.90357],[108.16352,15.903],[108.16355,15.9021],[108.16364,15.89991],[108.16378,15.89634],[108.16384,15.89534],[108.16386,15.89493],[108.16388,15.89415],[108.16389,15.89391],[108.1639,15.89347],[108.16395,15.89211],[108.16397,15.8917],[108.16403,15.89019],[108.16403,15.88973],[108.16404,15.88898]]},"properties":{"name":"DT.605","visibility":false,"styleUrl":"#line-1267FF-5000-nodesc11","stroke-opacity":1,"stroke":"#1267ff","stroke-width":5}},{"type":"Feature","geometry":{"type":"LineString","coordinates":[[107.53279,15.9289],[107.53248,15.92894],[107.53224,15.92893],[107.53215,15.9289],[107.53207,15.92885],[107.532,15.92876],[107.53196,15.92869],[107.53194,15.92863],[107.5319,15.92831],[107.53185,15.92814],[107.53173,15.92805],[107.53173,15.92804],[107.53158,15.92797],[107.53156,15.92797],[107.53152,15.92795],[107.53146,15.92794],[107.53134,15.92795],[107.53121,15.92802],[107.5312,15.92802],[107.53104,15.92812],[107.531,15.92813],[107.53097,15.92813],[107.53092,15.92811],[107.5309,15.92809],[107.53087,15.92802],[107.53087,15.92799],[107.53095,15.92776],[107.53098,15.92772],[107.53101,15.92766],[107.53118,15.9275],[107.53124,15.92742],[107.53126,15.92735],[107.53126,15.92729],[107.53124,15.92721],[107.53117,15.92714],[107.53116,15.92714],[107.53113,15.92712],[107.53095,15.92714],[107.53085,15.92717],[107.53081,15.92719],[107.53059,15.92726],[107.53046,15.92732],[107.53014,15.92751],[107.53003,15.92756],[107.52991,15.92758],[107.52985,15.92757],[107.52979,15.92757],[107.52978,15.92756],[107.52953,15.9275],[107.52937,15.92748],[107.5284,15.92765],[107.52829,15.92765],[107.52825,15.92764],[107.52819,15.92759],[107.52818,15.92755],[107.52817,15.92754],[107.52815,15.92737],[107.52817,15.92717],[107.52817,15.92699],[107.52815,15.92688],[107.52811,15.92683],[107.52805,15.92679],[107.528,15.92678],[107.52796,15.92678],[107.52792,15.92677],[107.5274,15.92683],[107.52728,15.92689],[107.52717,15.92703],[107.52704,15.92725],[107.52697,15.92744],[107.52687,15.92754],[107.5268,15.92758],[107.52669,15.92759],[107.52633,15.92747],[107.52626,15.92747],[107.52586,15.92755],[107.52554,15.92755],[107.52546,15.92757],[107.52542,15.9276],[107.52532,15.92773],[107.52532,15.92774],[107.52529,15.92778],[107.52521,15.92783],[107.52517,15.92783],[107.52512,15.92782],[107.52505,15.92778],[107.52493,15.92766],[107.52486,15.92763],[107.52482,15.92763],[107.52479,15.92764],[107.52474,15.92767],[107.5247,15.92773],[107.52456,15.92786],[107.52428,15.92794],[107.52423,15.92798],[107.52415,15.92813],[107.52415,15.92814],[107.52402,15.92854],[107.52398,15.92861],[107.52396,15.92863],[107.52395,15.92865],[107.52392,15.92868],[107.52384,15.9287],[107.52379,15.9287],[107.52371,15.92865],[107.52367,15.9286],[107.52367,15.92858],[107.52362,15.9285],[107.52355,15.92824],[107.52348,15.9281],[107.52345,15.92807],[107.52339,15.92803],[107.52332,15.928],[107.52318,15.92798],[107.52302,15.92799],[107.52293,15.92801],[107.52292,15.92802],[107.52262,15.92807],[107.52231,15.92807],[107.52222,15.92805],[107.52173,15.92781],[107.52165,15.92774],[107.52163,15.92768],[107.52164,15.92765],[107.52164,15.92762],[107.52167,15.92757],[107.52173,15.92753],[107.52187,15.92747],[107.52197,15.92746],[107.52227,15.92747],[107.52239,15.92744],[107.52254,15.92733],[107.52281,15.92708],[107.52281,15.92707],[107.52286,15.92703],[107.52289,15.92697],[107.52289,15.9269],[107.52288,15.92687],[107.52277,15.92672],[107.52273,15.92668],[107.52272,15.92665],[107.52273,15.92657],[107.52278,15.92644],[107.52286,15.92632],[107.52287,15.92629],[107.52296,15.92614],[107.52296,15.92613],[107.52298,15.9261],[107.52308,15.926],[107.52321,15.92592],[107.52361,15.92584],[107.52376,15.92583],[107.5238,15.92582],[107.52401,15.92582],[107.52407,15.92581],[107.52411,15.92579],[107.52418,15.92572],[107.5242,15.92568],[107.5242,15.92559],[107.52418,15.92547],[107.52416,15.92542],[107.52416,15.92541],[107.52414,15.92537],[107.52409,15.92533],[107.52403,15.92532],[107.52365,15.92531],[107.5236,15.9253],[107.52348,15.92523],[107.52343,15.92518],[107.52341,15.92514],[107.5234,15.9251],[107.52341,15.92497],[107.52345,15.92487],[107.52364,15.92461],[107.52394,15.92437],[107.52397,15.92432],[107.52398,15.92426],[107.52398,15.9242],[107.52395,15.92411],[107.52381,15.92395],[107.52375,15.92381],[107.52374,15.92365],[107.52376,15.9235],[107.52379,15.92343],[107.52381,15.92332],[107.52381,15.92328],[107.52377,15.92321],[107.52377,15.9232],[107.52374,15.92316],[107.52365,15.92311],[107.52362,15.92311],[107.52359,15.9231],[107.52341,15.92312],[107.52328,15.92315],[107.5231,15.92322],[107.52253,15.92357],[107.52225,15.92361],[107.52212,15.92359],[107.52207,15.92357],[107.52204,15.92357],[107.52196,15.9235],[107.52171,15.92314],[107.52157,15.92304],[107.52148,15.923],[107.52129,15.92294],[107.52124,15.92291],[107.52087,15.92253],[107.5208,15.92248],[107.52069,15.92244],[107.52064,15.92244],[107.52053,15.92248],[107.52039,15.92257],[107.52035,15.92258],[107.52032,15.9226],[107.52025,15.92262],[107.5202,15.92262],[107.52018,15.92261],[107.52015,15.92261],[107.52009,15.92253],[107.52008,15.92247],[107.52009,15.92235],[107.52015,15.92218],[107.52016,15.92211],[107.52016,15.92198],[107.52014,15.92184],[107.52012,15.92177],[107.52011,15.92155],[107.52016,15.92123],[107.52017,15.92121],[107.52018,15.92114],[107.52015,15.921],[107.51994,15.9206],[107.51984,15.9205],[107.51924,15.92006],[107.51919,15.92004],[107.51915,15.92004],[107.51905,15.92007],[107.51854,15.9204],[107.51853,15.9204],[107.51837,15.9205],[107.51832,15.92052],[107.518,15.92057],[107.51761,15.92059],[107.5175,15.92065],[107.51748,15.92069],[107.51747,15.9207],[107.51745,15.92075],[107.51743,15.92086],[107.51744,15.92125],[107.51747,15.92138],[107.51747,15.9214],[107.51759,15.92168],[107.51762,15.92172],[107.51762,15.92173],[107.51763,15.92173],[107.51769,15.92181],[107.5178,15.92191],[107.51818,15.9222],[107.51818,15.92221],[107.51823,15.92226],[107.51825,15.92229],[107.51826,15.92232],[107.51826,15.92235],[107.51825,15.92236],[107.51825,15.92239],[107.51814,15.92251],[107.51801,15.92257],[107.51788,15.92256],[107.51763,15.92248],[107.51762,15.92248],[107.51727,15.92237],[107.51727,15.92236],[107.51718,15.92233],[107.51705,15.92223],[107.517,15.92217],[107.51699,15.92214],[107.51663,15.9215],[107.51662,15.92145],[107.51662,15.92135],[107.51663,15.9213],[107.51666,15.92124],[107.51668,15.92116],[107.51669,15.92116],[107.5167,15.92104],[107.51657,15.92065],[107.51657,15.92064],[107.51654,15.92057],[107.51652,15.92045],[107.5167,15.91986],[107.51674,15.9198],[107.51682,15.91973],[107.51692,15.91971],[107.51699,15.91971],[107.51718,15.91974],[107.51724,15.91974],[107.51742,15.91971],[107.51758,15.91965],[107.51764,15.91961],[107.51765,15.91961],[107.51798,15.91923],[107.51805,15.91918],[107.51834,15.91906],[107.51835,15.91906],[107.51846,15.91899],[107.51849,15.91895],[107.51849,15.91894],[107.51852,15.9189],[107.51856,15.91878],[107.51856,15.91876],[107.51863,15.91849],[107.51866,15.91843],[107.51871,15.91837],[107.51884,15.91827],[107.51904,15.91815],[107.51913,15.91808],[107.5192,15.91797],[107.51932,15.91739],[107.51931,15.91733],[107.51931,15.91725],[107.51932,15.91719],[107.51932,15.91712],[107.51922,15.91656],[107.51921,15.916],[107.51935,15.91551],[107.51943,15.91487],[107.51943,15.91473],[107.5194,15.91464],[107.51935,15.91458],[107.51927,15.91451],[107.51919,15.91446],[107.51919,15.91445],[107.51903,15.91437],[107.51778,15.91425],[107.51743,15.91419],[107.51656,15.91414],[107.51638,15.91416],[107.51609,15.91422],[107.51573,15.91422],[107.51526,15.91419],[107.51501,15.91422],[107.51488,15.91434],[107.5147,15.91458],[107.51463,15.91463],[107.51458,15.91465],[107.51456,15.91467],[107.51447,15.9147],[107.51429,15.91473],[107.51379,15.91477],[107.51371,15.91479],[107.51359,15.91485],[107.51341,15.91498],[107.51335,15.915],[107.51335,15.91501],[107.51321,15.91504],[107.51313,15.91502],[107.51282,15.91488],[107.51248,15.91469],[107.51233,15.91464],[107.51208,15.91464],[107.51132,15.9147],[107.51122,15.91473],[107.51115,15.91477],[107.51107,15.91484],[107.51106,15.91484],[107.51097,15.91493],[107.51082,15.91503],[107.51074,15.91505],[107.51066,15.91505],[107.51057,15.91503],[107.51049,15.915],[107.51023,15.91483],[107.50982,15.9145],[107.50974,15.91446],[107.50966,15.91444],[107.50964,15.91443],[107.5088,15.91424],[107.50871,15.91421],[107.50826,15.91399],[107.50825,15.91398],[107.50808,15.91392],[107.508,15.91388],[107.50774,15.9138],[107.50772,15.9138],[107.50734,15.91364],[107.50724,15.91363],[107.50716,15.91365],[107.5071,15.91372],[107.50708,15.91377],[107.50704,15.91408],[107.50697,15.91424],[107.50672,15.9146],[107.50649,15.91501],[107.50645,15.91505],[107.50644,15.91507],[107.50639,15.91512],[107.50632,15.91517],[107.50626,15.9152],[107.50587,15.91533],[107.50579,15.91538],[107.50574,15.91545],[107.50563,15.91557],[107.50557,15.91566],[107.50545,15.9158],[107.50543,15.91581],[107.50526,15.91602],[107.50505,15.91619],[107.505,15.91621],[107.50499,15.91622],[107.5049,15.91626],[107.50489,15.91626],[107.50467,15.91634],[107.50446,15.91637],[107.50425,15.91635],[107.50376,15.91619],[107.50366,15.91619],[107.50363,15.9162],[107.50289,15.91627],[107.5028,15.91629],[107.50272,15.91632],[107.50265,15.91636],[107.50264,15.91636],[107.50255,15.91643],[107.50254,15.91643],[107.50207,15.91671],[107.50204,15.91674],[107.50187,15.91683],[107.50186,15.91683],[107.50182,15.91685],[107.50178,15.91686],[107.50163,15.91686],[107.50155,15.91684],[107.50149,15.91681],[107.50124,15.91661],[107.50092,15.91641],[107.50083,15.91639],[107.50077,15.91639],[107.50076,15.9164],[107.50073,15.9164],[107.50068,15.91645],[107.50066,15.9165],[107.50066,15.9167],[107.50064,15.91678],[107.50056,15.91684],[107.50046,15.91686],[107.50037,15.91685],[107.50006,15.91676],[107.49993,15.91675],[107.49934,15.91679],[107.49926,15.91681],[107.4992,15.91684],[107.4991,15.91697],[107.49901,15.91723],[107.49899,15.91726],[107.49899,15.91729],[107.49891,15.9174],[107.49889,15.91741],[107.49886,15.91744],[107.49873,15.9175],[107.49872,15.9175],[107.49848,15.91761],[107.49841,15.91763],[107.4982,15.91762],[107.49816,15.91761],[107.49813,15.91761],[107.49782,15.91755],[107.49777,15.91753],[107.49771,15.91752],[107.49744,15.9174],[107.49743,15.91739],[107.49577,15.91648],[107.49557,15.91631],[107.49553,15.91624],[107.49535,15.91579],[107.49529,15.91553],[107.49528,15.91458],[107.49524,15.91441],[107.49521,15.91435],[107.49516,15.91429],[107.49508,15.91422],[107.49494,15.91415],[107.49469,15.91406],[107.49467,15.91406],[107.49385,15.91388],[107.49383,15.91388],[107.49312,15.91366],[107.49311,15.91365],[107.49298,15.91359],[107.49284,15.9135],[107.49268,15.91336],[107.49268,15.91335],[107.49243,15.9131],[107.49242,15.91308],[107.49206,15.91265],[107.49198,15.91252],[107.4919,15.91234],[107.49187,15.91214],[107.49188,15.91184],[107.49193,15.91165],[107.492,15.91148],[107.492,15.91146],[107.4921,15.91131],[107.49216,15.91125],[107.4924,15.91107],[107.4928,15.91084],[107.49295,15.91077],[107.49303,15.91075],[107.49315,15.91074],[107.49325,15.91075],[107.49347,15.91074],[107.49386,15.91067],[107.49394,15.91064],[107.49401,15.91059],[107.49416,15.91045],[107.4944,15.91016],[107.49449,15.91008],[107.49461,15.91002],[107.49462,15.91002],[107.49473,15.90998],[107.4951,15.90992],[107.49636,15.9095],[107.49639,15.90948],[107.49642,15.90947],[107.4965,15.90938],[107.49651,15.90935],[107.49662,15.90915],[107.49675,15.90867],[107.49673,15.90847],[107.4967,15.90835],[107.4965,15.9079],[107.4964,15.90776],[107.49631,15.90767],[107.49615,15.90755],[107.49589,15.9074],[107.49588,15.9074],[107.49552,15.90721],[107.49542,15.90711],[107.49512,15.90668],[107.49509,15.90661],[107.49508,15.90661],[107.49504,15.90651],[107.49496,15.90623],[107.49493,15.90617],[107.49489,15.90614],[107.49488,15.90612],[107.49482,15.90609],[107.49477,15.90608],[107.49395,15.90611],[107.49379,15.90614],[107.49372,15.90617],[107.49348,15.90633],[107.49337,15.90638],[107.49328,15.90639],[107.49325,15.9064],[107.49314,15.90639],[107.49309,15.90637],[107.49309,15.90636],[107.49303,15.90632],[107.49274,15.90603],[107.49268,15.90593],[107.49249,15.90518],[107.49248,15.90516],[107.49247,15.90511],[107.49243,15.90504],[107.49194,15.90448],[107.49153,15.90393],[107.49149,15.90386],[107.49148,15.90386],[107.49147,15.90382],[107.49149,15.90374],[107.49153,15.90367],[107.49161,15.90361],[107.49166,15.90359],[107.49173,15.90358],[107.49188,15.90358],[107.49204,15.90356],[107.49206,15.90354],[107.49211,15.90353],[107.49218,15.90347],[107.49221,15.90343],[107.49221,15.90341],[107.49223,15.90338],[107.49231,15.90307],[107.49232,15.90306],[107.49237,15.90287],[107.49242,15.90278],[107.49244,15.90276],[107.49246,15.90275],[107.49246,15.90274],[107.49249,15.90272],[107.49256,15.9027],[107.4926,15.90271],[107.49264,15.90271],[107.4927,15.90273],[107.49286,15.90274],[107.49289,15.90273],[107.49292,15.90273],[107.49295,15.90271],[107.49296,15.90271],[107.49304,15.90265],[107.49311,15.90258],[107.49312,15.90256],[107.49376,15.90174],[107.49377,15.90172],[107.49392,15.90157],[107.49393,15.90157],[107.4945,15.90116],[107.49462,15.90105],[107.49469,15.90095],[107.49476,15.90076],[107.49479,15.9006],[107.4948,15.90058],[107.4948,15.90055],[107.49481,15.90051],[107.49481,15.90042],[107.49478,15.90017],[107.49477,15.90014],[107.49477,15.90012],[107.49471,15.8999],[107.49471,15.89987],[107.49467,15.8997],[107.49466,15.8997],[107.49465,15.89965],[107.49465,15.89949],[107.49469,15.89935],[107.4947,15.89934],[107.49471,15.89931],[107.49472,15.8993],[107.49472,15.89928],[107.49477,15.89918],[107.49477,15.89917],[107.49487,15.899],[107.49488,15.89897],[107.49493,15.89891],[107.49504,15.89871],[107.49506,15.89869],[107.49507,15.89866],[107.49509,15.89864],[107.49509,15.89863],[107.49511,15.89859],[107.49512,15.89855],[107.49513,15.89854],[107.49517,15.89838],[107.49518,15.89796],[107.49525,15.89761],[107.49525,15.8975],[107.49524,15.89748],[107.49522,15.89727],[107.4952,15.89723],[107.4952,15.89722],[107.49515,15.89714],[107.49514,15.89711],[107.49494,15.89689],[107.49491,15.89682],[107.4949,15.89681],[107.49489,15.89676],[107.49489,15.89672],[107.49493,15.89654],[107.49498,15.89639],[107.49508,15.89618],[107.49516,15.89605],[107.49559,15.89557],[107.49564,15.8955],[107.49567,15.89548],[107.49627,15.89457],[107.49629,15.89452],[107.49629,15.89448],[107.49631,15.8944],[107.49635,15.89359],[107.49642,15.89324],[107.49645,15.89317],[107.49652,15.89287],[107.49651,15.89282],[107.49647,15.89273],[107.49647,15.89272],[107.49634,15.89253],[107.49622,15.89241],[107.49608,15.89236],[107.49601,15.89235],[107.49589,15.89236],[107.49588,15.89237],[107.49575,15.89237],[107.49569,15.89236],[107.49548,15.89222],[107.4953,15.89204],[107.49529,15.89202],[107.49528,15.89201],[107.49522,15.89189],[107.4952,15.89179],[107.49517,15.89144],[107.49512,15.89118],[107.49506,15.89106],[107.495,15.89098],[107.49456,15.89074],[107.49338,15.8902],[107.49321,15.89008],[107.49276,15.88962],[107.49153,15.88817],[107.48867,15.885],[107.48815,15.8843],[107.48799,15.88405],[107.48734,15.88269],[107.48733,15.88265],[107.48714,15.88223],[107.48713,15.88217],[107.48713,15.88211],[107.48711,15.88206],[107.48704,15.88199],[107.48687,15.88189],[107.48665,15.88173],[107.48661,15.88167],[107.48659,15.88162],[107.48654,15.88139],[107.48649,15.88126],[107.48649,15.88124],[107.48645,15.8812],[107.48609,15.88102],[107.486,15.88093],[107.48598,15.88089],[107.48591,15.88039],[107.48586,15.88031],[107.4858,15.88026],[107.48554,15.87994],[107.48537,15.87979],[107.48524,15.8797],[107.48518,15.87964],[107.48515,15.87958],[107.48514,15.87957],[107.48512,15.87953],[107.4851,15.87944],[107.48508,15.87909],[107.48507,15.87905],[107.48506,15.87904],[107.48505,15.87902],[107.48483,15.87886],[107.48455,15.87871],[107.4841,15.87855],[107.48409,15.87854],[107.48406,15.87853],[107.48402,15.87848],[107.48372,15.87821],[107.48345,15.87802],[107.48341,15.87798],[107.48339,15.87795],[107.48339,15.87794],[107.4832,15.87745],[107.48319,15.87744],[107.48305,15.87715],[107.48304,15.87715],[107.48282,15.87686],[107.48278,15.87677],[107.48255,15.87606],[107.48251,15.87599],[107.4822,15.87557],[107.48186,15.87505],[107.48178,15.8749],[107.48172,15.8747],[107.4817,15.87454],[107.48172,15.87297],[107.48169,15.87276],[107.48166,15.87264],[107.48165,15.8724],[107.48175,15.87203],[107.48176,15.87187],[107.48173,15.87176],[107.48166,15.87166],[107.48152,15.87153],[107.48132,15.8713],[107.48113,15.87102],[107.48101,15.87077],[107.48085,15.87015],[107.48079,15.87007],[107.48072,15.87],[107.48064,15.86995],[107.48053,15.8699],[107.48041,15.86988],[107.48032,15.86988],[107.48029,15.86987],[107.48008,15.86986],[107.4797,15.8698],[107.47956,15.86974],[107.47952,15.86971],[107.47949,15.86974],[107.4792,15.86953],[107.47874,15.86895],[107.4786,15.86865],[107.47851,15.86814],[107.47842,15.86779],[107.47827,15.86759],[107.47812,15.86745],[107.47795,15.86733],[107.47536,15.8661],[107.47514,15.86596],[107.47491,15.86569],[107.47473,15.86536],[107.47472,15.86535],[107.47462,15.86514],[107.47462,15.86507],[107.47464,15.86502],[107.47464,15.86501],[107.47469,15.86494],[107.47474,15.86491],[107.4749,15.86485],[107.47499,15.86484],[107.4751,15.86479],[107.47519,15.8647],[107.47558,15.86421],[107.47574,15.86396],[107.47585,15.86372],[107.47591,15.86352],[107.47594,15.86321],[107.47597,15.86307],[107.47597,15.86304],[107.47599,15.86295],[107.47599,15.86286],[107.476,15.86281],[107.47599,15.86275],[107.47597,15.8627],[107.47596,15.86269],[107.47594,15.86268],[107.47593,15.86267],[107.47591,15.86267],[107.47588,15.86266],[107.47583,15.86266],[107.47564,15.86277],[107.47555,15.86284],[107.47498,15.86366],[107.47485,15.86377],[107.47476,15.86379],[107.4747,15.86378],[107.47466,15.86376],[107.47463,15.86376],[107.47452,15.86368],[107.47432,15.86346],[107.47425,15.86335],[107.47421,15.86324],[107.47411,15.86257],[107.47398,15.86229],[107.47394,15.86217],[107.47394,15.86216],[107.47386,15.86196],[107.47383,15.86183],[107.47382,15.8616],[107.47388,15.86124],[107.47387,15.86108],[107.47378,15.8609],[107.47377,15.86089],[107.47373,15.86078],[107.47373,15.86076],[107.4737,15.86071],[107.47369,15.86061],[107.47368,15.86058],[107.4737,15.86043],[107.47387,15.85992],[107.47389,15.85983],[107.4741,15.85923],[107.4741,15.85922],[107.47411,15.8592],[107.47414,15.85894],[107.47421,15.85874],[107.47432,15.85851],[107.47441,15.8584],[107.47459,15.85822],[107.47482,15.85805],[107.47493,15.8579],[107.47495,15.8578],[107.47495,15.85777],[107.47486,15.85737],[107.47458,15.85648],[107.47456,15.85599],[107.4745,15.85577],[107.47447,15.85543],[107.47451,15.85508],[107.47438,15.85501],[107.47422,15.85495],[107.47416,15.85487],[107.47414,15.85482],[107.4741,15.85464],[107.47404,15.85454],[107.474,15.85441],[107.474,15.85439],[107.47391,15.85408],[107.4739,15.85398],[107.47392,15.85388],[107.47404,15.85351],[107.47404,15.8535],[107.47408,15.85337],[107.47406,15.85306],[107.47398,15.85289],[107.47392,15.85265],[107.47382,15.8524],[107.47375,15.85231],[107.47348,15.85217],[107.47335,15.85213],[107.47328,15.85213],[107.47321,15.85215],[107.47313,15.85221],[107.47294,15.85244],[107.47287,15.85255],[107.47278,15.85262],[107.47267,15.85268],[107.47261,15.85268],[107.47243,15.85273],[107.4721,15.85277],[107.47187,15.85275],[107.47176,15.8527],[107.47162,15.8526],[107.47154,15.85256],[107.47147,15.85256],[107.47141,15.85257],[107.47136,15.8526],[107.47128,15.85268],[107.47122,15.85272],[107.47114,15.85273],[107.47102,15.8527],[107.47095,15.85265],[107.47089,15.85263],[107.47078,15.85262],[107.47064,15.85265],[107.4706,15.85265],[107.47044,15.85257],[107.47037,15.85251],[107.47036,15.85251],[107.47028,15.85245],[107.47021,15.85243],[107.47015,15.85243],[107.47009,15.85244],[107.46979,15.85258],[107.46975,15.85261],[107.4697,15.85263],[107.46968,15.85265],[107.46963,15.85268],[107.46961,15.85273],[107.46962,15.85278],[107.46964,15.85283],[107.46967,15.85301],[107.46966,15.85305],[107.4696,15.8531],[107.46948,15.85316],[107.46942,15.85317],[107.4694,15.85319],[107.46928,15.85321],[107.46922,15.8532],[107.46914,15.85316],[107.46898,15.85316],[107.46889,15.8532],[107.46887,15.8532],[107.46879,15.85326],[107.46875,15.85331],[107.46874,15.85331],[107.46872,15.85337],[107.46868,15.8534],[107.46865,15.85345],[107.46862,15.85348],[107.4686,15.85349],[107.46828,15.85352],[107.4681,15.85352],[107.4681,15.85353],[107.46791,15.85356],[107.46775,15.85362],[107.46756,15.85366],[107.46742,15.85365],[107.4672,15.85357],[107.46701,15.85353],[107.46684,15.8536],[107.46684,15.85361],[107.4666,15.85377],[107.46654,15.8538],[107.46647,15.85382],[107.46635,15.85381],[107.46635,15.8538],[107.46619,15.85376],[107.46618,15.85374],[107.46609,15.85368],[107.46586,15.85347],[107.46581,15.8534],[107.46577,15.85337],[107.46565,15.85331],[107.46539,15.85332],[107.4651,15.85325],[107.4648,15.85309],[107.46461,15.85291],[107.4646,15.85289],[107.46449,15.85277],[107.46448,15.85277],[107.46446,15.85272],[107.46445,15.85265],[107.46436,15.85246],[107.4641,15.85225],[107.4639,15.852],[107.46381,15.85196],[107.46377,15.85195],[107.46368,15.85198],[107.46364,15.85204],[107.46359,15.85209],[107.46348,15.85217],[107.46338,15.85222],[107.46334,15.85222],[107.46331,15.85223],[107.463,15.85227],[107.46296,15.85229],[107.46287,15.85237],[107.46285,15.85241],[107.46279,15.85246],[107.46271,15.85249],[107.46253,15.85248],[107.46229,15.8524],[107.46215,15.85237],[107.46211,15.85235],[107.462,15.85235],[107.46196,15.85238],[107.46194,15.85241],[107.46193,15.85245],[107.4618,15.85258],[107.46174,15.85261],[107.4616,15.85263],[107.46153,15.85262],[107.46143,15.85259],[107.46123,15.85248],[107.46116,15.85246],[107.46106,15.85247],[107.46083,15.85252],[107.46061,15.85251],[107.46045,15.85252],[107.46026,15.85259],[107.46013,15.8526],[107.46009,15.85261],[107.45977,15.85261],[107.45964,15.85265],[107.45952,15.85273],[107.45942,15.85283],[107.45941,15.85283],[107.45928,15.85299],[107.45923,15.85302],[107.45905,15.85302],[107.4587,15.8529],[107.4586,15.85291],[107.45853,15.85293],[107.45841,15.85292],[107.45825,15.85282],[107.45808,15.85276],[107.45801,15.85277],[107.45794,15.85282],[107.45764,15.85296],[107.45698,15.85309],[107.45652,15.85311],[107.45636,15.85307],[107.45625,15.85306],[107.45614,15.85309],[107.45596,15.85319],[107.45588,15.8533],[107.45581,15.85344],[107.45573,15.85349],[107.45563,15.85351],[107.45545,15.85357],[107.45492,15.85364],[107.4549,15.85365],[107.45486,15.8537],[107.45486,15.85372],[107.45485,15.85375],[107.45488,15.85381],[107.45492,15.85398],[107.45493,15.85408],[107.45487,15.85423],[107.45485,15.85426],[107.45481,15.8543],[107.45477,15.85436],[107.45471,15.85439],[107.45466,15.85439],[107.45445,15.85434],[107.45438,15.85435],[107.45431,15.85438],[107.45424,15.85446],[107.45424,15.85447],[107.45411,15.85461],[107.45402,15.85467],[107.45396,15.85468],[107.45394,15.85469],[107.45367,15.85472],[107.45341,15.85465],[107.45328,15.85457],[107.45275,15.85434],[107.45274,15.85433],[107.45247,15.8542],[107.45241,15.85418],[107.45234,15.85417],[107.45228,15.85419],[107.4522,15.85424],[107.45217,15.85429],[107.45213,15.85432],[107.45207,15.85435],[107.45174,15.85438],[107.45152,15.85431],[107.45125,15.85412],[107.45121,15.85408],[107.45114,15.85396],[107.4511,15.85392],[107.45105,15.8539],[107.45099,15.8539],[107.45095,15.85391],[107.4509,15.85396],[107.45087,15.85405],[107.45082,15.8543],[107.45074,15.85447],[107.45071,15.8545],[107.45057,15.85456],[107.4505,15.85457],[107.44992,15.85456],[107.44977,15.85454],[107.44957,15.85459],[107.44946,15.85457],[107.4493,15.8545],[107.44922,15.85448],[107.44915,15.85449],[107.4491,15.85451],[107.44905,15.85456],[107.44903,15.85462],[107.44905,15.85489],[107.44911,15.85506],[107.44922,15.85526],[107.44923,15.85543],[107.44921,15.85551],[107.44912,15.85563],[107.44902,15.85597],[107.449,15.85657],[107.44894,15.8567],[107.44884,15.85679],[107.4487,15.85689],[107.44853,15.85691],[107.44829,15.8569],[107.44801,15.85684],[107.44789,15.85687],[107.44777,15.85693],[107.44763,15.85697],[107.44758,15.85697],[107.44744,15.85694],[107.44702,15.85664],[107.44685,15.85642],[107.44681,15.85639],[107.44677,15.85638],[107.44674,15.85638],[107.44662,15.85642],[107.44656,15.85645],[107.44643,15.85657],[107.44635,15.85668],[107.44626,15.85673],[107.44618,15.85676],[107.44608,15.85683],[107.44605,15.85687],[107.44602,15.85693],[107.44601,15.85709],[107.44593,15.85722],[107.44589,15.85724],[107.44559,15.85727],[107.44553,15.8573],[107.44547,15.85735],[107.44536,15.85739],[107.4453,15.8574],[107.44516,15.85739],[107.44496,15.85744],[107.44489,15.85748],[107.44482,15.85749],[107.44472,15.85747],[107.44459,15.8574],[107.44453,15.85738],[107.44446,15.85737],[107.44442,15.85738],[107.44429,15.85747],[107.44401,15.85773],[107.44387,15.85775],[107.44378,15.85775],[107.44363,15.85771],[107.4435,15.85771],[107.44346,15.85772],[107.44324,15.85763],[107.44316,15.85757],[107.44297,15.8575],[107.44278,15.85751],[107.44262,15.85754],[107.44246,15.85752],[107.44244,15.8575],[107.44228,15.8574],[107.44221,15.85734],[107.44212,15.85729],[107.44194,15.85716],[107.44172,15.85705],[107.44126,15.85701],[107.44105,15.85687],[107.44098,15.8568],[107.44085,15.85675],[107.44076,15.85676],[107.44068,15.85679],[107.44046,15.85684],[107.44037,15.85685],[107.44023,15.85682],[107.43999,15.85665],[107.43996,15.85662],[107.43987,15.85656],[107.43948,15.85638],[107.43946,15.85636],[107.43931,15.85626],[107.43913,15.85607],[107.43902,15.85581],[107.43897,15.85573],[107.4389,15.85566],[107.43875,15.85557],[107.43856,15.85549],[107.43847,15.85547],[107.43841,15.85547],[107.4384,15.85548],[107.43837,15.85549],[107.43832,15.85552],[107.43828,15.85557],[107.43828,15.8556],[107.43826,15.85567],[107.43825,15.85594],[107.43818,15.85638],[107.43815,15.85649],[107.43815,15.85651],[107.43808,15.85662],[107.43801,15.85669],[107.43792,15.85674],[107.43791,15.85675],[107.43772,15.85686],[107.43756,15.85692],[107.43735,15.85697],[107.43695,15.85698],[107.43679,15.85704],[107.43666,15.85712],[107.43645,15.85718],[107.43627,15.85718],[107.43598,15.85715],[107.43595,15.85714],[107.43587,15.85714],[107.4358,15.85718],[107.43579,15.85721],[107.43576,15.85726],[107.43573,15.85737],[107.43572,15.85746],[107.43573,15.85766],[107.43569,15.85782],[107.43566,15.85787],[107.43563,15.85789],[107.43547,15.85793],[107.43532,15.85793],[107.43516,15.8579],[107.43491,15.8578],[107.4349,15.85779],[107.43441,15.85774],[107.43407,15.85767],[107.43392,15.85767],[107.43377,15.85769],[107.43354,15.85767],[107.43344,15.85762],[107.43327,15.85756],[107.43294,15.8575],[107.43278,15.85744],[107.43259,15.8573],[107.43248,15.85716],[107.43243,15.85712],[107.43237,15.85705],[107.43232,15.85703],[107.43222,15.85703],[107.43221,15.85704],[107.43214,15.85706],[107.43209,15.8571],[107.43204,15.85718],[107.43204,15.85719],[107.43199,15.85726],[107.43176,15.85744],[107.43144,15.85765],[107.43138,15.85772],[107.4313,15.85778],[107.43123,15.85778],[107.43119,15.85776],[107.43114,15.85768],[107.43114,15.85764],[107.43113,15.85759],[107.43113,15.85751],[107.43116,15.8574],[107.43116,15.85738],[107.43119,15.85727],[107.43135,15.85706],[107.4314,15.85696],[107.43141,15.85684],[107.43139,15.85673],[107.43138,15.85672],[107.43139,15.85667],[107.43142,15.85661],[107.43154,15.85651],[107.4316,15.8564],[107.43161,15.85626],[107.43159,15.85614],[107.43159,15.85608],[107.43155,15.85594],[107.43139,15.85582],[107.43115,15.85572],[107.43107,15.8557],[107.43091,15.85573],[107.43063,15.85595],[107.43054,15.85604],[107.43049,15.85607],[107.43046,15.85608],[107.43043,15.85608],[107.43025,15.85603],[107.43022,15.85603],[107.43007,15.856],[107.42993,15.856],[107.42991,15.85601],[107.42959,15.85607],[107.42939,15.85606],[107.42936,15.85605],[107.42933,15.85605],[107.42907,15.856],[107.42871,15.85582],[107.42849,15.85575],[107.42835,15.85576],[107.42826,15.85582],[107.42817,15.85595],[107.42813,15.85615],[107.42819,15.85637],[107.42838,15.85662],[107.42852,15.85701],[107.42854,15.85744],[107.42855,15.85747],[107.42855,15.85755],[107.42852,15.85762],[107.4285,15.85764],[107.42845,15.85766],[107.42839,15.85767],[107.42822,15.85767],[107.42815,15.85769],[107.4281,15.85773],[107.42807,15.85778],[107.42805,15.85784],[107.42802,15.85803],[107.42798,15.8581],[107.4279,15.85816],[107.42775,15.85819],[107.42773,15.8582],[107.42758,15.85822],[107.42753,15.85821],[107.4274,15.85813],[107.42732,15.85814],[107.42725,15.85817],[107.42721,15.85821],[107.42719,15.8583],[107.42721,15.85837],[107.42716,15.85851],[107.42694,15.85872],[107.42687,15.85875],[107.42678,15.85875],[107.42669,15.85872],[107.42664,15.85872],[107.42658,15.85878],[107.42655,15.85883],[107.42655,15.85917],[107.42649,15.85936],[107.42649,15.85937],[107.42648,15.85939],[107.42635,15.85952],[107.42627,15.85958],[107.42607,15.85978],[107.4259,15.85992],[107.42552,15.86048],[107.4255,15.8605],[107.42531,15.86063],[107.42455,15.86102],[107.42454,15.86103],[107.42414,15.86118],[107.42387,15.86131],[107.42372,15.86142],[107.42343,15.86151],[107.42323,15.86152],[107.42318,15.86154],[107.42315,15.86156],[107.4231,15.86164],[107.42301,15.86175],[107.42286,15.86182],[107.42266,15.86181],[107.42246,15.86174],[107.42241,15.86174],[107.42238,15.86173],[107.42219,15.86173],[107.42152,15.86193],[107.42151,15.86194],[107.42121,15.86207],[107.42087,15.86218],[107.42044,15.86218],[107.42041,15.86217],[107.42034,15.86213],[107.42025,15.86206],[107.42017,15.86195],[107.42007,15.86189],[107.41994,15.86186],[107.41965,15.86192],[107.41951,15.86199],[107.41938,15.86213],[107.41926,15.86231],[107.41893,15.86267],[107.4188,15.8629],[107.41879,15.86291],[107.41872,15.86304],[107.41869,15.86325],[107.4186,15.86354],[107.41838,15.86378],[107.41819,15.86386],[107.41772,15.86398],[107.41748,15.86395],[107.41722,15.86387],[107.41704,15.86384],[107.41676,15.86384],[107.41637,15.86398],[107.416,15.86435],[107.41553,15.86456],[107.41521,15.86474],[107.41484,15.8652],[107.41474,15.86537],[107.41469,15.86543],[107.41464,15.86552],[107.41447,15.86574],[107.41434,15.866],[107.41414,15.86613],[107.41389,15.86619],[107.41341,15.86609],[107.41299,15.86597],[107.41295,15.86595],[107.41289,15.8659],[107.41262,15.86575],[107.41202,15.86559],[107.41151,15.86537],[107.41139,15.86529],[107.4113,15.86518],[107.41125,15.86504],[107.41122,15.86502],[107.41111,15.86491],[107.41095,15.86485],[107.41024,15.86474],[107.41014,15.86476],[107.41004,15.86481],[107.40995,15.8649],[107.40993,15.86491],[107.40961,15.86525],[107.40953,15.86541],[107.40952,15.86589],[107.40949,15.86601],[107.4094,15.86611],[107.4093,15.86619],[107.40915,15.86624],[107.40896,15.86627],[107.40888,15.86625],[107.40851,15.8662],[107.40849,15.86619],[107.4082,15.86612],[107.40802,15.86602],[107.40799,15.86601],[107.40768,15.86584],[107.40752,15.86572],[107.40743,15.86567],[107.40726,15.86551],[107.40689,15.86534],[107.40667,15.86521],[107.40629,15.86491],[107.40618,15.86469],[107.40606,15.86452],[107.40575,15.86435],[107.40557,15.86428],[107.40543,15.86417],[107.40497,15.86403],[107.40485,15.86396],[107.40462,15.86394],[107.40437,15.86399],[107.40416,15.86409],[107.40379,15.86437],[107.40366,15.8644],[107.40354,15.86439],[107.4033,15.86425],[107.40316,15.86413],[107.40307,15.86397],[107.40307,15.86396],[107.4029,15.86382],[107.40278,15.86374],[107.40278,15.86373],[107.40275,15.86372],[107.40273,15.86372],[107.4027,15.86373],[107.40251,15.86397],[107.40243,15.86403],[107.40233,15.86405],[107.40221,15.86403],[107.40205,15.86394],[107.40191,15.86388],[107.40186,15.86388],[107.40159,15.86393],[107.40146,15.864],[107.40098,15.86416],[107.39892,15.86397],[107.39795,15.86383],[107.39747,15.86354],[107.39598,15.86291],[107.39591,15.86289],[107.39557,15.86286],[107.3953,15.86279],[107.39479,15.8625],[107.39478,15.86248],[107.39382,15.86139],[107.39364,15.86088],[107.3935,15.86065],[107.39345,15.8604],[107.39344,15.86006],[107.39337,15.85987],[107.39331,15.85979],[107.39321,15.85974],[107.3932,15.85973],[107.39309,15.85971],[107.39294,15.85971],[107.39267,15.8598],[107.39253,15.85992],[107.39247,15.85995],[107.39235,15.85997],[107.39228,15.85996],[107.39216,15.85991],[107.39167,15.85965],[107.39142,15.85956],[107.39111,15.85956],[107.39096,15.8596],[107.39066,15.85965],[107.3905,15.8596],[107.39027,15.85947],[107.39026,15.85947],[107.39012,15.85935],[107.38996,15.85925],[107.38961,15.85908],[107.38939,15.85893],[107.38929,15.85875],[107.38925,15.85859],[107.38925,15.85838],[107.38914,15.85811],[107.38902,15.85799],[107.38897,15.85788],[107.38889,15.85762],[107.38878,15.85745],[107.38869,15.85718],[107.38854,15.8569],[107.38834,15.85659],[107.38834,15.85658],[107.38822,15.85634],[107.38823,15.85606],[107.38831,15.85589],[107.38833,15.85567],[107.38848,15.8552],[107.3885,15.85497],[107.38857,15.85479],[107.38862,15.85453],[107.38871,15.85424],[107.38868,15.8538],[107.3886,15.8535],[107.38849,15.85339],[107.38837,15.85334],[107.38824,15.85331],[107.38809,15.85332],[107.38793,15.85339],[107.38783,15.85346],[107.38775,15.85348],[107.38768,15.85346],[107.38754,15.85336],[107.38745,15.8532],[107.3874,15.85304],[107.38737,15.85288],[107.38739,15.85234],[107.38742,15.85213],[107.38777,15.85151],[107.38779,15.85123],[107.38767,15.85095],[107.38762,15.85092],[107.38758,15.85088],[107.38718,15.85059],[107.38701,15.85051],[107.38686,15.85051],[107.38677,15.85048],[107.38677,15.85047],[107.38671,15.85042],[107.3867,15.85038],[107.38667,15.85032],[107.38666,15.85009],[107.38663,15.85003],[107.38655,15.84992],[107.38641,15.84982],[107.38625,15.84976],[107.38614,15.84968],[107.38607,15.84958],[107.38607,15.84957],[107.38605,15.84953],[107.38603,15.84946],[107.38606,15.84932],[107.38615,15.8492],[107.38629,15.84909],[107.38645,15.84899],[107.38659,15.8488],[107.38661,15.84873],[107.38661,15.84867],[107.3866,15.84865],[107.38659,15.84858],[107.38654,15.84852],[107.38653,15.84852],[107.38647,15.84849],[107.38612,15.8485],[107.386,15.84848],[107.38587,15.84843],[107.38578,15.84837],[107.38564,15.84832],[107.38536,15.84831],[107.38534,15.84829],[107.38529,15.84826],[107.38515,15.84803],[107.38498,15.84789],[107.38496,15.84788],[107.38488,15.84777],[107.38483,15.84757],[107.38473,15.84735],[107.38456,15.8472],[107.38439,15.84702],[107.3843,15.84685],[107.38419,15.8467],[107.38402,15.84653],[107.38394,15.84636],[107.38388,15.84613],[107.38358,15.84577],[107.38346,15.84558],[107.38338,15.8452],[107.38329,15.84493],[107.3833,15.84465],[107.38331,15.84461],[107.38333,15.84433],[107.38328,15.84397],[107.38302,15.84362],[107.38269,15.84307],[107.38243,15.84251],[107.38237,15.84216],[107.38236,15.84214],[107.38236,15.84208],[107.38228,15.84158],[107.38235,15.84104],[107.38239,15.84047],[107.3822,15.83993],[107.38179,15.83919],[107.38172,15.83889],[107.38171,15.83887],[107.38168,15.83873],[107.38175,15.83854],[107.38175,15.83852],[107.38193,15.83827],[107.382,15.83799],[107.382,15.83749],[107.38207,15.83702],[107.382,15.83609],[107.38183,15.83531],[107.38164,15.83493],[107.38129,15.83468],[107.3805,15.83419],[107.38014,15.83403],[107.37952,15.83396],[107.37904,15.83374],[107.37902,15.83374],[107.37837,15.83321],[107.37835,15.8332],[107.37833,15.83316],[107.37801,15.8327],[107.37778,15.83221],[107.37771,15.8318],[107.37741,15.83102],[107.37741,15.8306],[107.37782,15.82954],[107.378,15.82922],[107.378,15.8292],[107.37817,15.82892],[107.37818,15.82851],[107.3781,15.82794],[107.37782,15.82707],[107.3778,15.82659],[107.37795,15.82614],[107.37799,15.82591],[107.37799,15.82585],[107.37795,15.82562],[107.37782,15.82536],[107.37751,15.82499],[107.3774,15.82488],[107.37735,15.82475],[107.37733,15.82461],[107.37746,15.82411],[107.37744,15.82378],[107.37737,15.82327],[107.37741,15.82222],[107.37738,15.822],[107.3774,15.82177],[107.37722,15.82102],[107.37682,15.82011],[107.37668,15.81989],[107.37651,15.81957],[107.37651,15.81956],[107.37643,15.81941],[107.37641,15.81935],[107.37641,15.8193],[107.37642,15.81927],[107.37645,15.81923],[107.37647,15.81922],[107.37651,15.81922],[107.37662,15.81919],[107.37675,15.81918],[107.37686,15.8192],[107.37709,15.81916],[107.37728,15.8192],[107.37762,15.81916],[107.37772,15.81908],[107.37782,15.81904],[107.37791,15.81905],[107.37798,15.81908],[107.37805,15.81916],[107.37815,15.81923],[107.3783,15.81926],[107.37847,15.81924],[107.37863,15.81915],[107.37887,15.81874],[107.37887,15.81863],[107.37897,15.81839],[107.37894,15.81831],[107.37893,15.8183],[107.37891,15.81825],[107.37867,15.81807],[107.37815,15.81782],[107.37814,15.81782],[107.37788,15.8176],[107.37772,15.81732],[107.37767,15.8172],[107.37759,15.8171],[107.37724,15.81714],[107.37707,15.8171],[107.37698,15.81695],[107.37685,15.81683],[107.37684,15.81683],[107.37682,15.81682],[107.37669,15.8168],[107.3765,15.81689],[107.37649,15.81689],[107.37593,15.81725],[107.37581,15.81728],[107.37568,15.81723],[107.37542,15.81698],[107.3754,15.81697],[107.37533,15.81691],[107.37453,15.81677],[107.37407,15.81681],[107.37342,15.81667],[107.3734,15.81667],[107.37308,15.81656],[107.37279,15.81658],[107.3727,15.81661],[107.37269,15.81662],[107.37268,15.81662],[107.37259,15.81665],[107.3725,15.81664],[107.37245,15.8166],[107.37243,15.81652],[107.37244,15.81651],[107.37246,15.81638],[107.37254,15.81617],[107.37254,15.81616],[107.37261,15.81598],[107.3727,15.81584],[107.37271,15.81575],[107.3727,15.8157],[107.37268,15.81566],[107.37267,15.81565],[107.37261,15.81554],[107.37257,15.81542],[107.37257,15.81531],[107.37258,15.81528],[107.37258,15.81509],[107.3725,15.81483],[107.37247,15.81479],[107.37229,15.81462],[107.3722,15.81457],[107.37219,15.81456],[107.37202,15.81448],[107.37188,15.81444],[107.3711,15.81429],[107.37103,15.81426],[107.3709,15.81412],[107.37071,15.81396],[107.37052,15.8139],[107.37051,15.81389],[107.36906,15.81354],[107.36885,15.81351],[107.36869,15.81355],[107.36863,15.81359],[107.36858,15.81364],[107.36839,15.81391],[107.36819,15.81409],[107.36807,15.81415],[107.36791,15.81419],[107.36784,15.81418],[107.36774,15.81418],[107.3676,15.81414],[107.36751,15.81406],[107.36734,15.81394],[107.36727,15.81387],[107.36723,15.81376],[107.36713,15.8132],[107.36713,15.81306],[107.3671,15.81289],[107.36706,15.81278],[107.36702,15.81272],[107.36695,15.81265],[107.36691,15.81263],[107.36684,15.81262],[107.36673,15.81265],[107.36668,15.81273],[107.36665,15.81281],[107.36661,15.81337],[107.36656,15.81355],[107.36629,15.81385],[107.36605,15.81404],[107.36578,15.81414],[107.36541,15.81421],[107.36516,15.81422],[107.36485,15.8142],[107.36481,15.81419],[107.36444,15.81426],[107.36418,15.81435],[107.36404,15.81436],[107.3639,15.81435],[107.36375,15.81428],[107.36365,15.81415],[107.36364,15.81415],[107.3636,15.81398],[107.3636,15.81364],[107.36358,15.81344],[107.36349,15.81328],[107.36313,15.81294],[107.3631,15.8129],[107.36304,15.81285],[107.36294,15.8128],[107.36293,15.81279],[107.36275,15.81275],[107.36266,15.81275],[107.36254,15.8128],[107.36245,15.8129],[107.36234,15.81325],[107.36231,15.81342],[107.36222,15.81372],[107.36211,15.81395],[107.36193,15.81424],[107.36162,15.81458],[107.36152,15.81466],[107.3609,15.81495],[107.36016,15.8154],[107.3601,15.81545],[107.35999,15.81557],[107.35997,15.81558],[107.35987,15.81568],[107.35978,15.81574],[107.35963,15.81587],[107.35943,15.81601],[107.35941,15.81605],[107.35937,15.8161],[107.35933,15.81619],[107.35933,15.81621],[107.35931,15.81627],[107.35929,15.81657],[107.35923,15.81696],[107.35924,15.817],[107.35931,15.81708],[107.35939,15.81713],[107.36003,15.81728],[107.36029,15.81731],[107.36041,15.81738],[107.36048,15.81747],[107.36054,15.81767],[107.36053,15.81821],[107.36055,15.81843],[107.3607,15.81879],[107.36075,15.81887],[107.36077,15.81888],[107.36082,15.81893],[107.36093,15.81896],[107.3611,15.81897],[107.36117,15.81899],[107.36123,15.81903],[107.36137,15.81918],[107.3614,15.8192],[107.36145,15.81922],[107.36155,15.81922],[107.36173,15.81926],[107.36176,15.81928],[107.36182,15.81935],[107.36184,15.81952],[107.36194,15.81971],[107.3622,15.8199],[107.36221,15.81994],[107.36221,15.82002],[107.36219,15.82009],[107.36209,15.82029],[107.36202,15.8204],[107.36193,15.82046],[107.36178,15.8205],[107.36167,15.82051],[107.36155,15.8205],[107.36097,15.82021],[107.36031,15.81973],[107.36018,15.81966],[107.36007,15.81962],[107.35998,15.81956],[107.35995,15.81955],[107.35979,15.81945],[107.35958,15.8194],[107.35946,15.81939],[107.35926,15.81934],[107.35914,15.81929],[107.35911,15.81927],[107.35902,15.81924],[107.35897,15.81924],[107.35894,15.81925],[107.3589,15.81928],[107.35875,15.81945],[107.35865,15.81948],[107.35847,15.81948],[107.35828,15.81945],[107.35794,15.81932],[107.35775,15.81929],[107.35759,15.81929],[107.35668,15.81951],[107.35666,15.81952],[107.3566,15.81953],[107.3565,15.81958],[107.35643,15.81965],[107.35641,15.81969],[107.35641,15.81977],[107.35642,15.81982],[107.35647,15.81994],[107.35653,15.82003],[107.35718,15.82075],[107.35725,15.82088],[107.35725,15.82104],[107.35721,15.82129],[107.3571,15.82147],[107.35686,15.82166],[107.35677,15.82182],[107.35677,15.82183],[107.35667,15.82198],[107.35603,15.82249],[107.35591,15.82256],[107.35577,15.82261],[107.35531,15.82269],[107.35527,15.82271],[107.35524,15.82274],[107.35523,15.82274],[107.35521,15.82277],[107.35519,15.82282],[107.3552,15.82292],[107.3554,15.82335],[107.35543,15.82344],[107.35542,15.82359],[107.35521,15.82436],[107.35507,15.82461],[107.35495,15.82475],[107.35481,15.82485],[107.35449,15.82493],[107.35438,15.825],[107.35431,15.82507],[107.35421,15.8252],[107.35413,15.82536],[107.35406,15.8256],[107.35404,15.82573],[107.35404,15.82601],[107.35403,15.82609],[107.35403,15.82626],[107.354,15.82653],[107.35397,15.8266],[107.35385,15.82675],[107.35357,15.82702],[107.35346,15.82709],[107.35343,15.82713],[107.35317,15.82761],[107.35316,15.82761],[107.35307,15.82776],[107.35278,15.82807],[107.35268,15.82815],[107.35267,15.82815],[107.35253,15.82827],[107.3522,15.82842],[107.35207,15.82846],[107.35187,15.82859],[107.35177,15.82863],[107.35177,15.82864],[107.35162,15.82872],[107.35124,15.82903],[107.35115,15.82919],[107.35104,15.82949],[107.35075,15.83046],[107.35061,15.83121],[107.35065,15.83135],[107.35066,15.83135],[107.35068,15.83141],[107.35078,15.83159],[107.35101,15.83191],[107.35119,15.83211],[107.35165,15.83249],[107.3517,15.83255],[107.35173,15.83263],[107.35175,15.83276],[107.35167,15.83291],[107.35142,15.83315],[107.35128,15.83331],[107.3512,15.83343],[107.35119,15.83343],[107.35103,15.83356],[107.35099,15.83362],[107.35098,15.83366],[107.35104,15.83397],[107.351,15.83414],[107.35094,15.83424],[107.35079,15.83436],[107.35057,15.83445],[107.35038,15.83447],[107.35001,15.8344],[107.34963,15.83441],[107.34937,15.83447],[107.3492,15.83453],[107.34909,15.83454],[107.34896,15.83452],[107.34887,15.83448],[107.34879,15.83442],[107.3487,15.83429],[107.34868,15.83423],[107.34866,15.8342],[107.34861,15.83404],[107.3486,15.83317],[107.34864,15.83303],[107.34884,15.83276],[107.34889,15.83254],[107.3489,15.83252],[107.34893,15.83227],[107.34892,15.83219],[107.3489,15.83212],[107.34889,15.83212],[107.34885,15.83205],[107.34881,15.83201],[107.34871,15.83198],[107.34859,15.83201],[107.34838,15.8321],[107.34835,15.8321],[107.3483,15.83208],[107.34827,15.83203],[107.34814,15.8319],[107.34791,15.83174],[107.3478,15.83157],[107.34761,15.83104],[107.3475,15.83041],[107.34756,15.83015],[107.34756,15.83011],[107.34757,15.83008],[107.34754,15.82993],[107.34754,15.8299],[107.3475,15.8298],[107.3475,15.82979],[107.34724,15.82928],[107.3472,15.82912],[107.34721,15.82881],[107.3472,15.82873],[107.34711,15.82859],[107.34709,15.82848],[107.34709,15.82831],[107.34725,15.82795],[107.34725,15.82791],[107.34724,15.82786],[107.34722,15.82782],[107.34718,15.82778],[107.34713,15.82775],[107.34707,15.82774],[107.34698,15.82776],[107.34694,15.82779],[107.34686,15.8279],[107.34683,15.82801],[107.34666,15.82908],[107.34665,15.8291],[107.34657,15.82954],[107.34657,15.82983],[107.34655,15.82999],[107.34644,15.83017],[107.34617,15.83044],[107.3458,15.83136],[107.34562,15.83152],[107.34551,15.83157],[107.34541,15.83157],[107.3453,15.8316],[107.34509,15.83174],[107.345,15.83175],[107.34492,15.83174],[107.34465,15.83165],[107.34433,15.83169],[107.34419,15.83179],[107.34383,15.8323],[107.34368,15.83241],[107.34357,15.83243],[107.34331,15.8326],[107.34308,15.8328],[107.34296,15.83284],[107.34254,15.83284],[107.34232,15.8329],[107.34229,15.83292],[107.34223,15.83298],[107.34218,15.8331],[107.34212,15.83342],[107.34206,15.83358],[107.34198,15.83366],[107.34189,15.83371],[107.34178,15.83379],[107.34173,15.83384],[107.34172,15.83384],[107.34167,15.83392],[107.34165,15.834],[107.3416,15.83411],[107.34159,15.83412],[107.34155,15.8342],[107.34147,15.83426],[107.34138,15.83429],[107.3412,15.83428],[107.34075,15.83416],[107.34012,15.83412],[107.34001,15.83407],[107.34,15.83407],[107.33998,15.83404],[107.33997,15.83399],[107.33997,15.8339],[107.34003,15.83374],[107.34003,15.83373],[107.34008,15.83365],[107.34016,15.83326],[107.34016,15.83322],[107.3401,15.83286],[107.34,15.83251],[107.33998,15.83248],[107.33993,15.8323],[107.33987,15.83218],[107.3398,15.8321],[107.33974,15.83205],[107.33972,15.83204],[107.33956,15.83201],[107.33933,15.83206],[107.33929,15.83206],[107.33884,15.83239],[107.33874,15.83248],[107.3386,15.83251],[107.33856,15.8325],[107.33823,15.83231],[107.3382,15.8323],[107.33797,15.83204],[107.33789,15.83198],[107.33782,15.83195],[107.33774,15.83195],[107.33769,15.83196],[107.33765,15.83198],[107.33751,15.83202],[107.33725,15.83218],[107.33707,15.83236],[107.33693,15.83247],[107.3368,15.83253],[107.33676,15.83254],[107.33676,15.83255],[107.33671,15.83254],[107.33667,15.83252],[107.33664,15.83248],[107.33657,15.83242],[107.33646,15.83222],[107.33639,15.83218],[107.33636,15.83217],[107.33605,15.83223],[107.33585,15.8322],[107.33556,15.83219],[107.33529,15.83212],[107.33525,15.8321],[107.33511,15.83207],[107.33507,15.83205],[107.33471,15.83196],[107.33453,15.83194],[107.33445,15.83197],[107.33443,15.83201],[107.33442,15.83202],[107.33441,15.83205],[107.33442,15.8322],[107.33444,15.83229],[107.33455,15.83247],[107.33494,15.833],[107.33499,15.83312],[107.33498,15.83322],[107.33495,15.83329],[107.33481,15.83341],[107.33477,15.83343],[107.33477,15.83344],[107.33462,15.83353],[107.33444,15.83358],[107.33428,15.83359],[107.33405,15.83358],[107.33347,15.8334],[107.33214,15.83258],[107.33211,15.83255],[107.33209,15.83254],[107.33199,15.83239],[107.33185,15.83194],[107.3318,15.83171],[107.33171,15.83152],[107.33165,15.83143],[107.33162,15.8314],[107.3316,15.83136],[107.33147,15.83123],[107.33116,15.83113],[107.33079,15.83114],[107.33074,15.83115],[107.33042,15.83115],[107.33027,15.83111],[107.3296,15.83068],[107.32935,15.83058],[107.32919,15.83057],[107.32909,15.83053],[107.32909,15.83052],[107.32902,15.83042],[107.32902,15.8304],[107.329,15.83037],[107.32899,15.83034],[107.32899,15.83026],[107.32902,15.83018],[107.32905,15.83014],[107.32937,15.82984],[107.32937,15.82983],[107.32964,15.82937],[107.3298,15.82893],[107.33005,15.82845],[107.33008,15.82828],[107.33005,15.82822],[107.33003,15.82821],[107.32998,15.8282],[107.32979,15.82824],[107.32944,15.82844],[107.32937,15.82851],[107.32933,15.82853],[107.32899,15.82882],[107.32879,15.82904],[107.32864,15.8291],[107.32863,15.82911],[107.3276,15.82943],[107.32757,15.82945],[107.32736,15.82954],[107.32723,15.82958],[107.32716,15.82959],[107.3271,15.82958],[107.32698,15.82951],[107.32691,15.82944],[107.32687,15.82937],[107.32687,15.8293],[107.32686,15.82926],[107.32684,15.82886],[107.32692,15.82866],[107.32692,15.82859],[107.32693,15.82855],[107.32696,15.82819],[107.32695,15.8281],[107.32692,15.82807],[107.3269,15.82806],[107.32687,15.82806],[107.32677,15.8281],[107.32639,15.82819],[107.32619,15.82819],[107.32606,15.82822],[107.32588,15.82834],[107.32587,15.82836],[107.32574,15.82849],[107.3257,15.82851],[107.32568,15.82853],[107.32563,15.82855],[107.3256,15.82855],[107.32556,15.82854],[107.32551,15.8285],[107.32537,15.82835],[107.32531,15.82835],[107.32525,15.82837],[107.32514,15.82847],[107.32508,15.8285],[107.32495,15.82854],[107.32485,15.82859],[107.32476,15.82867],[107.32471,15.82878],[107.32469,15.82893],[107.32479,15.82924],[107.32482,15.82929],[107.32486,15.82939],[107.32492,15.82964],[107.32496,15.82973],[107.32501,15.82979],[107.32505,15.82986],[107.32519,15.82999],[107.32533,15.83041],[107.32543,15.8306],[107.32546,15.83071],[107.32544,15.83081],[107.32535,15.83094],[107.32523,15.83104],[107.32512,15.83106],[107.32504,15.83106],[107.32492,15.831],[107.32472,15.83081],[107.32444,15.83064],[107.32422,15.83053],[107.32358,15.8303],[107.32357,15.83029],[107.32321,15.83027],[107.32293,15.83016],[107.32278,15.83018],[107.32251,15.83029],[107.3224,15.8303],[107.32179,15.8301],[107.32119,15.82986],[107.321,15.82973],[107.32083,15.82957],[107.3207,15.82949],[107.32067,15.82949],[107.32063,15.82948],[107.32059,15.82948],[107.32048,15.8295],[107.32011,15.82967],[107.32004,15.82968],[107.31995,15.82967],[107.3199,15.82965],[107.31987,15.82962],[107.31984,15.82956],[107.31983,15.82955],[107.31984,15.82952],[107.31984,15.82947],[107.31988,15.82939],[107.31989,15.82935],[107.31999,15.82915],[107.31999,15.829],[107.31992,15.82865],[107.31984,15.82854],[107.31983,15.82851],[107.31973,15.8284],[107.31952,15.82829],[107.31913,15.82821],[107.31898,15.8282],[107.31885,15.82812],[107.31853,15.82755],[107.31845,15.82746],[107.31838,15.82743],[107.31819,15.82741],[107.3181,15.82738],[107.3181,15.82737],[107.31758,15.82692],[107.31745,15.82685],[107.31741,15.82685],[107.31737,15.82684],[107.31726,15.82689],[107.31723,15.82695],[107.31722,15.82696],[107.31717,15.82713],[107.31706,15.82729],[107.31696,15.82735],[107.31695,15.82735],[107.31673,15.82744],[107.31651,15.82771],[107.31624,15.82796],[107.31599,15.82814],[107.31586,15.82828],[107.3158,15.82844],[107.31579,15.8285],[107.31579,15.82868],[107.31577,15.82884],[107.3157,15.82896],[107.31558,15.82905],[107.31544,15.82913],[107.31534,15.82925],[107.31533,15.82932],[107.31534,15.82939],[107.31534,15.82956],[107.31535,15.82957],[107.31536,15.8297],[107.31539,15.82977],[107.31545,15.82981],[107.31555,15.8299],[107.31583,15.83],[107.316,15.83003],[107.3162,15.83014],[107.31621,15.83014],[107.31644,15.83037],[107.31652,15.83059],[107.31654,15.8307],[107.31653,15.83081],[107.31647,15.83091],[107.31641,15.83097],[107.31624,15.8311],[107.31564,15.83134],[107.31556,15.8314],[107.31549,15.83154],[107.31544,15.83172],[107.3154,15.83194],[107.31524,15.83221],[107.31523,15.83238],[107.31524,15.83254],[107.31559,15.83312],[107.31563,15.83328],[107.31563,15.83339],[107.3156,15.83345],[107.31552,15.83354],[107.31539,15.83361],[107.31529,15.83363],[107.31522,15.83363],[107.31504,15.83358],[107.31466,15.83327],[107.31444,15.83315],[107.31414,15.83312],[107.314,15.83312],[107.31371,15.83322],[107.31361,15.83327],[107.31347,15.83327],[107.31304,15.83312],[107.31289,15.83311],[107.31278,15.83313],[107.31259,15.83322],[107.31231,15.8334],[107.312,15.83368],[107.3119295996246,15.83388480105561],[107.311828702194,15.83399565717489],[107.3116892035781,15.83419814619386],[107.3115785026047,15.83441853228076],[107.3115022830293,15.83453325393358],[107.3113689073076,15.83449914003546],[107.3112810578615,15.83442874478494],[107.3112125345391,15.83434105640371],[107.3111819697925,15.83418442497699],[107.3111718271945,15.83401481034506],[107.3111598630079,15.83381769694533],[107.3111144252073,15.83341220569634],[107.3110284621306,15.83316996075674],[107.3109901181944,15.83282939775948],[107.3109395719055,15.83266904697903],[107.3108388302801,15.83240674423066],[107.3107368607591,15.83226508151053],[107.3106485324797,15.83212397688836],[107.3105925983588,15.83195509697457],[107.3104729020268,15.83183504184341],[107.3103427140216,15.83170305267341],[107.3101075504142,15.83170651202573],[107.3098842033079,15.83171316715668],[107.3097399342683,15.83172663922291],[107.30962,15.83171],[107.30958,15.83171],[107.30922,15.83179],[107.3084,15.83192],[107.30794,15.83204],[107.30777,15.83207],[107.30766,15.83211],[107.30738,15.83213],[107.30688,15.83205],[107.30673,15.83208],[107.30575,15.83244],[107.30555,15.83247],[107.30525,15.83242],[107.30514,15.83236],[107.30476,15.83209],[107.30467,15.83204],[107.30451,15.832],[107.3044,15.83201],[107.3043,15.83208],[107.30424,15.83214],[107.30419,15.83226],[107.3041,15.83242],[107.30398,15.83254],[107.30379,15.83261],[107.30378,15.83261],[107.3034,15.83275],[107.30338,15.83275],[107.30297,15.8329],[107.30239,15.83305],[107.3022,15.83307],[107.30195,15.83306],[107.30138,15.83297],[107.3013,15.83297],[107.30119,15.83301],[107.30105,15.83311],[107.30076,15.83328],[107.30025,15.83372],[107.2998,15.83433],[107.29967,15.83446],[107.29954,15.83451],[107.29894,15.83462],[107.2989,15.83462],[107.2988,15.83468],[107.29869,15.83481],[107.29848,15.83497],[107.2981,15.8351],[107.2979,15.83508],[107.29769,15.83501],[107.29744,15.83496],[107.29686,15.8348],[107.29639,15.83482],[107.29521,15.83448],[107.29521,15.83447],[107.29461,15.83436],[107.29432,15.8342],[107.29412,15.83411],[107.29404,15.8341],[107.29401,15.83409],[107.29385,15.8341],[107.29361,15.83409],[107.29342,15.83414],[107.29248,15.83457],[107.29247,15.83457],[107.29229,15.83464],[107.29228,15.83464],[107.29215,15.83472],[107.29205,15.83481],[107.29201,15.83486],[107.29192,15.83502],[107.29178,15.83522],[107.29154,15.83541],[107.29038,15.83596],[107.29037,15.83596],[107.29004,15.83612],[107.29003,15.83612],[107.28968,15.83638],[107.28957,15.83642],[107.28941,15.83643],[107.28886,15.83632],[107.28868,15.83626],[107.28865,15.83624],[107.2886,15.83622],[107.28845,15.83611],[107.28823,15.83604],[107.28805,15.83603],[107.28786,15.83606],[107.28747,15.83623],[107.28746,15.83624],[107.28701,15.83645],[107.28675,15.83652],[107.28675,15.83653],[107.28625,15.83653],[107.28623,15.83652],[107.28547,15.83634],[107.28426,15.83618],[107.28365,15.83588],[107.28355,15.8358],[107.28351,15.83573],[107.28349,15.83565],[107.28348,15.83563],[107.28362,15.83457],[107.28379,15.83373],[107.28373,15.83347],[107.28371,15.83326],[107.28362,15.83281],[107.28351,15.83268],[107.28334,15.83253],[107.28308,15.83238],[107.28283,15.83228],[107.28225,15.83214],[107.28171,15.83192],[107.28159,15.83184],[107.2814,15.83176],[107.28124,15.83174],[107.28083,15.83182],[107.28083,15.83181],[107.28068,15.83181],[107.28056,15.83175],[107.28043,15.83163],[107.28037,15.8315],[107.28035,15.83137],[107.28037,15.83115],[107.28039,15.83112],[107.28044,15.83097],[107.2805,15.8306],[107.2805,15.83041],[107.28047,15.83035],[107.28045,15.83033],[107.28044,15.83033],[107.2804,15.83031],[107.28015,15.83024],[107.28008,15.83023],[107.28,15.8302],[107.27942,15.82988],[107.27926,15.82984],[107.27921,15.82984],[107.27917,15.82985],[107.27913,15.82987],[107.27913,15.82988],[107.27909,15.82991],[107.27883,15.83018],[107.27872,15.83025],[107.27868,15.83026],[107.27863,15.83026],[107.27854,15.83024],[107.27809,15.83],[107.278,15.82997],[107.27776,15.82996],[107.2772,15.83004],[107.27689,15.83013],[107.27642,15.83022],[107.27613,15.83034],[107.27563,15.83045],[107.2756,15.83045],[107.27544,15.83049],[107.27526,15.83058],[107.2752,15.83064],[107.27507,15.83074],[107.27495,15.83078],[107.27485,15.83077],[107.27426,15.83047],[107.27414,15.83036],[107.27408,15.83027],[107.27407,15.83022],[107.27404,15.83015],[107.27392,15.82967],[107.27392,15.82962],[107.2739,15.82952],[107.27391,15.82921],[107.27413,15.82893],[107.27427,15.82853],[107.27438,15.82835],[107.27465,15.82805],[107.27466,15.82794],[107.27463,15.82784],[107.27455,15.82767],[107.27452,15.82753],[107.27453,15.82744],[107.27456,15.82737],[107.27471,15.82711],[107.27494,15.82681],[107.27498,15.82674],[107.27503,15.82668],[107.27505,15.82661],[107.27501,15.82651],[107.27481,15.8263],[107.27467,15.82618],[107.27465,15.82615],[107.27454,15.82606],[107.27439,15.82601],[107.27417,15.82596],[107.27403,15.82595],[107.27393,15.82593],[107.27384,15.82585],[107.27382,15.82584],[107.27372,15.8257],[107.2736,15.82557],[107.27359,15.82555],[107.2735,15.8255],[107.27344,15.8255],[107.27339,15.82551],[107.27321,15.82565],[107.27314,15.82567],[107.27303,15.82565],[107.27295,15.8256],[107.2729,15.82555],[107.27285,15.82547],[107.27278,15.82532],[107.27276,15.82511],[107.27282,15.82471],[107.27287,15.82455],[107.27296,15.82443],[107.27307,15.82432],[107.27312,15.82424],[107.27314,15.82417],[107.27313,15.8241],[107.273,15.82384],[107.27283,15.82356],[107.27243,15.82315],[107.27228,15.82304],[107.27187,15.82291],[107.27183,15.82289],[107.27175,15.82283],[107.27165,15.82263],[107.27134,15.82218],[107.27114,15.82195],[107.27088,15.82176],[107.27084,15.8217],[107.27074,15.82126],[107.2706,15.82093],[107.27059,15.82064],[107.27062,15.82039],[107.27073,15.8202],[107.27138,15.81964],[107.27149,15.81952],[107.2716,15.81945],[107.27178,15.81944],[107.27215,15.81951],[107.2723,15.81951],[107.27243,15.81948],[107.27278,15.81933],[107.27305,15.81899],[107.27314,15.81882],[107.27323,15.81872],[107.27328,15.8187],[107.27334,15.8187],[107.27341,15.81872],[107.27395,15.81918],[107.27406,15.81924],[107.27425,15.81928],[107.27474,15.81915],[107.2749,15.81909],[107.27504,15.81901],[107.27515,15.81892],[107.2752,15.81886],[107.27521,15.81882],[107.27522,15.81881],[107.27522,15.81875],[107.2752,15.81865],[107.27516,15.81858],[107.27509,15.81851],[107.27496,15.81842],[107.27483,15.81838],[107.27458,15.81833],[107.27387,15.81794],[107.27333,15.81768],[107.2729,15.81755],[107.27289,15.81754],[107.27277,15.81747],[107.27274,15.81744],[107.27236,15.8172],[107.27187,15.81715],[107.27164,15.81709],[107.27148,15.81696],[107.27133,15.81674],[107.2709,15.81582],[107.27061,15.81471],[107.27061,15.81469],[107.27044,15.81424],[107.27031,15.81377],[107.27027,15.81333],[107.27014,15.81303],[107.27015,15.81295],[107.27018,15.81287],[107.27021,15.81283],[107.27034,15.81278],[107.27039,15.81278],[107.27057,15.81285],[107.27071,15.81293],[107.27085,15.81298],[107.27098,15.81297],[107.27139,15.81282],[107.27151,15.81275],[107.2716,15.81267],[107.2716,15.81266],[107.27164,15.81259],[107.27165,15.81256],[107.27165,15.81252],[107.27162,15.81236],[107.27157,15.81219],[107.27155,15.81215],[107.2715,15.81211],[107.27139,15.81206],[107.27138,15.81205],[107.27094,15.81198],[107.27079,15.81193],[107.27071,15.81183],[107.27069,15.81172],[107.27075,15.81157],[107.27076,15.81136],[107.2707,15.81113],[107.27058,15.81093],[107.27043,15.81083],[107.26984,15.81057],[107.26901,15.81047],[107.26887,15.81048],[107.26886,15.81049],[107.26865,15.81055],[107.26828,15.81077],[107.26797,15.81088],[107.26743,15.81099],[107.26722,15.81099],[107.26708,15.81094],[107.26683,15.81067],[107.26657,15.81014],[107.26613,15.80941],[107.26551,15.80757],[107.26526,15.80718],[107.26517,15.80687],[107.26523,15.8064],[107.26524,15.80615],[107.26516,15.80595],[107.26502,15.8058],[107.26501,15.80574],[107.26503,15.80518],[107.26498,15.805],[107.2649,15.80484],[107.26459,15.80441],[107.26459,15.80439],[107.2645,15.80418],[107.26441,15.80381],[107.26432,15.80359],[107.26426,15.80336],[107.26396,15.80331],[107.26379,15.80319],[107.26366,15.8032],[107.26365,15.80321],[107.26364,15.80321],[107.26355,15.80326],[107.26345,15.80334],[107.26343,15.80335],[107.26335,15.80335],[107.2632,15.80327],[107.26307,15.80316],[107.26296,15.80311],[107.26259,15.80309],[107.26253,15.80307],[107.26246,15.803],[107.26245,15.80298],[107.26239,15.80275],[107.26238,15.80273],[107.26232,15.80266],[107.26228,15.80263],[107.26219,15.80259],[107.26218,15.80258],[107.26201,15.80249],[107.26177,15.80245],[107.26149,15.80247],[107.26141,15.80244],[107.26133,15.80237],[107.26133,15.80236],[107.26132,15.80235],[107.26129,15.80229],[107.26129,15.80213],[107.26125,15.80189],[107.26115,15.80167],[107.26101,15.80143],[107.26081,15.80122],[107.26065,15.80112],[107.26048,15.80106],[107.26022,15.80105],[107.26002,15.80106],[107.2596,15.80122],[107.25949,15.80125],[107.25948,15.80126],[107.2593,15.80126],[107.25926,15.80125],[107.2591,15.80114],[107.25894,15.80096],[107.25867,15.80053],[107.25862,15.80047],[107.25854,15.8004],[107.25805,15.80015],[107.25767,15.80002],[107.25751,15.79991],[107.25702,15.79966],[107.25655,15.79963],[107.25623,15.79964],[107.25604,15.79967],[107.25571,15.7998],[107.25525,15.80014],[107.25524,15.80016],[107.25514,15.80025],[107.2551,15.80035],[107.25508,15.80045],[107.25512,15.8008],[107.25519,15.80105],[107.25548,15.8015],[107.25556,15.80197],[107.25563,15.80214],[107.25563,15.80224],[107.2556,15.80249],[107.25559,15.80252],[107.25553,15.80303],[107.25552,15.80331],[107.2556,15.80355],[107.2556,15.80356],[107.25562,15.80358],[107.25578,15.80382],[107.25586,15.80391],[107.25586,15.80393],[107.25589,15.80401],[107.25589,15.80404],[107.25588,15.80406],[107.25588,15.80409],[107.25583,15.80417],[107.25583,15.80418],[107.25579,15.80427],[107.25576,15.80438],[107.25575,15.80439],[107.25576,15.80471],[107.25583,15.80488],[107.25591,15.80498],[107.25592,15.805],[107.25592,15.80505],[107.25581,15.80536],[107.2558,15.80537],[107.25566,15.80573],[107.25565,15.80573],[107.25551,15.80621],[107.25551,15.8063],[107.25553,15.80634],[107.25559,15.80641],[107.25568,15.80662],[107.25568,15.8069],[107.25569,15.80693],[107.25569,15.80699],[107.25563,15.80732],[107.25553,15.80763],[107.25553,15.80764],[107.25543,15.80783],[107.25542,15.80798],[107.2555,15.80814],[107.25551,15.80815],[107.25551,15.80819],[107.25549,15.80827],[107.25549,15.80829],[107.25548,15.8083],[107.25536,15.8086],[107.25536,15.80861],[107.25528,15.80882],[107.25515,15.80929],[107.25513,15.80956],[107.25511,15.80967],[107.25501,15.80984],[107.25501,15.80985],[107.25488,15.81],[107.2546,15.81058],[107.25455,15.81079],[107.25454,15.81081],[107.25454,15.81083],[107.25448,15.81098],[107.25448,15.81099],[107.25437,15.81113],[107.25437,15.81114],[107.25422,15.81133],[107.2542,15.81144],[107.25421,15.81161],[107.2542,15.81179],[107.25416,15.81186],[107.2541,15.81192],[107.25406,15.81194],[107.25384,15.81199],[107.25364,15.81208],[107.25364,15.81209],[107.25354,15.8123],[107.25353,15.81231],[107.25339,15.81264],[107.25337,15.81281],[107.25336,15.81284],[107.2534,15.8131],[107.25339,15.81351],[107.2534,15.81366],[107.25342,15.8137],[107.25342,15.81371],[107.25344,15.81373],[107.25348,15.81382],[107.2539,15.81447],[107.25393,15.8145],[107.25393,15.81452],[107.25394,15.81453],[107.25392,15.81465],[107.25391,15.81467],[107.25389,15.81482],[107.25363,15.81543],[107.25362,15.81544],[107.25362,15.81548],[107.25363,15.81548],[107.25363,15.81559],[107.25365,15.81571],[107.25378,15.81618],[107.25379,15.81619],[107.25379,15.81622],[107.2539,15.81648],[107.25401,15.81668],[107.25401,15.81679],[107.25395,15.81695],[107.25388,15.81723],[107.25394,15.8177],[107.25397,15.81777],[107.25406,15.81788],[107.25406,15.81789],[107.25408,15.81791],[107.25408,15.81792],[107.2541,15.81794],[107.25411,15.81796],[107.25412,15.81797],[107.25417,15.81822],[107.25417,15.81827],[107.25415,15.81836],[107.25414,15.81838],[107.25386,15.81869],[107.25386,15.8187],[107.2538,15.81884],[107.2538,15.81889],[107.25382,15.81901],[107.2539,15.81922],[107.25389,15.81935],[107.25388,15.81937],[107.25388,15.81938],[107.25381,15.81947],[107.25361,15.81965],[107.25332,15.81996],[107.25314,15.82024],[107.2531,15.82037],[107.25309,15.82047],[107.25307,15.8205],[107.25307,15.82051],[107.25302,15.8206],[107.25287,15.82071],[107.25247,15.82094],[107.25246,15.82096],[107.25221,15.82116],[107.25206,15.82137],[107.252,15.82151],[107.252,15.82152],[107.25199,15.82154],[107.2517,15.82189],[107.25165,15.82201],[107.25162,15.82216],[107.25162,15.82229],[107.25154,15.82292],[107.25148,15.8244],[107.25147,15.82443],[107.25131,15.82471],[107.25139,15.825],[107.25147,15.82542],[107.2515,15.82547],[107.25182,15.8268],[107.25181,15.827],[107.25184,15.82713],[107.25154,15.828],[107.25149,15.82844]]},"properties":{"name":"DT.606","visibility":false,"styleUrl":"#line-1267FF-5000-nodesc12","stroke-opacity":1,"stroke":"#1267ff","stroke-width":5}},{"type":"Feature","geometry":{"type":"LineString","coordinates":[[108.25466,15.9729],[108.25466,15.97273],[108.25466,15.97189],[108.25465,15.9718],[108.25465,15.97166],[108.25464,15.97147],[108.25466,15.97072],[108.25466,15.97037],[108.25466,15.97033],[108.25466,15.97],[108.25465,15.9695],[108.25465,15.96945],[108.25464,15.96844],[108.25463,15.96741],[108.25463,15.96712],[108.25463,15.96703],[108.25463,15.96677],[108.25464,15.96582],[108.25464,15.96513],[108.25463,15.96464],[108.25461,15.96388],[108.25462,15.96332],[108.25462,15.96262],[108.25462,15.96209],[108.25461,15.96111],[108.25461,15.96107],[108.2546,15.96077],[108.2546,15.9607],[108.2546,15.96046],[108.25461,15.95975],[108.25461,15.95949],[108.2546,15.95892],[108.2546,15.95859],[108.2546,15.95826],[108.25457,15.95668],[108.25457,15.95634],[108.25455,15.95633],[108.25454,15.95632],[108.25453,15.95631],[108.25452,15.9563],[108.25451,15.95629],[108.25451,15.95628],[108.2545,15.95627],[108.25449,15.95626],[108.25449,15.95625],[108.25448,15.95624],[108.25448,15.95622],[108.25447,15.95621],[108.25447,15.9562],[108.25447,15.95619],[108.25447,15.95618],[108.25447,15.95617],[108.25447,15.95616],[108.25447,15.95615],[108.25447,15.95614],[108.25447,15.95612],[108.25447,15.95611],[108.25448,15.9561],[108.25448,15.95609],[108.25448,15.95608],[108.25449,15.95607],[108.2545,15.95606],[108.2545,15.95605],[108.25451,15.95604],[108.25452,15.95603],[108.25453,15.95602],[108.25454,15.95601],[108.25455,15.956],[108.25456,15.95578],[108.25458,15.95564],[108.25459,15.9555],[108.2546,15.95515],[108.2546,15.95503],[108.2546,15.95397],[108.2546,15.95331],[108.2546,15.95262],[108.2546,15.95182],[108.25459,15.9511],[108.25459,15.95],[108.25459,15.94967],[108.25458,15.94902],[108.25457,15.9483],[108.25457,15.94751],[108.25456,15.94687],[108.25455,15.94651],[108.25454,15.94559],[108.25453,15.94458],[108.25452,15.94361],[108.25453,15.94268],[108.25452,15.94228],[108.25452,15.942],[108.25452,15.94176],[108.25453,15.94157],[108.25452,15.94077],[108.2545,15.93907],[108.2545,15.93874],[108.2545,15.93838],[108.25451,15.93781],[108.25447,15.9361],[108.25444,15.93588],[108.25443,15.93578],[108.2544,15.93575],[108.25439,15.93574],[108.25438,15.93572],[108.25437,15.93571],[108.25435,15.93568],[108.25435,15.93567],[108.25435,15.93566],[108.25434,15.93564],[108.25434,15.93563],[108.25434,15.93561],[108.25434,15.9356],[108.25434,15.93558],[108.25435,15.93557],[108.25435,15.93555],[108.25436,15.93553],[108.25437,15.93552],[108.25438,15.93551],[108.25438,15.9355],[108.25439,15.93549],[108.2544,15.93548],[108.25441,15.93547],[108.25442,15.93546],[108.25443,15.93545],[108.25448,15.93487],[108.25447,15.93457],[108.25448,15.93394],[108.25449,15.93375],[108.25449,15.93371],[108.25452,15.93343],[108.25453,15.93338],[108.25459,15.93302],[108.25466,15.93278],[108.25475,15.9325],[108.25476,15.93246],[108.25497,15.93201],[108.2553,15.9313],[108.25535,15.93119],[108.25544,15.93099],[108.25592,15.92996],[108.25604,15.9297],[108.25611,15.92961],[108.25615,15.92957],[108.25644,15.92899],[108.25651,15.92886],[108.25652,15.92884],[108.25662,15.92865],[108.25662,15.92864],[108.25679,15.9284],[108.25681,15.92837],[108.2571,15.92807],[108.25726,15.92789],[108.25733,15.92782],[108.25741,15.92774],[108.25742,15.92773],[108.25761,15.92757],[108.25794,15.92726],[108.25835,15.92687],[108.25898,15.92627],[108.25917,15.92608],[108.25946,15.92581],[108.25958,15.9257],[108.25977,15.92551],[108.25998,15.92531],[108.26003,15.92526],[108.26023,15.92504],[108.26037,15.92487],[108.26056,15.92465],[108.26067,15.92449],[108.26075,15.92439],[108.26091,15.92417],[108.26118,15.92377],[108.26122,15.9237],[108.2614,15.92341],[108.26157,15.92313],[108.26166,15.92301],[108.26207,15.92235],[108.2622,15.92214],[108.26237,15.92187],[108.26254,15.9216],[108.26276,15.92126],[108.26295,15.92097],[108.26305,15.92081],[108.26365,15.91988],[108.26368,15.91983],[108.26427,15.91889],[108.26433,15.91879],[108.26502,15.91774],[108.26512,15.91759],[108.26513,15.91756],[108.26522,15.91742],[108.26531,15.91729],[108.26548,15.91707],[108.26559,15.91691],[108.26575,15.91675],[108.26599,15.91654],[108.26619,15.91639],[108.26635,15.91628],[108.26682,15.91604],[108.26689,15.916],[108.26775,15.91564],[108.26791,15.91558],[108.26822,15.91541],[108.26828,15.91536],[108.26837,15.91529],[108.26853,15.91515],[108.2686,15.91507],[108.26872,15.91492],[108.26896,15.91449],[108.26916,15.91396],[108.26931,15.91362],[108.2695,15.91322],[108.26958,15.91304],[108.26969,15.91281],[108.26981,15.91254],[108.27003,15.91212],[108.27006,15.91205],[108.27013,15.91188],[108.27023,15.91165],[108.27034,15.9114],[108.27047,15.91112],[108.27067,15.91067],[108.27081,15.91034],[108.2709,15.91015],[108.271,15.90986],[108.27112,15.90959],[108.27119,15.90945],[108.27123,15.90938],[108.27129,15.90926],[108.27134,15.90917],[108.2714,15.90908],[108.27146,15.909],[108.27155,15.90887],[108.27166,15.90869],[108.27168,15.90867],[108.27192,15.90838],[108.27195,15.90834],[108.27209,15.90818],[108.27221,15.90806],[108.27246,15.90781],[108.27258,15.90769],[108.27261,15.90764],[108.27277,15.9075],[108.27286,15.90742],[108.27293,15.90736],[108.27315,15.90718],[108.27334,15.90704],[108.27361,15.90688],[108.27392,15.90674],[108.27451,15.9065],[108.27537,15.90628],[108.27586,15.90615],[108.27665,15.90593],[108.27733,15.90574],[108.27768,15.90564],[108.27809,15.90555],[108.27859,15.90542],[108.27873,15.90538],[108.27885,15.90534],[108.279,15.9053],[108.27963,15.90513],[108.27979,15.90509],[108.28,15.90503],[108.28031,15.90495],[108.28043,15.90492],[108.28083,15.9048],[108.28207,15.90446],[108.28253,15.90434],[108.28287,15.90426],[108.28325,15.90414],[108.2834,15.90409],[108.2836,15.90402],[108.28373,15.90398],[108.28378,15.90396],[108.28386,15.90393],[108.28388,15.90392],[108.28395,15.90389],[108.28412,15.9038],[108.28421,15.90373],[108.28424,15.90372],[108.28434,15.90365],[108.28446,15.90356],[108.28457,15.90345],[108.28466,15.90336],[108.28528,15.90267],[108.28545,15.90249],[108.28567,15.90229],[108.28569,15.90227],[108.2858,15.90217],[108.28596,15.90207],[108.2861,15.90199],[108.28619,15.90194],[108.28624,15.90191],[108.28633,15.90187],[108.28648,15.90181],[108.28675,15.90171],[108.28677,15.90171],[108.28693,15.90167],[108.28721,15.90159],[108.28801,15.90136],[108.289,15.90111],[108.28902,15.9011],[108.28907,15.90109],[108.28923,15.90104],[108.2904,15.90071],[108.29061,15.90065],[108.29133,15.90048],[108.29162,15.9004],[108.29194,15.90031],[108.29268,15.90011],[108.29309,15.89999],[108.29314,15.89998],[108.29339,15.89989],[108.29349,15.89985],[108.29361,15.89984],[108.29364,15.89984],[108.29371,15.89986],[108.29385,15.8999],[108.29397,15.89994],[108.29432,15.90006],[108.29487,15.90026],[108.29531,15.9004],[108.29551,15.90044],[108.29567,15.90045],[108.2958,15.90045],[108.29581,15.90045],[108.29593,15.90043],[108.29608,15.90039],[108.29625,15.90031],[108.29648,15.90019],[108.29769,15.89955],[108.29782,15.89947],[108.29893,15.89889],[108.29913,15.89878],[108.29963,15.89851],[108.2999,15.89837],[108.30019,15.89822],[108.30034,15.89814],[108.30105,15.89776],[108.30157,15.89749],[108.30179,15.89738],[108.30187,15.89734],[108.30208,15.89723],[108.30247,15.89702],[108.30277,15.89687],[108.30288,15.89681],[108.30348,15.89649],[108.30357,15.89644],[108.30394,15.89624],[108.30404,15.89618],[108.30461,15.89587],[108.30528,15.89554],[108.30619,15.89507],[108.30642,15.89494],[108.30648,15.89491],[108.30742,15.89443],[108.30745,15.89441],[108.30757,15.89435],[108.30822,15.894],[108.30896,15.89361],[108.3091,15.89354],[108.30914,15.89352],[108.30963,15.89327],[108.31069,15.89271],[108.31117,15.89246],[108.31155,15.89226],[108.31175,15.89216],[108.31177,15.89214],[108.31258,15.8917],[108.31293,15.89152],[108.31326,15.89136],[108.31385,15.89105],[108.3146,15.89066],[108.31543,15.89023],[108.31559,15.89013],[108.31568,15.89006],[108.31576,15.88998],[108.31584,15.88988],[108.31591,15.88978],[108.31603,15.88956],[108.31621,15.88926],[108.31631,15.8891],[108.31642,15.88896],[108.3165,15.88887],[108.31653,15.88884],[108.31678,15.88859],[108.31702,15.88836],[108.31712,15.88828],[108.31726,15.88816],[108.31742,15.88803],[108.3175,15.88797],[108.31773,15.88781],[108.318,15.88765],[108.31838,15.88744],[108.3187,15.88727],[108.31888,15.88718],[108.31951,15.88687],[108.32004,15.88662],[108.32082,15.88626],[108.32113,15.88611],[108.32117,15.8861],[108.32121,15.88608],[108.32124,15.88607],[108.3224,15.8857],[108.32267,15.88561],[108.323,15.88549],[108.32308,15.88547],[108.32338,15.88536],[108.3245,15.8849],[108.32471,15.8848],[108.32477,15.88476],[108.32496,15.88467],[108.32511,15.88459],[108.32525,15.88451],[108.32546,15.88441],[108.32565,15.8843],[108.32575,15.88424],[108.32586,15.88417],[108.32614,15.88402],[108.32621,15.88399],[108.32641,15.88388],[108.32684,15.8837],[108.32697,15.88366],[108.32706,15.88362],[108.32754,15.88347],[108.32773,15.88342],[108.32782,15.8834],[108.32823,15.88328],[108.32912,15.88303],[108.32971,15.88285]]},"properties":{"name":"DT.607","visibility":false,"styleUrl":"#line-1267FF-5000-nodesc13","stroke-opacity":1,"stroke":"#1267ff","stroke-width":5}},{"type":"Feature","geometry":{"type":"LineString","coordinates":[[108.29033,15.88718],[108.29042,15.88725],[108.29058,15.88744],[108.2907,15.88758],[108.29081,15.8877],[108.29095,15.88783],[108.29116,15.888],[108.29136,15.88819],[108.2915,15.88831],[108.2915,15.88832],[108.2916,15.88843],[108.29167,15.88856],[108.29169,15.88859],[108.29178,15.88879],[108.29186,15.88895],[108.29191,15.88905],[108.29195,15.88914],[108.29209,15.88944],[108.29224,15.88981],[108.29231,15.89002],[108.29233,15.89007],[108.29238,15.89027],[108.2924,15.89042],[108.29243,15.89079],[108.29245,15.89105],[108.29247,15.8914],[108.29247,15.89151],[108.2925,15.89168],[108.29255,15.89188],[108.29269,15.89235],[108.29271,15.89248],[108.29272,15.89261],[108.29274,15.89284],[108.29275,15.89308],[108.29274,15.89358],[108.29275,15.89392],[108.29275,15.89404],[108.29276,15.89422],[108.29276,15.89478],[108.29276,15.89487],[108.29277,15.89539],[108.29278,15.8958],[108.29277,15.8962],[108.29278,15.89656],[108.29278,15.89675],[108.29279,15.89708],[108.2928,15.89747],[108.29282,15.89784],[108.29283,15.89813],[108.29285,15.89828],[108.29286,15.89841],[108.29288,15.89855],[108.2929,15.89863],[108.29292,15.89875],[108.29296,15.89889],[108.29305,15.89912],[108.29312,15.89923],[108.29316,15.89931],[108.29325,15.89941],[108.29329,15.89946],[108.29349,15.89985],[108.29353,15.89992],[108.29359,15.90002],[108.29366,15.90014],[108.29369,15.90022],[108.29371,15.90034],[108.29412,15.90117],[108.29448,15.90176],[108.29468,15.90212],[108.29469,15.90214],[108.29485,15.90245],[108.29493,15.90261],[108.29498,15.9027],[108.29516,15.90302],[108.29553,15.9037],[108.29562,15.90386],[108.29571,15.90402],[108.29576,15.90412],[108.29624,15.90497],[108.29627,15.90501],[108.29647,15.90535],[108.29653,15.90546],[108.29663,15.90564],[108.29673,15.90582],[108.29689,15.90609],[108.29707,15.9064],[108.29709,15.90645],[108.29738,15.90696],[108.29759,15.90731],[108.29782,15.9077],[108.29794,15.90791],[108.29803,15.90805],[108.29828,15.90846],[108.2983,15.9085],[108.2985,15.90887],[108.29874,15.90927],[108.2988,15.90938],[108.29896,15.9097],[108.29899,15.90975],[108.29929,15.91028],[108.29934,15.91037],[108.29953,15.9107],[108.29959,15.91082],[108.29964,15.91095],[108.29984,15.91153],[108.29989,15.91167],[108.30009,15.91233],[108.3002,15.91269],[108.30032,15.9131],[108.30035,15.91333],[108.30042,15.91381],[108.30044,15.91397],[108.30047,15.91416],[108.3005,15.91432],[108.30056,15.91475],[108.30068,15.91543],[108.30069,15.91547],[108.30079,15.91607],[108.30082,15.91624],[108.30099,15.91722],[108.30106,15.91759],[108.30108,15.91771],[108.30112,15.91788],[108.30117,15.91817],[108.30119,15.91824],[108.3012,15.91835],[108.30127,15.91873],[108.30136,15.91916],[108.30142,15.91953],[108.30146,15.91973],[108.30155,15.92024],[108.30157,15.92033],[108.3016,15.92048],[108.30175,15.9213],[108.30176,15.92138],[108.30187,15.92192],[108.30192,15.92222],[108.30202,15.92268],[108.30205,15.92279],[108.30206,15.92285],[108.3021,15.92303],[108.30211,15.92306],[108.30222,15.92358],[108.30228,15.92388],[108.30235,15.92416],[108.30249,15.92479],[108.30257,15.92514],[108.30262,15.92541],[108.30265,15.92552],[108.30268,15.92565],[108.30271,15.92575],[108.30272,15.92581],[108.30273,15.92582],[108.30274,15.92586],[108.30282,15.92601],[108.3029,15.92619],[108.303,15.92636],[108.30308,15.92652],[108.30317,15.92668],[108.3032,15.92675],[108.30335,15.92704],[108.30343,15.9272],[108.3035,15.92734],[108.30362,15.92755],[108.30387,15.92804],[108.30404,15.92838],[108.3041,15.92852],[108.30422,15.92868],[108.30426,15.92872],[108.30434,15.92882],[108.30437,15.92885],[108.30449,15.92899],[108.30471,15.92924],[108.305,15.92955],[108.30509,15.92963],[108.30524,15.9298],[108.30555,15.93011],[108.30578,15.93033],[108.30586,15.93041],[108.30605,15.93061],[108.30615,15.9307],[108.30617,15.93072],[108.30639,15.93095],[108.30657,15.93113],[108.30685,15.93142],[108.3071,15.93168],[108.30735,15.93194],[108.30751,15.93209],[108.30754,15.93213],[108.30764,15.93222],[108.3078,15.93234],[108.30793,15.93243],[108.30803,15.93249],[108.30812,15.93255],[108.30817,15.93258],[108.30832,15.93268],[108.30851,15.93282],[108.30866,15.9329],[108.30872,15.93293],[108.30889,15.93301],[108.30905,15.93307],[108.30932,15.93315],[108.30964,15.93325],[108.30978,15.9333]]},"properties":{"name":"DT.607B","visibility":false,"styleUrl":"#line-1267FF-5000-nodesc14","stroke-opacity":1,"stroke":"#1267ff","stroke-width":5}},{"type":"Feature","geometry":{"type":"LineString","coordinates":[[108.24913,15.88888],[108.24936,15.88898],[108.24995,15.88927],[108.25,15.8893],[108.25005,15.88932],[108.25012,15.88935],[108.25078,15.88968],[108.25211,15.89033],[108.25332,15.89088],[108.25404,15.8912],[108.25528,15.89175],[108.25546,15.89182],[108.2555,15.89183],[108.25556,15.89184],[108.25574,15.89184],[108.25582,15.89183],[108.25586,15.89182],[108.25589,15.8918],[108.25596,15.89176],[108.25603,15.89168],[108.25614,15.89152],[108.25627,15.89129],[108.25633,15.89118],[108.2566,15.89072],[108.25668,15.89058],[108.25712,15.8898],[108.25719,15.88972],[108.25725,15.88967],[108.25726,15.88966],[108.25734,15.88961],[108.25741,15.88958],[108.2575,15.88955],[108.2576,15.88954],[108.25809,15.88956],[108.25813,15.88956],[108.25816,15.88956],[108.25825,15.88956],[108.25828,15.88956],[108.25921,15.88959],[108.26028,15.88963],[108.26045,15.88964],[108.26147,15.88968],[108.26203,15.8897],[108.26214,15.8897],[108.26343,15.88975],[108.26402,15.88977],[108.26452,15.8898],[108.26527,15.88983],[108.26602,15.88986],[108.26731,15.88991],[108.26915,15.88999],[108.27064,15.89005],[108.27169,15.8901],[108.27271,15.89014],[108.27507,15.89026],[108.27644,15.89031],[108.2769,15.89032],[108.27735,15.89032],[108.27763,15.89032],[108.27778,15.89031],[108.2779,15.8903],[108.27802,15.89028],[108.27812,15.89026],[108.27826,15.89023],[108.27902,15.89005],[108.27985,15.88986],[108.28211,15.8893],[108.28222,15.88929],[108.2823,15.88929],[108.2824,15.88928],[108.28253,15.88929],[108.28371,15.88934],[108.28411,15.88936],[108.28418,15.88935],[108.28427,15.88934],[108.28442,15.88933],[108.2847,15.88928],[108.28478,15.88927],[108.28528,15.8892],[108.28542,15.88917],[108.28552,15.88915],[108.28601,15.88905],[108.28619,15.88901],[108.28637,15.88897],[108.28746,15.88872],[108.28786,15.88862],[108.28825,15.88852],[108.28851,15.88846],[108.28856,15.88844],[108.28875,15.88839],[108.28886,15.88833],[108.28895,15.88828],[108.28905,15.88818],[108.28922,15.888],[108.28928,15.88794],[108.28943,15.88775],[108.28946,15.88771],[108.28949,15.88767],[108.28954,15.88763],[108.28963,15.88756],[108.28977,15.88747],[108.29007,15.88729],[108.29032,15.88717],[108.29068,15.88696],[108.29094,15.88683],[108.29107,15.88676],[108.29126,15.88667],[108.29152,15.88654],[108.29182,15.8864],[108.29216,15.88623],[108.29228,15.88617],[108.29248,15.88607],[108.29264,15.88597],[108.29278,15.88589],[108.29326,15.88558],[108.29328,15.88557],[108.29357,15.88536],[108.29374,15.88524],[108.29405,15.88502],[108.2943,15.88482],[108.29468,15.88446],[108.29487,15.88425],[108.2949,15.8842],[108.29517,15.8838],[108.29532,15.8835],[108.29535,15.88344],[108.29549,15.88321],[108.29554,15.88313],[108.29569,15.88289],[108.29593,15.88253],[108.2961,15.88231],[108.29641,15.88198],[108.29686,15.88162],[108.29723,15.88131],[108.29761,15.8809],[108.29817,15.88021],[108.29837,15.88003],[108.29847,15.87997],[108.29857,15.87992],[108.29869,15.87988],[108.29876,15.87985],[108.29883,15.87984],[108.29927,15.8798],[108.29958,15.87979],[108.29964,15.87979],[108.29981,15.87979],[108.29994,15.87978],[108.30015,15.87979],[108.30037,15.87978],[108.30071,15.87977],[108.30091,15.87977],[108.30118,15.87978],[108.30148,15.87984],[108.30196,15.88001],[108.30242,15.88018],[108.30277,15.88027],[108.30298,15.88029],[108.30308,15.88029],[108.30318,15.88028],[108.30328,15.88027],[108.30343,15.88026],[108.30359,15.88021],[108.3038,15.88012],[108.30405,15.87999],[108.30436,15.87982],[108.3047,15.87963],[108.30515,15.87937]]},"properties":{"name":"DT.608","visibility":false,"styleUrl":"#line-1267FF-5000-nodesc15","stroke-opacity":1,"stroke":"#1267ff","stroke-width":5}},{"type":"Feature","geometry":{"type":"LineString","coordinates":[[108.24556,15.89479],[108.24555,15.89474],[108.24556,15.89459],[108.2456,15.89436],[108.24558,15.89425],[108.24553,15.89415],[108.24506,15.89355],[108.24428,15.89245],[108.24295,15.8908],[108.24252,15.89031],[108.24207,15.88996],[108.24174,15.88975],[108.24104,15.8892],[108.24021,15.88866],[108.23904,15.88796],[108.23534,15.8856],[108.235,15.88541],[108.23485,15.88534],[108.23466,15.88528],[108.23437,15.88521],[108.23308,15.88507],[108.23224,15.88501],[108.23076,15.8848],[108.22681,15.88437],[108.22634,15.88427],[108.2214,15.88282],[108.22085,15.88262],[108.21688,15.88065],[108.21665,15.88052],[108.21562,15.88002],[108.21549,15.87999],[108.21541,15.87998],[108.21522,15.87998],[108.21332,15.88011],[108.2132,15.88011],[108.21306,15.88009],[108.21274,15.88001],[108.21117,15.87952],[108.21081,15.87934],[108.2106,15.87916],[108.21041,15.87889],[108.21027,15.87863],[108.20986,15.87772],[108.20969,15.87741],[108.20951,15.87719],[108.2094,15.87711],[108.20867,15.87672],[108.20864,15.87671],[108.20749,15.87615],[108.2024,15.87437],[108.20002,15.8737],[108.19991,15.87368],[108.19985,15.87366],[108.19866,15.87359],[108.19842,15.87356],[108.19757,15.87333],[108.19724,15.8733],[108.19676,15.87335],[108.19663,15.87339],[108.19647,15.87348],[108.19585,15.87394],[108.19452,15.87504],[108.19415,15.87526],[108.19353,15.87555],[108.19248,15.87616],[108.19231,15.87628],[108.19198,15.87656],[108.1917,15.87684],[108.19004,15.87877],[108.1898,15.87908],[108.18924,15.87997],[108.18804,15.88137],[108.18717,15.8823],[108.18712,15.88234],[108.18674,15.88288],[108.18621,15.88347],[108.18608,15.88359],[108.18536,15.88437],[108.18385,15.88575],[108.18332,15.88616],[108.1824,15.88682],[108.18236,15.88684],[108.18179,15.88724],[108.18142,15.88745],[108.17977,15.88829],[108.17838,15.88894],[108.17823,15.88899],[108.17803,15.88903],[108.17786,15.88903],[108.17669,15.88886],[108.17631,15.88885],[108.17425,15.88912],[108.17422,15.88913],[108.17381,15.88918],[108.17321,15.88922],[108.17208,15.88913],[108.17169,15.88912],[108.16901,15.8893],[108.1684,15.88937],[108.16812,15.88937],[108.16774,15.88934],[108.16634,15.88914],[108.16554,15.88899],[108.1649,15.88895],[108.16287,15.88899],[108.16195,15.88905],[108.15328,15.88936],[108.15293,15.88934],[108.15248,15.88928],[108.15214,15.88921],[108.14723,15.88844],[108.14446,15.88814],[108.14405,15.88806],[108.14374,15.88797],[108.14374,15.88796],[108.14312,15.88772],[108.1428,15.88757],[108.1416,15.88708],[108.1406,15.88675],[108.14003,15.88659],[108.13969,15.88655],[108.13692,15.88598],[108.13634,15.88583],[108.13549,15.88548],[108.13525,15.88543],[108.13438,15.88514],[108.13242,15.88458],[108.13177,15.88442],[108.13112,15.8843],[108.12934,15.88404],[108.1285,15.88389],[108.12803,15.88384],[108.12752,15.88374],[108.12628,15.88336],[108.12549,15.88315],[108.12288,15.88272],[108.12235,15.88258],[108.12135,15.88226],[108.12117,15.88219],[108.12072,15.88208],[108.12048,15.88205],[108.11987,15.88206],[108.11849,15.88219],[108.1168,15.88256],[108.11597,15.88266],[108.11479,15.88276],[108.1147,15.88276],[108.11418,15.88271],[108.11271,15.88285],[108.11253,15.88285],[108.11241,15.88282],[108.11193,15.88283],[108.1117,15.8828],[108.11116,15.88265],[108.10921,15.88176],[108.10824,15.88135],[108.10802,15.88123],[108.10775,15.88106],[108.10634,15.87969],[108.10526,15.8787],[108.10509,15.87858],[108.10503,15.87852],[108.10478,15.87836],[108.10448,15.87823],[108.10385,15.87789],[108.10339,15.87759],[108.10258,15.87716],[108.10219,15.87699],[108.09589,15.87472],[108.09586,15.8747],[108.09583,15.87469],[108.09532,15.87462],[108.09469,15.87466],[108.09438,15.8747],[108.09433,15.8747],[108.09251,15.87499],[108.09165,15.8751],[108.09134,15.87518],[108.09115,15.87526],[108.09008,15.87581],[108.08936,15.87624],[108.08886,15.87651],[108.08846,15.87669],[108.08778,15.87713],[108.08735,15.87733],[108.08691,15.87749],[108.08607,15.87775],[108.08562,15.87785],[108.08351,15.87792],[108.08185,15.87782],[108.08179,15.87781],[108.08168,15.87781],[108.08078,15.87772],[108.08063,15.87768],[108.08041,15.87764],[108.07903,15.87776],[108.07869,15.87781],[108.07832,15.87789],[108.07787,15.87805],[108.07751,15.87821],[108.07647,15.87878],[108.07638,15.87884],[108.07598,15.87903],[108.07552,15.87918],[108.0755,15.87921],[108.07547,15.87923],[108.07517,15.8793],[108.07475,15.87934],[108.07464,15.87933],[108.07444,15.87933],[108.07413,15.87927],[108.07295,15.87898],[108.07287,15.87895],[108.07231,15.87881],[108.07132,15.87848],[108.07087,15.8784],[108.07035,15.87835],[108.06894,15.8783],[108.0686,15.87825],[108.06856,15.87825],[108.0681,15.87809],[108.06707,15.87768],[108.06706,15.87767],[108.06654,15.87751],[108.06453,15.87707],[108.06412,15.87695],[108.0641,15.87695],[108.06378,15.87684],[108.06348,15.87671],[108.0632,15.87665],[108.06275,15.87643],[108.06257,15.87631],[108.06107,15.87547],[108.05926,15.87432],[108.05924,15.87432],[108.05881,15.87415],[108.0586,15.87404],[108.05816,15.87375],[108.05803,15.8736],[108.05793,15.8734],[108.0578,15.87309],[108.05747,15.87218],[108.05718,15.87159],[108.05708,15.87143],[108.05693,15.87125],[108.05683,15.87116],[108.05681,15.87115],[108.05662,15.87101],[108.05421,15.8699],[108.05281,15.86916],[108.05206,15.86888],[108.05062,15.86842],[108.04744,15.86785],[108.04742,15.86785],[108.04653,15.86766],[108.04613,15.8676],[108.04165,15.86668],[108.04124,15.86657],[108.04085,15.86643],[108.04029,15.86619],[108.03892,15.86545],[108.03887,15.86544],[108.03798,15.86505],[108.03741,15.86484],[108.03709,15.86475],[108.03646,15.86451],[108.03625,15.8644],[108.03596,15.8642],[108.03549,15.86374],[108.03548,15.86374],[108.03533,15.86364],[108.03512,15.86354],[108.03477,15.86346],[108.03443,15.86342],[108.03433,15.86342],[108.03399,15.86339],[108.03381,15.86336],[108.03359,15.86329],[108.03326,15.86314],[108.03122,15.86181],[108.0296,15.861],[108.02873,15.86053],[108.02741,15.85954],[108.02712,15.8593],[108.02593,15.85845],[108.02572,15.85824],[108.02554,15.85802],[108.02528,15.85762],[108.02499,15.85723],[108.02496,15.85718],[108.02469,15.85686],[108.0245,15.85666],[108.0225,15.85519],[108.02227,15.855],[108.02024,15.85306],[108.02007,15.85292],[108.01956,15.85273],[108.01954,15.85273],[108.01928,15.85264],[108.01909,15.85255],[108.01834,15.85207],[108.01807,15.85194],[108.01558,15.85112],[108.01542,15.85108],[108.01507,15.85103],[108.01428,15.85097],[108.01254,15.85092],[108.01106,15.85103],[108.01051,15.85114],[108.00952,15.85145],[108.00883,15.85163],[108.00767,15.85187],[108.00643,15.85228],[108.00572,15.85242],[108.0057,15.85243],[108.00516,15.85253],[108.00369,15.85286],[108.00286,15.85299],[108.00173,15.8534],[108.00119,15.85363],[108.00107,15.85367],[108.00067,15.85376],[107.99815,15.85418],[107.9976,15.85423],[107.99669,15.85401],[107.99655,15.85401],[107.99651,15.85402],[107.99649,15.85402],[107.99645,15.85403],[107.99638,15.85407],[107.99621,15.8542],[107.99573,15.85449],[107.99554,15.85465],[107.9954,15.8548],[107.9954,15.85481],[107.99534,15.85491],[107.9953,15.85502],[107.99524,15.85552],[107.99523,15.85576],[107.99518,15.85623],[107.99517,15.85624],[107.99516,15.85629],[107.99512,15.8564],[107.99512,15.85641],[107.99503,15.85662],[107.99495,15.85673],[107.99495,15.85674],[107.99482,15.85688],[107.99448,15.85717],[107.99421,15.85735],[107.99315,15.85791],[107.993,15.85797],[107.99285,15.85805],[107.99284,15.85805],[107.99274,15.85812],[107.99268,15.85821],[107.99266,15.85834],[107.99268,15.85848],[107.99268,15.85882],[107.99266,15.8589],[107.99266,15.85892],[107.9926,15.85905],[107.99254,15.85914],[107.99227,15.85939],[107.99217,15.85946],[107.99204,15.85952],[107.99191,15.85956],[107.99164,15.8596],[107.99108,15.85964],[107.99095,15.85967],[107.99087,15.85968],[107.98971,15.85995],[107.98941,15.86004],[107.98776,15.86091],[107.98736,15.86107],[107.98593,15.86174],[107.98551,15.86191],[107.98461,15.86217],[107.98309,15.86253],[107.98275,15.86265],[107.98274,15.86265],[107.9825,15.86274],[107.98209,15.86297],[107.98208,15.86297],[107.98207,15.86298],[107.98164,15.86322],[107.98149,15.86332],[107.98133,15.8634],[107.98108,15.86348],[107.98071,15.86357],[107.97991,15.86371],[107.97888,15.86385],[107.9784,15.86394],[107.97834,15.86396],[107.97785,15.86404],[107.97779,15.86406],[107.97752,15.86412],[107.97721,15.86422],[107.97674,15.86433],[107.97631,15.86437],[107.97616,15.86436],[107.97591,15.86426],[107.97521,15.8639],[107.9751,15.86383],[107.97481,15.86355],[107.97467,15.86344],[107.97285,15.86225],[107.97284,15.86225],[107.97262,15.86213],[107.97221,15.86202],[107.97158,15.86194],[107.9713,15.86193],[107.97129,15.86192],[107.97092,15.86191],[107.97059,15.86188],[107.9699,15.8619],[107.96978,15.86189],[107.96959,15.86185],[107.96812,15.86127],[107.96764,15.86104],[107.96749,15.8609],[107.96734,15.86079],[107.96733,15.86077],[107.96506,15.85892],[107.96488,15.85879],[107.96459,15.85863],[107.96425,15.8585],[107.96372,15.85836],[107.96207,15.85799],[107.96159,15.85786],[107.96111,15.85776],[107.96068,15.85762],[107.96025,15.85744],[107.95844,15.85659],[107.95744,15.85608],[107.95667,15.85572],[107.95467,15.85466],[107.95442,15.85451],[107.95139,15.85327],[107.95063,15.85293],[107.94673,15.85155],[107.94632,15.85134],[107.94613,15.8512],[107.94525,15.85035],[107.94498,15.85015],[107.94477,15.85002],[107.93837,15.84689],[107.93758,15.84653],[107.93592,15.84733],[107.93578,15.84737],[107.93556,15.84734],[107.93366,15.8466],[107.93365,15.84659],[107.93343,15.84652],[107.93332,15.84638],[107.93325,15.84617],[107.93325,15.84599],[107.93334,15.84558],[107.93335,15.84556],[107.93352,15.8449],[107.93353,15.84488],[107.93354,15.84482],[107.93365,15.84447],[107.93369,15.84426],[107.93367,15.84409],[107.93327,15.84298],[107.93313,15.84252],[107.93291,15.84166],[107.9328,15.8413],[107.93275,15.84124],[107.93171,15.84185],[107.93141,15.84197],[107.93126,15.84206],[107.9303,15.84248],[107.92974,15.84277],[107.92939,15.84293],[107.92888,15.84311],[107.92832,15.84327],[107.92819,15.84333],[107.92813,15.84337],[107.9281,15.84341],[107.92809,15.84341],[107.92778,15.84388],[107.92757,15.84412],[107.92747,15.84419],[107.92561,15.84517],[107.9255,15.8452],[107.92545,15.8452],[107.92523,15.84517],[107.92497,15.84518],[107.92456,15.84527],[107.9244,15.84533],[107.92439,15.84533],[107.92422,15.84539],[107.92421,15.84539],[107.92338,15.84564],[107.92324,15.84572],[107.92311,15.84586],[107.92296,15.84612],[107.92286,15.84624],[107.92252,15.84648],[107.9219,15.84686],[107.9217,15.84701],[107.92159,15.84711],[107.92151,15.8472],[107.92149,15.84721],[107.92135,15.84738],[107.92121,15.84751],[107.92115,15.84754],[107.92115,15.84755],[107.92099,15.84758],[107.92081,15.84755],[107.92031,15.84755],[107.91969,15.84768],[107.91907,15.84786],[107.91861,15.84813],[107.91814,15.84827],[107.91802,15.84836],[107.91785,15.84858],[107.91784,15.84858],[107.91778,15.8487],[107.91777,15.84885],[107.91778,15.84921],[107.91774,15.84937],[107.91772,15.84942],[107.91764,15.84947],[107.91763,15.84948],[107.91762,15.84948],[107.91581,15.85037],[107.9158,15.85037],[107.9157,15.85043],[107.91376,15.85138],[107.91345,15.8515],[107.9133,15.85153],[107.91276,15.85154],[107.9127,15.85153],[107.91263,15.85153],[107.91244,15.85151],[107.91226,15.85146],[107.9119,15.85132],[107.91141,15.85117],[107.91079,15.85113],[107.91073,15.85112],[107.91062,15.85112],[107.91039,15.85114],[107.91026,15.8512],[107.91001,15.85137],[107.90888,15.85203],[107.90879,15.85213],[107.90874,15.85228],[107.90857,15.85252],[107.90846,15.85261],[107.90837,15.8527],[107.90827,15.85278],[107.90821,15.85284],[107.90787,15.85307],[107.90783,15.85308],[107.90776,15.85312],[107.90773,15.85312],[107.90772,15.85313],[107.90764,15.85313],[107.90756,15.85314],[107.90737,15.85313],[107.90725,15.8531],[107.90699,15.85309],[107.90692,15.8531],[107.90631,15.85325],[107.90589,15.85332],[107.90576,15.85336],[107.90556,15.85334],[107.90538,15.8533],[107.90509,15.85317],[107.90506,15.85315],[107.90487,15.85307],[107.90483,15.85306],[107.90473,15.85305],[107.9047,15.85306],[107.90464,15.85307],[107.90448,15.85312],[107.90446,15.85312],[107.90434,15.8532],[107.90412,15.85341],[107.90411,15.85341],[107.90398,15.85355],[107.90392,15.85369],[107.90392,15.85386],[107.90376,15.85415],[107.90363,15.85508],[107.90298,15.85558],[107.90256,15.85586],[107.90254,15.85588],[107.90219,15.85607],[107.90196,15.85616],[107.90189,15.85617],[107.9017,15.85616],[107.90118,15.85608],[107.90115,15.85607],[107.9007,15.85599],[107.90042,15.85597],[107.90006,15.85602],[107.89932,15.85599],[107.8987,15.85592],[107.89857,15.85592],[107.89855,15.85593],[107.89847,15.85594],[107.89838,15.85599],[107.8981,15.85619],[107.89808,15.8562],[107.89795,15.8563],[107.89794,15.85632],[107.89791,15.85635],[107.89785,15.85647],[107.89785,15.85648],[107.89776,15.85668],[107.89763,15.85703],[107.89759,15.85707],[107.89752,15.85709],[107.89715,15.85713],[107.89708,15.85713],[107.89622,15.85738],[107.8958,15.85743],[107.8957,15.85745],[107.89532,15.85767],[107.89527,15.85772],[107.89522,15.85774],[107.89517,15.85778],[107.89505,15.85782],[107.89499,15.85783],[107.8948,15.85782],[107.89468,15.85784],[107.89455,15.85793],[107.8945,15.858],[107.89448,15.85805],[107.89447,15.85811],[107.89444,15.8582],[107.89437,15.85858],[107.89436,15.85883],[107.89449,15.85916],[107.89452,15.85921],[107.89454,15.85929],[107.89454,15.85934],[107.89425,15.86017],[107.89417,15.86025],[107.89408,15.86037],[107.89402,15.86047],[107.894,15.86053],[107.89396,15.86061],[107.89389,15.86081],[107.89386,15.86099],[107.89386,15.86105],[107.89385,15.86109],[107.89384,15.86155],[107.8938,15.8617],[107.89369,15.8619],[107.89368,15.86191],[107.89318,15.86266],[107.89315,15.86275],[107.89304,15.86334],[107.89302,15.86339],[107.89266,15.86382],[107.89222,15.86447],[107.89202,15.86469],[107.89184,15.86484],[107.89152,15.8652],[107.89143,15.86532],[107.89136,15.86552],[107.89132,15.8656],[107.89122,15.86573],[107.8911,15.86582],[107.89106,15.86584],[107.89098,15.86586],[107.89088,15.86586],[107.89082,15.86585],[107.89071,15.86585],[107.89064,15.86586],[107.8905,15.86591],[107.89034,15.86599],[107.89033,15.86599],[107.88991,15.86621],[107.88969,15.86635],[107.88968,15.86635],[107.88932,15.86658],[107.8892,15.86671],[107.88888,15.86718],[107.88882,15.8674],[107.88873,15.86785],[107.8886,15.86871],[107.88861,15.86882],[107.88861,15.86909],[107.88866,15.86931],[107.88869,15.86954],[107.88869,15.86982],[107.88862,15.87016],[107.8885,15.87061],[107.88838,15.87091],[107.88827,15.87114],[107.88799,15.87182],[107.88772,15.87229],[107.88769,15.87232],[107.88766,15.87234],[107.88763,15.87237],[107.8876,15.87239],[107.88741,15.87247],[107.88689,15.87258],[107.88668,15.87261],[107.88663,15.87263],[107.88613,15.87275],[107.88609,15.87275],[107.88601,15.87273],[107.88597,15.87271],[107.88596,15.8727],[107.88594,15.87269],[107.88565,15.87238],[107.88562,15.87236],[107.88555,15.87233],[107.88551,15.87232],[107.88546,15.87232],[107.88544,15.87233],[107.88541,15.87233],[107.88537,15.87234],[107.88535,15.87235],[107.88525,15.87238],[107.88521,15.8724],[107.8852,15.8724],[107.88504,15.87245],[107.88498,15.87246],[107.88487,15.87246],[107.88475,15.87248],[107.88444,15.87258],[107.88378,15.87284],[107.88371,15.87286],[107.88323,15.87306],[107.88292,15.87316],[107.88283,15.8732],[107.88276,15.87322],[107.88266,15.87327],[107.88242,15.87336],[107.88207,15.87353],[107.88178,15.87374],[107.88141,15.87416],[107.8813,15.87426],[107.881,15.87442],[107.88083,15.87449],[107.88078,15.87452],[107.88069,15.87456],[107.88042,15.87463],[107.88004,15.87478],[107.87982,15.87491],[107.8797,15.87505],[107.87966,15.87514],[107.87963,15.87519],[107.87959,15.87539],[107.87958,15.87578],[107.87935,15.87654],[107.87933,15.87701],[107.87932,15.87706],[107.87928,15.87713],[107.87927,15.87713],[107.87925,15.87716],[107.87855,15.8777],[107.87774,15.87817],[107.87735,15.87842],[107.87713,15.87859],[107.87679,15.87916],[107.87666,15.8796],[107.87657,15.87984],[107.87651,15.87995],[107.87646,15.88001],[107.87635,15.8801],[107.87606,15.88021],[107.87603,15.88021],[107.87588,15.88026],[107.87567,15.88038],[107.87552,15.88053],[107.87527,15.88073],[107.87503,15.88087],[107.87489,15.88092],[107.87479,15.88097],[107.87477,15.88097],[107.87462,15.881],[107.87452,15.88101],[107.87449,15.88102],[107.87417,15.88106],[107.87397,15.8811],[107.87324,15.8813],[107.873,15.88134],[107.87284,15.88134],[107.87276,15.88133],[107.87253,15.88123],[107.87206,15.88107],[107.87183,15.88101],[107.87169,15.88099],[107.87148,15.88099],[107.87141,15.88098],[107.87135,15.88096],[107.8713,15.88093],[107.87125,15.88091],[107.87116,15.88085],[107.87114,15.88083],[107.87098,15.88059],[107.87095,15.88057],[107.87093,15.88055],[107.87082,15.8805],[107.87078,15.88049],[107.87076,15.88049],[107.8706,15.88046],[107.87048,15.88042],[107.87025,15.88028],[107.87017,15.88019],[107.87016,15.88017],[107.87005,15.8801],[107.86985,15.88001],[107.86984,15.88001],[107.86956,15.87984],[107.86922,15.87953],[107.86915,15.87949],[107.8691,15.87947],[107.86909,15.87946],[107.86903,15.87943],[107.86883,15.87936],[107.86843,15.87916],[107.86837,15.87914],[107.8683,15.8791],[107.86827,15.87907],[107.86826,15.87907],[107.86823,15.87904],[107.86819,15.87898],[107.86807,15.87869],[107.8679697358547,15.87846537533421],[107.8678498452054,15.87824787557092],[107.8677096498894,15.87799458672752],[107.867574425121,15.87784459902188],[107.8673033316063,15.87771797767246],[107.8670116987422,15.87761137005285],[107.8667211763331,15.87747195052331],[107.866244736473,15.87723137183714],[107.8658043013063,15.87688204508337],[107.8653737426918,15.87655466316615],[107.8649924436992,15.8762685473173],[107.8647361724046,15.87602630798074],[107.8646403915097,15.87572384026471],[107.8646344962957,15.87546595100891],[107.8645719627208,15.87529446495289],[107.8644564019717,15.87519035683298],[107.8642765420716,15.87510707473671],[107.8640843324506,15.87515483041632],[107.8637984120422,15.87524212345084],[107.8636218279048,15.8752025398326],[107.8634011726841,15.87504958825264],[107.8632939964936,15.87498578009622],[107.863075079018,15.87496865975976],[107.8628462421583,15.8750492163982],[107.8624480046908,15.87514739510121],[107.862149135752,15.87525899331989],[107.861981391625,15.87532446086554],[107.8618174847794,15.87528454075071],[107.8616607142146,15.87522662868174],[107.8615187210702,15.87520381816403],[107.8614035888461,15.87524177070432],[107.8612354282248,15.87533542261336],[107.8610787706591,15.87548124483494],[107.8609611261895,15.87580959312051],[107.860868358213,15.87607549844916],[107.8607239085389,15.87627023574895],[107.8605024621761,15.87647013123674],[107.8603640596899,15.87664744478503],[107.8602955180004,15.87684100931214],[107.86032,15.87705],[107.86053,15.87818],[107.86054,15.87842],[107.86055,15.87846],[107.86053,15.87867],[107.86044,15.87899],[107.86032,15.87929],[107.86005,15.87987],[107.85994,15.88002],[107.85978,15.88009],[107.85974,15.8801],[107.85934,15.88012],[107.85906,15.88015],[107.85878,15.88016],[107.85862,15.88019],[107.85825,15.88031],[107.85816,15.88037],[107.85811,15.88039],[107.85793,15.88049],[107.85792,15.88049],[107.85747,15.8808],[107.85743,15.88084],[107.85693,15.88119],[107.85669,15.88138],[107.85657,15.88144],[107.85641,15.88154],[107.85624,15.8816],[107.85606,15.88164],[107.85598,15.88164],[107.85591,15.88162],[107.85586,15.88159],[107.85581,15.88154],[107.85575,15.88144],[107.85564,15.88121],[107.8554,15.88079],[107.85511,15.88034],[107.85494,15.88001],[107.85493,15.88001],[107.85484,15.87985],[107.85482,15.8798],[107.85476,15.8797],[107.85474,15.87958],[107.85475,15.87951],[107.85475,15.87943],[107.85481,15.87918],[107.8549,15.87899],[107.8549,15.87898],[107.85502,15.87882],[107.85513,15.87858],[107.85519,15.87839],[107.85519,15.87834],[107.8552,15.87829],[107.8552,15.87819],[107.85515,15.8781],[107.8550877928186,15.87793690575097],[107.855026158836,15.87764379779135],[107.8551977669702,15.87719644727158],[107.85589,15.87603],[107.85591,15.87599],[107.85591,15.87598],[107.85592,15.87596],[107.85596,15.87581],[107.85596,15.87578],[107.85602,15.87552],[107.8560231666231,15.87520876120206],[107.8559933356323,15.87503023880634],[107.8559791545728,15.87485813521723],[107.8559732326584,15.87457831300432],[107.8559821879782,15.87432339628624],[107.8559744793528,15.87404834977783],[107.8559000857931,15.87385465695671],[107.8557568313619,15.87367772344349],[107.8555281782049,15.87355791316634],[107.8552984358885,15.87352756636626],[107.8550481535184,15.87357547172834],[107.8548137013411,15.87360700732506],[107.8542520244556,15.87361098198066],[107.854045601392,15.87360514841051],[107.8534992172439,15.87366408486404],[107.8529268509125,15.87377732477877],[107.852523097679,15.87387285010045],[107.85205,15.87404],[107.85201,15.87405],[107.8519,15.8741],[107.85171,15.87413],[107.85144,15.87422],[107.85118,15.87436],[107.85108,15.87444],[107.85095,15.87452],[107.85057,15.87471],[107.85054,15.87472],[107.84972,15.87515],[107.84958,15.8752],[107.84945,15.87527],[107.84941,15.87532],[107.84933,15.87539],[107.84927,15.87543],[107.84909,15.8755],[107.84908,15.8755],[107.8489,15.87557],[107.84874,15.87561],[107.84872,15.87561],[107.84861,15.87567],[107.84859,15.87569],[107.8486,15.87613],[107.84858,15.87629],[107.84851,15.87661],[107.84849,15.87667],[107.84847,15.87685],[107.84848,15.87708],[107.84851,15.87726],[107.84858,15.8775],[107.84858,15.87751],[107.84876,15.87801],[107.8488285941657,15.87829928719439],[107.8488345493466,15.87850006693178],[107.848826213297,15.87885459145374],[107.8488075484962,15.87903206944541],[107.8486493146718,15.87940552687909],[107.8485326998397,15.87958189529551],[107.8483837432215,15.87977282045658],[107.8482162524391,15.88004731890525],[107.8481443583789,15.88028255044201],[107.8480790870723,15.88050791508335],[107.8479995485164,15.88064089222671],[107.8477971971415,15.88084983257619],[107.8475386183245,15.88107761693713],[107.8473465789708,15.88125261507264],[107.847174759461,15.88133041642154],[107.8470317591842,15.88133708903403],[107.8468091214269,15.88130674666205],[107.846397167267,15.88119190885013],[107.8461937489988,15.8811116955563],[107.846083794719,15.88100148446821],[107.8458914896282,15.88076753588659],[107.8455004322336,15.88035348985938],[107.8453306568693,15.88022248671005],[107.8449310502661,15.87998210402881],[107.8444142151114,15.87970736039911],[107.844221355589,15.87958399152624],[107.8439735710967,15.87934499339567],[107.8437376880209,15.87924060237926],[107.8436069038583,15.87917583185887],[107.8432859392613,15.87902645413623],[107.8431102405712,15.87895856869136],[107.8429116238998,15.87893635745381],[107.8426956939901,15.87894040494636],[107.8423667733663,15.87894590195477],[107.8420164619637,15.87897436136564],[107.8415103139571,15.87902685653373],[107.8412795143538,15.87902222735672],[107.8411281372467,15.87899011025],[107.8410060551178,15.87893705293346],[107.8408615558925,15.87891160548703],[107.8407437204914,15.87894667886066],[107.8405811048207,15.87904177456686],[107.8403704002456,15.87915000403688],[107.8402490276193,15.87918599841348],[107.8400638929364,15.87915421530698],[107.8399144817176,15.87911215530027],[107.8397945289013,15.87907315778455],[107.8396979772638,15.8790939862227],[107.8396172268097,15.87912377047313],[107.8395048781108,15.87917426748999],[107.8393271071954,15.87925920648817],[107.8391463299674,15.87931357679517],[107.8389118129499,15.87936680685461],[107.8385630683915,15.87935926743549],[107.8380969314789,15.87934997815163],[107.8378967616453,15.87935289572807],[107.8377092446296,15.87934675580894],[107.8374325505401,15.87925854465058],[107.8372048511896,15.8792351118379],[107.8369164809857,15.8792873943623],[107.8367296832968,15.87933426888108],[107.8364009999348,15.87933469292595],[107.8360933555936,15.87930544787343],[107.8358918757372,15.87926506403487],[107.8357172635241,15.87926024970215],[107.8352810315226,15.87940178550876],[107.8351443124519,15.87948560407154],[107.8349958883241,15.87953527505114],[107.8347734398376,15.87955817394588],[107.8345519870773,15.8795469915314],[107.8343967004565,15.87952956957017],[107.8342197984861,15.87958505782622],[107.8339495789684,15.87960403135618],[107.8336931510576,15.8795232231944],[107.8333403662246,15.87946536552074],[107.8333367949957,15.87946639247035],[107.8331197194437,15.87951286555093],[107.8329005741727,15.87955421951375],[107.8326367411538,15.87960908491889],[107.8324899629967,15.87959301969846],[107.8322672175054,15.87959110022332],[107.8320229005182,15.87966901659464],[107.8317313021524,15.87979058263223],[107.8317256794709,15.87979140515978],[107.8315040421438,15.87977108965681],[107.8313400557659,15.87978827001993],[107.8311192390994,15.87984888617911],[107.8311141798327,15.8798567192287],[107.830950936611,15.88000973974328],[107.8307385129929,15.88028873935161],[107.8305354886673,15.88049267623622],[107.8303248205112,15.88064665390354],[107.8300652849946,15.88080199261942],[107.8297124708326,15.8808866568622],[107.8295374047231,15.88092095810855],[107.8289965884043,15.88089044567973],[107.82867,15.88084],[107.82857,15.88082],[107.82828,15.8807],[107.82805,15.88056],[107.82793,15.88051],[107.82719,15.88032],[107.82694,15.88031],[107.82682,15.88034],[107.82671,15.88038],[107.82662,15.8804],[107.82654,15.8804],[107.82646,15.88039],[107.82607,15.8803],[107.82589,15.8802],[107.82574,15.88015],[107.82568,15.88014],[107.82548,15.88013],[107.82524,15.88007],[107.82481,15.87987],[107.8246,15.87981],[107.82439,15.87977],[107.82433,15.87978],[107.8243,15.87978],[107.82413,15.87983],[107.82412,15.87983],[107.82402,15.87986],[107.82365,15.87987],[107.82358,15.87989],[107.82357,15.87989],[107.82295,15.8801],[107.82255,15.88016],[107.8224,15.88024],[107.82235,15.88028],[107.82232,15.88032],[107.82224,15.88047],[107.82215,15.8807],[107.82209,15.88081],[107.82203,15.88098],[107.82196,15.8811],[107.82196,15.88111],[107.82183,15.88123],[107.82153,15.88144],[107.82152,15.88144],[107.82113,15.88172],[107.82105,15.88176],[107.8209,15.8818],[107.82083,15.8818],[107.82033,15.88173],[107.82014,15.88169],[107.8199092123203,15.88166630733921],[107.8197559113666,15.88168787752878],[107.8196169279532,15.8817470786366],[107.8193572165744,15.88193939610178],[107.8191709151872,15.88207563919998],[107.818857248112,15.88226505124426],[107.8185929789961,15.88225129667244],[107.8183376024335,15.88208937493981],[107.8180327799083,15.88189899359697],[107.8175153270257,15.88178964193042],[107.8170954757078,15.88165153459546],[107.816878473992,15.88153619533946],[107.8164707050263,15.88146634766892],[107.8162270054775,15.88142246122525],[107.8160800931678,15.8812484609909],[107.8158901580458,15.88102207922408],[107.815758731485,15.88098473228471],[107.8155898387096,15.88102440046323],[107.81528,15.88108],[107.81519,15.88108],[107.81514,15.88106],[107.81514,15.88105],[107.81512,15.88103],[107.81491,15.8807],[107.81472,15.88057],[107.81462,15.88053],[107.81457,15.88052],[107.81445,15.88052],[107.8144,15.88051],[107.81429,15.88047],[107.81425,15.88044],[107.81419,15.88041],[107.81399,15.88023],[107.81397,15.88022],[107.81392,15.88018],[107.8139,15.88014],[107.8138,15.88002],[107.81347,15.87976],[107.81342,15.87973],[107.81338,15.87968],[107.81305,15.8794],[107.81303,15.87939],[107.81294,15.87931],[107.81284,15.87914],[107.81282,15.87912],[107.8128,15.87911],[107.81279,15.8791],[107.81275,15.87909],[107.81269,15.87911],[107.81266,15.87913],[107.81259,15.87924],[107.81253,15.8793],[107.81237,15.87943],[107.81223,15.87951],[107.81223,15.87952],[107.81185,15.87978],[107.81178,15.8798],[107.81174,15.8798],[107.81162,15.87977],[107.81155,15.87977],[107.81148,15.8798],[107.81141,15.87989],[107.81126,15.88029],[107.8112,15.88042],[107.81115,15.88059],[107.81107,15.8807],[107.81106,15.8807],[107.81099,15.88078],[107.81089,15.88084],[107.81078,15.88089],[107.81075,15.88089],[107.8107,15.88091],[107.81063,15.88091],[107.8102,15.88084],[107.81009,15.88081],[107.81002,15.88078],[107.80993,15.88071],[107.80986,15.88064],[107.8097,15.88044],[107.80956,15.88032],[107.80942,15.88026],[107.80914,15.88021],[107.809,15.88017],[107.80887,15.88012],[107.80882,15.88009],[107.80878,15.88009],[107.80859,15.88006],[107.8084,15.88006],[107.80816,15.88009],[107.80809,15.88009],[107.80767,15.88001],[107.80765,15.88],[107.80743,15.87997],[107.80727,15.87991],[107.80713,15.87987],[107.80703,15.87987],[107.80676,15.87991],[107.80664,15.87994],[107.80639,15.87998],[107.806,15.88001],[107.80582,15.88005],[107.80573,15.88009],[107.80554,15.8802],[107.8055,15.88021],[107.80547,15.88021],[107.80542,15.8802],[107.80519,15.88018],[107.80516,15.88017],[107.80514,15.88018],[107.8051,15.88018],[107.80493,15.88028],[107.80492,15.88028],[107.80477,15.88038],[107.80437,15.8806],[107.80431,15.88061],[107.80409,15.88068],[107.80265,15.88151],[107.80256,15.88153],[107.80245,15.88153],[107.80228,15.8815],[107.80148,15.88121],[107.80127,15.88111],[107.80122,15.88106],[107.80118,15.88098],[107.80105,15.88065],[107.80095,15.88033],[107.80095,15.8803],[107.80093,15.88017],[107.80093,15.88012],[107.80083,15.87987],[107.80076,15.8798],[107.80071,15.87977],[107.80063,15.87974],[107.80059,15.87974],[107.80056,15.87975],[107.80051,15.87975],[107.80039,15.87978],[107.80019,15.87981],[107.80006,15.87981],[107.79995,15.87977],[107.79948,15.87952],[107.7994,15.8795],[107.79937,15.8795],[107.79933,15.87949],[107.79916,15.87949],[107.79882,15.87957],[107.79868,15.87962],[107.79863,15.87965],[107.79819,15.87981],[107.79803,15.87984],[107.79791,15.87984],[107.79782,15.87978],[107.79778,15.87974],[107.79772,15.87963],[107.79771,15.87962],[107.79771,15.8796],[107.79768,15.87955],[107.79764,15.87941],[107.79761,15.8792],[107.79759,15.87912],[107.79755,15.87901],[107.79735,15.87885],[107.79717,15.87875],[107.79716,15.87874],[107.79704,15.87867],[107.79697,15.87864],[107.79683,15.87861],[107.79646,15.87858],[107.79644,15.87857],[107.79484,15.87831],[107.79481,15.87831],[107.79455,15.87826],[107.79442,15.87822],[107.79429,15.87814],[107.79418,15.87805],[107.79409,15.87791],[107.79405,15.8777],[107.79402,15.87721],[107.79405,15.87696],[107.79406,15.87693],[107.79406,15.87669],[107.79408,15.87662],[107.79413,15.87653],[107.7942,15.87619],[107.79419,15.87611],[107.79415,15.87599],[107.79409,15.87589],[107.794,15.87581],[107.79397,15.8758],[107.79382,15.87572],[107.79365,15.87566],[107.79363,15.87566],[107.79344,15.87562],[107.79321,15.87561],[107.79298,15.87565],[107.79265,15.87574],[107.79253,15.87576],[107.79235,15.87581],[107.79207,15.87586],[107.792,15.87589],[107.79184,15.87601],[107.79156,15.87619],[107.79152,15.8762],[107.79142,15.87625],[107.79117,15.87632],[107.79093,15.87636],[107.79075,15.87636],[107.79059,15.87629],[107.79045,15.87625],[107.79023,15.87627],[107.78998,15.87636],[107.78986,15.87639],[107.78981,15.87639],[107.78977,15.87638],[107.78969,15.87632],[107.78965,15.87623],[107.78965,15.87615],[107.7897,15.87594],[107.78996,15.8752],[107.78998,15.87511],[107.78998,15.87504],[107.78995,15.87496],[107.78988,15.87484],[107.78958,15.87459],[107.7895,15.87445],[107.78949,15.87444],[107.78948,15.87441],[107.78948,15.87435],[107.78945,15.87428],[107.78944,15.87428],[107.78943,15.87427],[107.78935,15.87423],[107.78907,15.87404],[107.78898,15.874],[107.78897,15.87399],[107.78882,15.87395],[107.78826,15.87385],[107.78824,15.87384],[107.78801,15.87377],[107.78773,15.87372],[107.7877,15.87371],[107.78726,15.87363],[107.78719,15.8736],[107.78716,15.87358],[107.78713,15.87357],[107.78693,15.87331],[107.78692,15.87331],[107.78682,15.87322],[107.78675,15.87319],[107.78665,15.87316],[107.78662,15.87316],[107.78572,15.87334],[107.78568,15.87333],[107.78565,15.87333],[107.78556,15.87331],[107.7855,15.87328],[107.7854,15.87325],[107.78531,15.87324],[107.7853,15.87323],[107.78452,15.87324],[107.78413,15.87319],[107.78402,15.87316],[107.78401,15.87316],[107.7837,15.873],[107.78339,15.87277],[107.78321,15.87266],[107.78314,15.87263],[107.78224,15.87244],[107.78214,15.87238],[107.7821,15.87233],[107.78207,15.87225],[107.78204,15.87205],[107.782,15.87188],[107.78197,15.87183],[107.78191,15.87177],[107.78169,15.8717],[107.78151,15.87167],[107.78116,15.87168],[107.78102,15.8717],[107.78042,15.87174],[107.77992,15.87193],[107.77933,15.87209],[107.77911,15.87212],[107.77896,15.8721],[107.77882,15.87204],[107.77872,15.87197],[107.77853,15.87179],[107.77853,15.87178],[107.77786,15.87116],[107.77771,15.87104],[107.7775,15.87092],[107.77726,15.87083],[107.77706,15.8708],[107.77703,15.8708],[107.77699,15.87079],[107.77671,15.87079],[107.77659,15.87078],[107.77649,15.87076],[107.77611,15.87065],[107.77559,15.87055],[107.77545,15.87051],[107.77533,15.87043],[107.77529,15.87038],[107.7752,15.87019],[107.77515,15.87011],[107.77504,15.86998],[107.77504,15.86997],[107.77488,15.86975],[107.77488,15.86973],[107.77475,15.8694],[107.77463,15.86887],[107.77458,15.86881],[107.77422,15.86856],[107.77392,15.8683],[107.77386,15.86827],[107.77384,15.86827],[107.77378,15.86825],[107.77377,15.86825],[107.7737,15.86823],[107.77297,15.86818],[107.77268,15.86813],[107.77266,15.86812],[107.77247,15.8681],[107.77244,15.86809],[107.77218,15.86807],[107.77214,15.86806],[107.77208,15.86808],[107.77207,15.86808],[107.77198,15.86812],[107.7719,15.86818],[107.7717,15.86836],[107.77071,15.86901],[107.7707,15.86902],[107.77057,15.86905],[107.77049,15.86905],[107.77044,15.86904],[107.77037,15.86904],[107.77035,15.86903],[107.77033,15.86903],[107.77013,15.86896],[107.77009,15.86893],[107.77005,15.86888],[107.77002,15.8688],[107.77007,15.86847],[107.77006,15.86839],[107.77003,15.86832],[107.76998,15.86825],[107.76979,15.86808],[107.76976,15.86806],[107.76966,15.86796],[107.76962,15.86793],[107.76955,15.8679],[107.7695,15.86789],[107.76938,15.86791],[107.76931,15.86794],[107.7693,15.86794],[107.76914,15.86801],[107.7691,15.86802],[107.76847,15.86828],[107.76833,15.86835],[107.768,15.86865],[107.76795,15.86868],[107.76789,15.86869],[107.7678,15.86869],[107.76729,15.86864],[107.76725,15.86863],[107.76718,15.86863],[107.76622,15.86853],[107.76605,15.8685],[107.76517,15.86822],[107.7651,15.86821],[107.76507,15.8682],[107.765,15.86819],[107.76371,15.86824],[107.76359,15.86828],[107.76345,15.86838],[107.76305,15.86879],[107.76244,15.86948],[107.76242,15.86951],[107.76239,15.86952],[107.76234,15.86955],[107.76226,15.86957],[107.76217,15.86958],[107.76191,15.86957],[107.76123,15.86959],[107.7607,15.86946],[107.76062,15.86946],[107.76055,15.86945],[107.76043,15.86945],[107.76029,15.86949],[107.76022,15.86952],[107.76013,15.86958],[107.75984,15.86986],[107.75969,15.86998],[107.75905,15.87025],[107.75888,15.87025],[107.75882,15.87023],[107.75882,15.87022],[107.75874,15.87018],[107.75858,15.87007],[107.75835,15.86998],[107.75813,15.86996],[107.75796,15.86997],[107.75788,15.86999],[107.75787,15.86999],[107.7576,15.87009],[107.75754,15.87009],[107.75747,15.87008],[107.75739,15.87005],[107.75724,15.87003],[107.75711,15.87],[107.75703,15.87001],[107.75697,15.87001],[107.75686,15.87003],[107.75668,15.87008],[107.75548,15.87049],[107.75544,15.87051],[107.75491,15.87066],[107.75484,15.87066],[107.75482,15.87067],[107.75472,15.87067],[107.75388,15.87042],[107.75386,15.87042],[107.75359,15.87032],[107.75358,15.87032],[107.75346,15.87026],[107.75317,15.87008],[107.75287,15.86992],[107.75271,15.86982],[107.75265,15.86975],[107.75261,15.86972],[107.75232,15.86921],[107.75183,15.86825],[107.75181,15.86817],[107.75181,15.86807],[107.75184,15.86789],[107.75184,15.86786],[107.75186,15.86777],[107.75188,15.86758],[107.75182,15.86723],[107.75183,15.8671],[107.75203,15.86676],[107.75205,15.8667],[107.75205,15.8666],[107.75204,15.86659],[107.75201,15.86652],[107.75201,15.86651],[107.75188,15.86627],[107.75185,15.86619],[107.75176,15.86603],[107.75172,15.86594],[107.75163,15.86578],[107.7516,15.86571],[107.75151,15.86555],[107.75147,15.86546],[107.75143,15.86542],[107.7514,15.8654],[107.75136,15.86539],[107.75128,15.8654],[107.7512,15.8654],[107.75104,15.86543],[107.75091,15.86544],[107.7506,15.86551],[107.7502,15.86565],[107.74932,15.86611],[107.74931,15.86611],[107.74926,15.86613],[107.74921,15.86613],[107.74906,15.86611],[107.74898,15.86609],[107.74896,15.86609],[107.74886,15.86605],[107.74885,15.86604],[107.7488,15.86601],[107.7488,15.866],[107.74875,15.86595],[107.74867,15.86582],[107.74861,15.86563],[107.74847,15.86488],[107.74846,15.86455],[107.74842,15.86445],[107.748322799221,15.86424788378205],[107.7481633233514,15.86407089760633],[107.7480167166397,15.86395507293756],[107.7477013854055,15.86386563696194],[107.7474047689056,15.86378925088092],[107.7470635172155,15.86379130977783],[107.7468047452086,15.86391630138858],[107.7465384065411,15.86405899897204],[107.7463354947485,15.86414792510476],[107.7460935387832,15.86412406345842],[107.7458946962182,15.86402539722715],[107.7458056999949,15.86392168312536],[107.7457485328684,15.86380393563219],[107.7457157570549,15.86367118730632],[107.7457368680742,15.86349136373191],[107.7457697584869,15.86339933115234],[107.7458528333694,15.86318305723752],[107.7458783384577,15.8629839836035],[107.7458450949416,15.86274406215606],[107.745738713875,15.86236416528265],[107.7456253210181,15.8621997903288],[107.7453654569974,15.86205007255633],[107.7450861139168,15.86198927478029],[107.7447873020644,15.86194954176833],[107.7444713721383,15.86192509838923],[107.74424,15.86184],[107.7441276169343,15.86171317000078],[107.7441082276156,15.86158286940589],[107.7441134188921,15.86137464167339],[107.74404,15.86106],[107.744,15.86097],[107.744,15.86094],[107.74397,15.86081],[107.74396,15.86052],[107.74387,15.86034],[107.74386,15.86034],[107.74379,15.86027],[107.74364,15.86017],[107.74356,15.86014],[107.74352,15.86011],[107.74292,15.85993],[107.74285,15.85992],[107.74273,15.85992],[107.74267,15.85994],[107.74261,15.85995],[107.74218,15.8602],[107.74192,15.86032],[107.74187,15.86033],[107.74181,15.86033],[107.74172,15.8603],[107.74168,15.86027],[107.74145,15.86003],[107.74131,15.85992],[107.74126,15.85991],[107.74121,15.85991],[107.74115,15.85992],[107.74099,15.86001],[107.74092,15.86011],[107.7409,15.86017],[107.74086,15.86024],[107.74085,15.86028],[107.74078,15.86045],[107.74074,15.86067],[107.74076,15.86076],[107.7408,15.86082],[107.74095,15.86098],[107.741,15.86105],[107.74105,15.86119],[107.74105,15.86126],[107.74102,15.86137],[107.74101,15.86138],[107.74099,15.86142],[107.74082,15.86159],[107.74061,15.86176],[107.74016,15.86207],[107.73999,15.86221],[107.73981,15.86241],[107.73956,15.86278],[107.73947,15.86286],[107.73935,15.86292],[107.73934,15.86292],[107.73924,15.86295],[107.73906,15.86295],[107.73889,15.8629],[107.73882,15.86287],[107.73869,15.86276],[107.73824,15.86204],[107.73818,15.86198],[107.73816,15.86198],[107.73809,15.86194],[107.73804,15.86193],[107.73797,15.8619],[107.73791,15.86189],[107.73743,15.8619],[107.73679,15.86197],[107.73631,15.86206],[107.73599,15.86214],[107.73583,15.8622],[107.73569,15.8623],[107.73565,15.86234],[107.73558,15.86239],[107.73545,15.86252],[107.73541,15.86255],[107.7353,15.86268],[107.73515,15.86289],[107.73513,15.86296],[107.73512,15.86303],[107.73512,15.86307],[107.73515,15.86313],[107.73518,15.86315],[107.73524,15.86321],[107.7353,15.86324],[107.73531,15.86325],[107.73562,15.86341],[107.73608,15.86375],[107.73618,15.86388],[107.73627,15.86404],[107.7363,15.86408],[107.73635,15.8642],[107.73639,15.86433],[107.7364,15.86439],[107.7364,15.86444],[107.73639,15.86447],[107.73638,15.86448],[107.73636,15.86452],[107.73634,15.86454],[107.73627,15.86458],[107.73621,15.8646],[107.73613,15.8646],[107.73585,15.86456],[107.73569,15.86455],[107.73505,15.86466],[107.73496,15.86469],[107.73495,15.86469],[107.7346,15.86479],[107.73459,15.86479],[107.73427,15.86488],[107.73419,15.86488],[107.73387,15.86479],[107.73375,15.86477],[107.73354,15.8648],[107.73351,15.86481],[107.73349,15.86481],[107.73343,15.86483],[107.73318,15.86488],[107.73283,15.86491],[107.73272,15.86491],[107.73264,15.8649],[107.73241,15.86483],[107.7324,15.86483],[107.73234,15.86481],[107.73233,15.8648],[107.73185,15.86463],[107.73171,15.86455],[107.73162,15.86452],[107.73141,15.86441],[107.73139,15.86439],[107.73137,15.86439],[107.73131,15.86436],[107.7313,15.86435],[107.73115,15.86431],[107.73098,15.8642],[107.73089,15.86416],[107.73088,15.86415],[107.7303,15.8639],[107.73024,15.86386],[107.73021,15.86385],[107.7302,15.86385],[107.73013,15.86378],[107.73004,15.86359],[107.72997,15.86353],[107.72989,15.86349],[107.72985,15.86346],[107.7298,15.86341],[107.72955,15.86304],[107.72954,15.86301],[107.72951,15.86298],[107.72949,15.86295],[107.72941,15.86288],[107.72934,15.86284],[107.72933,15.86283],[107.72928,15.86281],[107.72924,15.86281],[107.7292,15.86282],[107.72916,15.86284],[107.72895,15.86308],[107.72887,15.86312],[107.72886,15.86312],[107.72883,15.86313],[107.72877,15.86311],[107.72866,15.86305],[107.72859,15.86299],[107.72843,15.86291],[107.72832,15.86287],[107.72809,15.86284],[107.72796,15.8628],[107.7278,15.86271],[107.72734,15.86241],[107.72733,15.86241],[107.72726,15.86237],[107.72709,15.86232],[107.72673,15.86216],[107.72662,15.8621],[107.7265,15.86201],[107.72637,15.86193],[107.72636,15.86192],[107.72634,15.86192],[107.72622,15.86188],[107.72608,15.86185],[107.72605,15.86185],[107.72598,15.86183],[107.72553,15.86156],[107.72551,15.86154],[107.7255,15.86154],[107.7255,15.86153],[107.7254,15.86146],[107.72532,15.86135],[107.72526,15.86129],[107.72525,15.86129],[107.7252,15.86126],[107.72515,15.86124],[107.7251,15.86123],[107.72508,15.86122],[107.7249,15.86122],[107.72483,15.86121],[107.72481,15.8612],[107.72479,15.8612],[107.7243,15.86091],[107.72416,15.86085],[107.72404,15.86083],[107.72397,15.86081],[107.72374,15.86071],[107.72363,15.86068],[107.72353,15.86064],[107.72325,15.86049],[107.72321,15.86046],[107.723,15.86035],[107.72298,15.86033],[107.72275,15.86017],[107.72267,15.86003],[107.72266,15.86],[107.72265,15.86],[107.72264,15.85997],[107.72262,15.85995],[107.72245,15.85986],[107.72187,15.85961],[107.72159,15.85951],[107.7213,15.85943],[107.72129,15.85943],[107.72117,15.85939],[107.72109,15.85935],[107.72105,15.85934],[107.72098,15.85931],[107.72089,15.85925],[107.72088,15.85925],[107.72066,15.85912],[107.72064,15.8591],[107.72063,15.8591],[107.71993,15.85869],[107.71992,15.85868],[107.71937,15.85833],[107.71914,15.8582],[107.71903,15.85815],[107.71885,15.85804],[107.71872,15.85798],[107.71859,15.8579],[107.71856,15.85789],[107.71855,15.85789],[107.71849,15.85785],[107.71801,15.85767],[107.71789,15.85765],[107.71788,15.85764],[107.71768,15.85762],[107.71741,15.85756],[107.71732,15.85752],[107.71731,15.85752],[107.71699,15.85742],[107.71694,15.85742],[107.71683,15.85745],[107.71678,15.85748],[107.71653,15.85768],[107.71644,15.85774],[107.71642,15.85774],[107.71633,15.85778],[107.71617,15.85782],[107.71615,15.85783],[107.71614,15.85783],[107.71572,15.85794],[107.71553,15.85796],[107.71452,15.85786],[107.71449,15.85785],[107.71337,15.85771],[107.71333,15.85771],[107.71329,15.8577],[107.71322,15.8577],[107.71318,15.85769],[107.71237,15.8576],[107.71076,15.85749],[107.71071,15.85748],[107.70966,15.85742],[107.70951,15.85738],[107.70942,15.85734],[107.70868,15.85689],[107.70867,15.85688],[107.70854,15.8568],[107.70842,15.85675],[107.70817,15.85667],[107.70804,15.85664],[107.70799,15.85662],[107.70798,15.85662],[107.70797,15.85661],[107.70787,15.85656],[107.70762,15.8564],[107.70749,15.8563],[107.70747,15.85629],[107.70722,15.85607],[107.70697,15.85582],[107.70695,15.85579],[107.70648,15.85528],[107.70623,15.85492],[107.70598,15.8546],[107.70555,15.85413],[107.7055,15.85405],[107.70543,15.85391],[107.70515,15.85304],[107.70505,15.85282],[107.70496,15.85269],[107.70455,15.85235],[107.7045,15.8523],[107.7041,15.85197],[107.70386,15.8518],[107.70364,15.85168],[107.70361,15.85167],[107.70315,15.8514],[107.70305,15.85133],[107.70294,15.85123],[107.70291,15.85121],[107.70283,15.85113],[107.7028,15.85107],[107.70278,15.85105],[107.70277,15.85101],[107.70276,15.85099],[107.70274,15.85092],[107.70274,15.8509],[107.70251,15.84967],[107.7025,15.84966],[107.70249,15.84963],[107.70243,15.84955],[107.70233,15.84947],[107.70202,15.84927],[107.70192,15.84918],[107.70184,15.84907],[107.70184,15.84906],[107.70166,15.84866],[107.70159,15.84858],[107.70159,15.84857],[107.70152,15.8485],[107.70139,15.8484],[107.70137,15.8484],[107.70133,15.84838],[107.70129,15.84837],[107.7012,15.84837],[107.70089,15.84846],[107.70082,15.84846],[107.70079,15.84845],[107.70074,15.84845],[107.70045,15.84838],[107.70022,15.84827],[107.70015,15.84827],[107.70007,15.8483],[107.6999,15.84839],[107.69985,15.8484],[107.69982,15.8484],[107.69936,15.84833],[107.69929,15.84833],[107.69915,15.84836],[107.69913,15.84837],[107.69907,15.84838],[107.69904,15.8484],[107.69896,15.84843],[107.69831,15.84877],[107.69827,15.84877],[107.6982,15.84875],[107.69814,15.84871],[107.69813,15.84871],[107.69802,15.84865],[107.69773,15.84841],[107.69768,15.84833],[107.69764,15.84824],[107.69764,15.84821],[107.69765,15.84818],[107.69765,15.84815],[107.69767,15.84813],[107.69768,15.84811],[107.69792,15.84788],[107.69796,15.84782],[107.69802,15.8477],[107.69803,15.84765],[107.69803,15.84761],[107.69798,15.84751],[107.69777,15.84732],[107.69771,15.8473],[107.69765,15.84727],[107.69752,15.84724],[107.69744,15.84721],[107.69737,15.8472],[107.69717,15.84715],[107.69708,15.84711],[107.697,15.84706],[107.69684,15.84689],[107.69669,15.84667],[107.69659,15.84648],[107.69654,15.84635],[107.69654,15.84633],[107.6965,15.84618],[107.69643,15.84604],[107.6962,15.84575],[107.69527,15.84496],[107.69514,15.84488],[107.69512,15.84486],[107.69489,15.84476],[107.69467,15.84471],[107.69426,15.84467],[107.69368,15.84448],[107.69351,15.84438],[107.69343,15.8443],[107.69328,15.84407],[107.69307,15.84381],[107.69303,15.84377],[107.69298,15.84374],[107.69222,15.84343],[107.69219,15.84341],[107.69216,15.8434],[107.69206,15.84332],[107.692,15.84325],[107.69189,15.84307],[107.69176,15.8429],[107.69109,15.84214],[107.69086,15.842],[107.69077,15.84197],[107.69076,15.84197],[107.68823,15.84111],[107.68807,15.84103],[107.68791,15.84098],[107.68782,15.84093]]},"properties":{"name":"DT.609","visibility":false,"styleUrl":"#msn_ylw-pushpin000","stroke-opacity":1,"stroke":"#1267ff","stroke-width":5}},{"type":"Feature","geometry":{"type":"LineString","coordinates":[[108.13183,15.92992],[108.13166,15.92953],[108.13156,15.92932],[108.13117,15.92849],[108.13096,15.92806],[108.13075,15.92763],[108.13034,15.92679],[108.1301,15.92631],[108.12977,15.92564],[108.12973,15.92555],[108.12958,15.92523],[108.12937,15.9248],[108.12921,15.92446],[108.12884,15.92372],[108.1288,15.92364],[108.12852,15.92302],[108.1282,15.92241],[108.12804,15.92215],[108.12761,15.92139],[108.12734,15.9209],[108.12726,15.92076],[108.12695,15.92018],[108.1267,15.91973],[108.12664,15.91961],[108.12661,15.91952],[108.12655,15.91936],[108.1265,15.91918],[108.12634,15.91847],[108.1262,15.91782],[108.12616,15.91765],[108.12612,15.91743],[108.12606,15.91712],[108.12598,15.91658],[108.12583,15.91559],[108.12571,15.91479],[108.12563,15.91426],[108.12556,15.91383],[108.1255,15.91342],[108.12545,15.91316],[108.12538,15.91268],[108.12532,15.91232],[108.12525,15.91177],[108.1252,15.91149],[108.12518,15.91139],[108.12515,15.91125],[108.1251,15.91107],[108.12508,15.91102],[108.12494,15.91058],[108.12491,15.91046],[108.1249,15.91043],[108.12478,15.91],[108.12468,15.90968],[108.12466,15.90964],[108.12452,15.90947],[108.12449,15.90943],[108.12439,15.90932],[108.12426,15.90921],[108.12408,15.90907],[108.12385,15.90892],[108.12346,15.90866],[108.1233,15.90857],[108.12308,15.90848],[108.12274,15.90834],[108.12231,15.9082],[108.12202,15.90805],[108.12194,15.908],[108.12189,15.90794],[108.12182,15.90788],[108.12176,15.90782],[108.12164,15.90767],[108.12151,15.90747],[108.12128,15.90711],[108.12122,15.90699],[108.12113,15.90679],[108.12106,15.90661],[108.12096,15.90628],[108.12088,15.90605],[108.12068,15.90551],[108.12061,15.90532],[108.12051,15.90509],[108.12046,15.90498],[108.12033,15.90473],[108.12019,15.90449],[108.12017,15.90445],[108.11987,15.90399],[108.11986,15.90397],[108.11983,15.90392],[108.11977,15.90384],[108.11976,15.90382],[108.11944,15.90338],[108.11936,15.90326],[108.11876,15.9024],[108.11824,15.90163],[108.1179,15.90114],[108.11717,15.90002],[108.11699,15.89974],[108.11643,15.89888],[108.11617,15.89848],[108.11532,15.89716],[108.11525,15.89706],[108.11516,15.89696],[108.11506,15.89687],[108.11493,15.89675],[108.11478,15.89663],[108.11475,15.8966],[108.11453,15.89644],[108.1144,15.89635],[108.11429,15.89628],[108.11397,15.89607],[108.11395,15.89606],[108.11354,15.89579],[108.11285,15.89538],[108.11267,15.89527],[108.11253,15.89518],[108.11266,15.89486],[108.11272,15.89464],[108.11313,15.89313],[108.11316,15.89303],[108.11334,15.89241],[108.11338,15.89229],[108.11339,15.89225],[108.11343,15.89212],[108.11345,15.89208],[108.11349,15.89195],[108.1135,15.89192],[108.11358,15.8917],[108.11375,15.89108],[108.1138,15.89091],[108.11381,15.89086],[108.11385,15.89069],[108.11386,15.89068],[108.11386,15.89066],[108.114,15.89026],[108.11419,15.88972],[108.11424,15.88958],[108.1143,15.88944],[108.11436,15.88936],[108.11443,15.88925],[108.11451,15.88916],[108.11466,15.88901],[108.11474,15.88892],[108.11504,15.88869],[108.1151,15.88865],[108.1156,15.8883],[108.11575,15.88819],[108.11585,15.88813],[108.11608,15.88798],[108.11651,15.88771],[108.11661,15.88765],[108.11669,15.8876],[108.11683,15.88752],[108.11736,15.88719],[108.11746,15.88713],[108.11748,15.88712],[108.11765,15.88703],[108.11767,15.88702],[108.11781,15.88697],[108.11782,15.88697],[108.11797,15.88694],[108.11813,15.88692],[108.11852,15.88689],[108.1188,15.88686],[108.11894,15.88685],[108.11901,15.88684],[108.11907,15.88683],[108.11922,15.8868],[108.11936,15.88674],[108.11947,15.88667],[108.11955,15.88657],[108.11967,15.88641],[108.11971,15.88634],[108.11994,15.88597],[108.11996,15.88594],[108.12017,15.88556],[108.12034,15.88516],[108.1204,15.88461],[108.12041,15.88459],[108.12041,15.88448],[108.1204,15.88399],[108.12042,15.88389],[108.12056,15.88318],[108.12059,15.88301],[108.12065,15.8827],[108.12066,15.88265],[108.12072,15.88223],[108.12072,15.88208],[108.12072,15.88198],[108.12072,15.88143],[108.12075,15.8807],[108.12076,15.88027],[108.12076,15.8796],[108.12076,15.8793],[108.12076,15.87899],[108.12079,15.87825],[108.12079,15.87792],[108.12081,15.87746],[108.12082,15.87701],[108.12085,15.87616],[108.12089,15.87513],[108.12089,15.87506],[108.1209,15.87444],[108.12092,15.87338],[108.12096,15.87085],[108.12097,15.87079],[108.12097,15.87069],[108.121,15.87014],[108.12102,15.86941],[108.12104,15.86888],[108.12108,15.86813],[108.12109,15.86795],[108.12111,15.86739],[108.12121,15.86422],[108.12121,15.86416],[108.12126,15.86236],[108.12132,15.86066],[108.12137,15.85851],[108.12138,15.85794],[108.1214,15.85724],[108.12142,15.85668],[108.12145,15.85564],[108.12147,15.85477],[108.12149,15.85396],[108.12149,15.85384],[108.12153,15.85302],[108.12157,15.85233],[108.12157,15.85192],[108.12162,15.8512],[108.12162,15.85066],[108.12164,15.84971],[108.12166,15.8495],[108.12166,15.84934],[108.12166,15.84931],[108.12168,15.84906],[108.1217,15.84879],[108.12171,15.84872],[108.12179,15.84799],[108.12181,15.84781],[108.12183,15.84764],[108.12183,15.84758],[108.12184,15.84747],[108.12186,15.84729],[108.12187,15.84711],[108.12188,15.84693],[108.1219,15.84675],[108.12191,15.84657],[108.12192,15.84639],[108.12193,15.84631],[108.12194,15.84621],[108.12195,15.84603],[108.12197,15.84585],[108.12198,15.84567],[108.12202,15.84531],[108.12211,15.84427],[108.12214,15.84379],[108.1222,15.84314],[108.1223,15.84227],[108.12237,15.84146],[108.12238,15.84123],[108.1224,15.8411],[108.12242,15.84092],[108.12246,15.84057],[108.1225,15.84021],[108.12255,15.83967],[108.12257,15.83949],[108.12258,15.83931],[108.1226,15.83913],[108.12262,15.83896],[108.12263,15.83882],[108.12263,15.83878],[108.12266,15.83842],[108.12267,15.83824],[108.12268,15.83807],[108.12269,15.83798],[108.12271,15.83771],[108.12275,15.83738],[108.12275,15.83735],[108.12278,15.83717],[108.12279,15.83716],[108.12285,15.83695],[108.12286,15.83692],[108.12297,15.83671],[108.12305,15.83659],[108.1231,15.83651],[108.12319,15.83639],[108.12329,15.83633],[108.12341,15.83624],[108.12348,15.83619],[108.12362,15.83608],[108.12396,15.83585]]},"properties":{"name":"DT.609B","visibility":false,"styleUrl":"#line-1267FF-5000-nodesc16","stroke-opacity":1,"stroke":"#1267ff","stroke-width":5}},{"type":"Feature","geometry":{"type":"LineString","coordinates":[[108.12137,15.85861],[108.12137,15.85851],[108.12134,15.85852],[108.12131,15.85853],[108.12126,15.85853],[108.12122,15.85854],[108.12116,15.85853],[108.1211,15.85851],[108.12103,15.85848],[108.12097,15.85845],[108.12083,15.85836],[108.11979,15.85769],[108.11964,15.85757],[108.11946,15.85742],[108.11835,15.85616],[108.11783,15.85555],[108.11737,15.85516],[108.11708,15.8551],[108.11661,15.85506],[108.11645,15.85505],[108.11641,15.85506],[108.1163,15.85507],[108.11626,15.85507],[108.11567,15.85506],[108.11526,15.85505],[108.11512,15.85504],[108.11497,15.85504],[108.11345,15.8552],[108.11232,15.85532],[108.11159,15.85539],[108.11116,15.85544],[108.11067,15.85549],[108.11045,15.85552],[108.11029,15.85551],[108.11021,15.8555],[108.11013,15.85546],[108.11005,15.85541],[108.10999,15.85535],[108.10995,15.8553],[108.10991,15.85525],[108.10988,15.85519],[108.10985,15.85509],[108.10973,15.85456],[108.10969,15.8544],[108.10945,15.85343],[108.10937,15.85326],[108.10928,15.85309],[108.10911,15.85282],[108.109,15.85264],[108.10855,15.85187],[108.10849,15.85177],[108.10845,15.85166],[108.10843,15.85161],[108.10842,15.85154],[108.1084,15.85149],[108.10838,15.85145],[108.10835,15.85141],[108.10832,15.85139],[108.10827,15.85136],[108.10815,15.85125],[108.10811,15.8512],[108.10798,15.85101],[108.10758,15.85034],[108.1075,15.8502],[108.10749,15.85018],[108.10741,15.85005],[108.10715,15.84961],[108.10694,15.84925],[108.10689,15.84915],[108.10689,15.84914],[108.10686,15.84908],[108.10685,15.84904],[108.10684,15.849],[108.10683,15.84897],[108.10682,15.84893],[108.10663,15.84809],[108.10658,15.84784],[108.10639,15.84718],[108.10637,15.84712],[108.10626,15.84668],[108.10622,15.8466],[108.10618,15.84653],[108.10614,15.84648],[108.10611,15.84646],[108.1061,15.84645],[108.10604,15.84642],[108.10598,15.84641],[108.10593,15.8464],[108.10575,15.84641],[108.10569,15.84642],[108.10559,15.84643],[108.10552,15.84643],[108.10515,15.84647],[108.10478,15.84651],[108.10466,15.84652],[108.10412,15.84657],[108.10346,15.84664],[108.10338,15.84665],[108.10331,15.84665],[108.10286,15.8467],[108.1027,15.84672],[108.10226,15.84676],[108.10163,15.84682],[108.10119,15.84687],[108.10109,15.84688],[108.10066,15.84693],[108.10024,15.84697],[108.10019,15.84698],[108.0998,15.84701],[108.09963,15.84703],[108.09933,15.84706],[108.09888,15.84711],[108.0983,15.84717],[108.09771,15.84723],[108.09739,15.84726],[108.09705,15.8473],[108.09674,15.84732],[108.09648,15.84734],[108.09609,15.84735],[108.09479,15.84732],[108.09441,15.8473],[108.0944,15.8473],[108.09406,15.84731],[108.09377,15.8473],[108.09308,15.84728],[108.09304,15.84728],[108.09201,15.84722],[108.09182,15.8472],[108.09179,15.8472],[108.0903,15.84708],[108.09001,15.84705],[108.08949,15.84701],[108.08925,15.847],[108.08878,15.84697],[108.0882,15.84694],[108.08809,15.84694],[108.08791,15.84692],[108.08765,15.84691],[108.08715,15.84687],[108.08705,15.84687],[108.08699,15.84686],[108.08668,15.84686],[108.08667,15.84686],[108.08641,15.84688],[108.08625,15.84694],[108.08621,15.84696],[108.08586,15.84712],[108.08556,15.84728],[108.08509,15.84749],[108.08484,15.84762],[108.08477,15.84765],[108.08451,15.84779],[108.08397,15.84813],[108.08385,15.84821],[108.0836,15.8485],[108.08346,15.84867],[108.08315,15.84893],[108.08291,15.84913],[108.08266,15.84936],[108.08255,15.84946],[108.08243,15.84955],[108.08214,15.84983],[108.08184,15.85007],[108.08167,15.85019],[108.08164,15.85022],[108.08161,15.85024],[108.0814,15.85035],[108.08082,15.85046],[108.08048,15.85052],[108.0804,15.85054],[108.07998,15.8506],[108.0798,15.85062],[108.07963,15.85065],[108.07902,15.85073],[108.07863,15.85075],[108.07843,15.85076],[108.07814,15.85074],[108.07811,15.85074],[108.07773,15.8507],[108.07724,15.85068],[108.07689,15.85066],[108.07669,15.85065],[108.07627,15.8506],[108.0762,15.85059],[108.07573,15.85054],[108.0748,15.85044],[108.07467,15.85044],[108.07454,15.8505],[108.07407,15.85076],[108.07371,15.85096],[108.07344,15.85111],[108.07322,15.85122],[108.07277,15.85146],[108.07268,15.85151],[108.07238,15.85168],[108.07237,15.85168],[108.07214,15.85177],[108.07205,15.85177],[108.07202,15.85177],[108.07197,15.85175],[108.07187,15.85173],[108.07173,15.85166],[108.07135,15.85141],[108.07115,15.85129],[108.07091,15.85113],[108.07078,15.85104],[108.07046,15.85082],[108.06991,15.85058],[108.06967,15.85048],[108.06931,15.85033],[108.06866,15.85005],[108.06832,15.84994],[108.06812,15.84988],[108.06773,15.84974],[108.06738,15.84971],[108.06684,15.8497],[108.06683,15.8497],[108.06569,15.84998],[108.06545,15.85004],[108.06513,15.85012],[108.06477,15.85021],[108.06422,15.85039],[108.06389,15.85055],[108.06319,15.85101],[108.06313,15.85105],[108.06292,15.85122],[108.06267,15.85138],[108.06265,15.8514],[108.06248,15.85152],[108.06238,15.85158],[108.06213,15.85177],[108.0621,15.85179],[108.06187,15.85196],[108.06145,15.85228],[108.06122,15.85245],[108.0612,15.85247],[108.06114,15.8525],[108.06101,15.85258],[108.06076,15.85274],[108.06072,15.85276],[108.06044,15.85292],[108.06032,15.85298],[108.06016,15.85308],[108.06012,15.8531],[108.05982,15.85328],[108.0596,15.85339],[108.0595,15.85342],[108.0594,15.85346],[108.05937,15.85346],[108.05931,15.85346],[108.05919,15.85344],[108.05899,15.85341],[108.0587,15.85334],[108.05847,15.85328],[108.05826,15.85322],[108.05806,15.85317],[108.05782,15.85309],[108.0578,15.85309],[108.05773,15.85308],[108.0576,15.85309],[108.05752,15.8531],[108.05725,15.85314],[108.05697,15.85321],[108.05661,15.85329],[108.05619,15.85339],[108.05583,15.85347],[108.05506,15.85361],[108.05499,15.85362],[108.05481,15.85366],[108.05343,15.85391],[108.05305,15.85397],[108.05261,15.85404],[108.05181,15.85416],[108.05165,15.85419],[108.05056,15.85437],[108.04964,15.85444],[108.04935,15.85449],[108.04901,15.85451],[108.04861,15.85453],[108.04847,15.85454],[108.04834,15.85454],[108.04823,15.85452],[108.04822,15.85452],[108.04811,15.8545],[108.04799,15.85448],[108.04755,15.85438],[108.04754,15.85437],[108.04713,15.85425],[108.04689,15.85419],[108.04675,15.85414],[108.04655,15.85408],[108.04614,15.85398],[108.04609,15.85396],[108.04584,15.85389],[108.04508,15.85368],[108.04498,15.85366],[108.04444,15.85349],[108.04411,15.85338],[108.04403,15.85335],[108.04355,15.85317],[108.04351,15.85316],[108.04291,15.85295],[108.04273,15.85287],[108.04261,15.85281],[108.04232,15.85265],[108.04203,15.85247],[108.04197,15.85243],[108.04127,15.85204],[108.041,15.85189],[108.04077,15.85177],[108.04031,15.85154],[108.04023,15.8515],[108.04017,15.85147],[108.03972,15.85128],[108.03961,15.85124],[108.03912,15.85103],[108.03855,15.85082],[108.03833,15.85075],[108.03779,15.85055],[108.03776,15.85054],[108.03691,15.85021],[108.03648,15.85003],[108.03631,15.84998],[108.03611,15.84991],[108.03593,15.84989],[108.03573,15.84989],[108.03539,15.84989],[108.03524,15.84991],[108.03516,15.84991],[108.03506,15.84991],[108.03492,15.8499],[108.03479,15.84989],[108.03467,15.84987],[108.03455,15.84984],[108.03434,15.84978],[108.03431,15.84977],[108.03415,15.84969],[108.03413,15.84968],[108.03388,15.84954],[108.03382,15.8495],[108.03367,15.84941],[108.03346,15.84928],[108.03335,15.84922],[108.03287,15.84894],[108.03277,15.84888],[108.03257,15.84876],[108.03235,15.84863],[108.03207,15.84848],[108.03202,15.84845],[108.03185,15.84838],[108.0317,15.84832],[108.03119,15.84829],[108.03063,15.84826],[108.03015,15.84823],[108.02951,15.84821],[108.0291,15.84819],[108.02776,15.84815],[108.02622,15.84805],[108.02496,15.84796],[108.0246,15.84794],[108.02436,15.84794],[108.02404,15.84794],[108.02381,15.84794],[108.02368,15.84794],[108.02335,15.84795],[108.02301,15.84796],[108.02268,15.84798],[108.02232,15.848],[108.02196,15.84802],[108.02153,15.84804],[108.02111,15.84807],[108.02066,15.84809],[108.02052,15.8481],[108.02026,15.84811],[108.01998,15.84812],[108.01986,15.84813],[108.01975,15.84812],[108.01966,15.84813],[108.01957,15.84812],[108.01947,15.84811],[108.01935,15.84809],[108.01908,15.84803],[108.01883,15.84797],[108.01865,15.84793],[108.01849,15.8479],[108.01847,15.84789],[108.01805,15.84779],[108.01759,15.84768],[108.01732,15.84763],[108.01713,15.84761],[108.01684,15.84763],[108.01646,15.84765],[108.01643,15.84765],[108.01618,15.84765],[108.01595,15.84761],[108.01571,15.84753],[108.01535,15.8474],[108.01504,15.84728],[108.01503,15.84728],[108.01496,15.84725],[108.01464,15.84713],[108.01452,15.84708],[108.01434,15.84701],[108.01398,15.84688],[108.01382,15.84683],[108.01381,15.84683],[108.01359,15.84677],[108.01345,15.84675],[108.0133,15.84672],[108.01292,15.84666],[108.01247,15.84658],[108.01237,15.84655],[108.01223,15.84652],[108.012,15.84644],[108.01197,15.84643],[108.01186,15.84639],[108.01176,15.84635],[108.01151,15.84621],[108.01118,15.84604],[108.01091,15.84591],[108.01066,15.84577],[108.01036,15.8456],[108.01034,15.84559],[108.01005,15.84544],[108.01001,15.84542],[108.00983,15.84533],[108.00973,15.84527],[108.00968,15.84526],[108.00959,15.84523],[108.00943,15.84521],[108.00931,15.84521],[108.00926,15.84521],[108.00912,15.84521],[108.00904,15.84522],[108.00875,15.84522],[108.00857,15.84523],[108.00845,15.84524],[108.00831,15.84527],[108.008,15.84535],[108.00766,15.84544],[108.00736,15.84553],[108.00691,15.84565],[108.00676,15.84569],[108.00633,15.8458],[108.00575,15.84592],[108.00542,15.846],[108.00512,15.84607],[108.00498,15.84611],[108.00479,15.84615],[108.00469,15.84616],[108.00466,15.84617],[108.00453,15.84617],[108.00444,15.84618],[108.00435,15.84617],[108.00413,15.84614],[108.00377,15.8461],[108.00376,15.8461],[108.00362,15.84609],[108.00315,15.84604],[108.00283,15.846],[108.00268,15.84599],[108.0024,15.84597],[108.00231,15.84597],[108.00221,15.84598],[108.00217,15.84598],[108.00212,15.84599],[108.00204,15.84601],[108.00191,15.84604],[108.00188,15.84605],[108.00149,15.84616],[108.00117,15.84627],[108.00087,15.84636],[108.00066,15.8464],[108.00058,15.8464],[108.00046,15.84639],[108.0003,15.84635],[108.00015,15.8463],[108.00002,15.84625],[107.99995,15.84623],[107.99978,15.84616],[107.99962,15.8461],[107.99945,15.84604],[107.99943,15.84603],[107.99928,15.84598],[107.99921,15.84595],[107.99902,15.84588],[107.99876,15.84579],[107.99873,15.84578],[107.9986,15.84576],[107.99844,15.84575],[107.99838,15.84576],[107.99836,15.84576],[107.99828,15.84576],[107.9982,15.84578],[107.99818,15.84579],[107.99817,15.84579],[107.99799,15.84584],[107.99795,15.84585],[107.99784,15.84587],[107.99767,15.84591],[107.99735,15.84595],[107.99728,15.84596],[107.99725,15.84596],[107.9971,15.84597],[107.99693,15.84598],[107.99691,15.84598],[107.99688,15.84599],[107.99665,15.846],[107.99654,15.84601],[107.99637,15.84603],[107.99619,15.84604],[107.99604,15.84606],[107.99572,15.8461],[107.99535,15.84615],[107.99511,15.84617],[107.99502,15.84618],[107.99501,15.84618],[107.99493,15.84618],[107.99492,15.84618],[107.99484,15.84618],[107.99483,15.84618],[107.99475,15.84617],[107.99474,15.84617],[107.99462,15.84615],[107.99442,15.8461],[107.99425,15.84606],[107.9941,15.84602],[107.99376,15.84593],[107.99353,15.84587],[107.99336,15.84585],[107.99324,15.84585],[107.99309,15.84586],[107.99298,15.84587],[107.99252,15.84593],[107.99226,15.84596],[107.99201,15.84599],[107.9915,15.84603],[107.99114,15.84604],[107.99074,15.84603],[107.99033,15.84599],[107.99009,15.84598],[107.9899,15.84597],[107.98972,15.84597],[107.98953,15.84597],[107.9894,15.84597],[107.98934,15.84597],[107.98841,15.84597],[107.98764,15.84603],[107.98756,15.84603],[107.98749,15.84603],[107.98742,15.84603],[107.98733,15.84605],[107.98729,15.84606]]},"properties":{"name":"DT.609C","visibility":false,"styleUrl":"#line-1267FF-5000-nodesc17","stroke-opacity":1,"stroke":"#1267ff","stroke-width":5}},{"type":"Feature","geometry":{"type":"LineString","coordinates":[[108.27667,15.85075],[108.27663,15.85074],[108.27655,15.8507],[108.27642,15.85066],[108.27183,15.8496],[108.27171,15.84957],[108.27117,15.84945],[108.27089,15.84941],[108.27049,15.84935],[108.27014,15.84932],[108.26976,15.8493],[108.26961,15.8493],[108.26942,15.8493],[108.26906,15.8493],[108.26865,15.84932],[108.26836,15.84935],[108.26777,15.84943],[108.26724,15.84953],[108.2672,15.84954],[108.26669,15.84967],[108.2664,15.84977],[108.26616,15.84985],[108.26612,15.84987],[108.26595,15.84993],[108.26578,15.85],[108.2656,15.85007],[108.26543,15.85014],[108.26526,15.8502],[108.26514,15.85025],[108.26497,15.85032],[108.26479,15.85039],[108.26478,15.8504],[108.26477,15.8504],[108.26462,15.85046],[108.26445,15.85053],[108.26428,15.8506],[108.26385,15.85077],[108.26369,15.85083],[108.26317,15.85105],[108.263,15.85112],[108.26296,15.85113],[108.26266,15.85126],[108.26248,15.85133],[108.26231,15.8514],[108.26214,15.85147],[108.26179,15.8516],[108.26148,15.85172],[108.26076,15.85201],[108.26058,15.85208],[108.26033,15.85218],[108.26023,15.8522],[108.26012,15.85223],[108.25993,15.85226],[108.25976,15.85227],[108.25949,15.85224],[108.25811,15.85207],[108.25785,15.85204],[108.2567,15.85189],[108.25597,15.8518],[108.25526,15.85172],[108.25495,15.85168],[108.25428,15.85149],[108.25426,15.85148],[108.2533,15.85121],[108.25257,15.851],[108.25129,15.85053],[108.25026,15.85011],[108.25021,15.85009],[108.2501,15.85008],[108.25008,15.85009],[108.25,15.8501],[108.24989,15.85018],[108.24979,15.85031],[108.24974,15.85052],[108.24953,15.85135],[108.24951,15.85142],[108.24943,15.8517],[108.24939,15.85179],[108.24937,15.85182],[108.24935,15.85185],[108.24933,15.85187],[108.2493,15.85189],[108.24927,15.8519],[108.24917,15.85194],[108.24895,15.85194],[108.24857,15.85183],[108.24836,15.85179],[108.24763,15.85173],[108.24661,15.85168],[108.24563,15.85159],[108.24558,15.85158],[108.24463,15.85147],[108.24362,15.85134],[108.24261,15.85122],[108.2424,15.85119],[108.2416,15.85107],[108.24061,15.85095],[108.23966,15.85079],[108.23961,15.85079],[108.23942,15.85079],[108.23919,15.85073],[108.23864,15.85058],[108.23812,15.85045],[108.23783,15.85036],[108.23688,15.85005],[108.23653,15.84994],[108.2363,15.84991],[108.23594,15.8499],[108.23553,15.8499],[108.23544,15.8499],[108.23526,15.84991],[108.2347,15.84994],[108.23445,15.84995],[108.23401,15.84991],[108.23343,15.84981],[108.23259,15.84967],[108.23235,15.84963],[108.23168,15.84953],[108.23113,15.84944],[108.23015,15.84928],[108.22981,15.84922],[108.22933,15.8491],[108.22871,15.84888],[108.22818,15.84869],[108.22815,15.84868],[108.22795,15.84862],[108.22688,15.84826],[108.22683,15.84825],[108.2264,15.84812],[108.22621,15.84807],[108.22585,15.84798],[108.22543,15.84787],[108.22451,15.84751],[108.22371,15.84721],[108.22293,15.84691],[108.22214,15.84659],[108.22193,15.84651],[108.22137,15.84629],[108.22057,15.84597],[108.21978,15.84566],[108.21901,15.84534],[108.21825,15.84502],[108.21787,15.84487],[108.21746,15.84469],[108.21703,15.8445],[108.21675,15.84438],[108.21665,15.84433],[108.21643,15.8442],[108.216,15.84394],[108.21458,15.84315],[108.21456,15.84313],[108.21423,15.84295],[108.21407,15.84286],[108.21383,15.84272],[108.21349,15.84252],[108.21311,15.8423],[108.21296,15.8422],[108.21242,15.84189],[108.21211,15.84171],[108.21181,15.84154],[108.21171,15.84148],[108.2114,15.84131],[108.21102,15.84109],[108.21037,15.84076],[108.21027,15.84074],[108.20993,15.8406],[108.20977,15.84052],[108.20947,15.84039],[108.209,15.84026],[108.20894,15.84024],[108.20869,15.84016],[108.20858,15.84013],[108.20813,15.84],[108.20794,15.83994],[108.20761,15.83984],[108.20729,15.83974],[108.20671,15.83957],[108.20636,15.83945],[108.2058,15.83929],[108.20569,15.83924],[108.20549,15.83918],[108.20515,15.83909],[108.20484,15.83905],[108.20453,15.83907],[108.20391,15.8391],[108.20344,15.83912],[108.20314,15.83916],[108.20257,15.8393],[108.20238,15.83934],[108.20218,15.83939],[108.20125,15.83962],[108.20047,15.83994],[108.20042,15.83996],[108.1998,15.8402],[108.19944,15.84032],[108.19877,15.84056],[108.19869,15.84059],[108.1981,15.84078],[108.19776,15.8409],[108.19749,15.84099],[108.19733,15.84103],[108.19722,15.84106],[108.19703,15.8411],[108.19683,15.84116],[108.19675,15.84119],[108.19669,15.84121],[108.19665,15.84122],[108.19654,15.84127],[108.19632,15.84139],[108.19619,15.84145],[108.19611,15.84148],[108.19606,15.8415],[108.19597,15.84151],[108.19574,15.84156],[108.19544,15.84161],[108.19522,15.84164],[108.195,15.84166],[108.19469,15.84168],[108.19369,15.84171],[108.19339,15.84171],[108.19292,15.84168],[108.19286,15.84168],[108.19063,15.84155],[108.19022,15.84151],[108.18924,15.84142],[108.18792,15.8413],[108.18762,15.84127],[108.18689,15.84122],[108.18523,15.84112],[108.18519,15.84111],[108.18401,15.84107],[108.18272,15.841],[108.18156,15.84094],[108.18069,15.8409],[108.17939,15.8409],[108.1789,15.84091],[108.1782,15.8409],[108.17801,15.8409],[108.17749,15.84089],[108.17643,15.84088],[108.17549,15.84088],[108.17431,15.84087],[108.17294,15.84087],[108.17269,15.84089],[108.17253,15.8409],[108.17086,15.84105],[108.1707,15.84107],[108.17067,15.84121],[108.17064,15.84126],[108.17059,15.84136],[108.17022,15.84182],[108.1695,15.84265],[108.16902,15.8432],[108.16863,15.84363],[108.16839,15.84391],[108.16815,15.84418],[108.16791,15.84446],[108.16788,15.8445],[108.16775,15.84463],[108.16699,15.84544],[108.16695,15.84547],[108.16691,15.84549],[108.16687,15.84551],[108.16681,15.84554],[108.16671,15.84556],[108.16619,15.84573],[108.16544,15.84596],[108.16535,15.84599],[108.16521,15.84604],[108.16518,15.84604],[108.16511,15.84608],[108.16494,15.84616],[108.16456,15.84648],[108.16392,15.84708],[108.16385,15.84714],[108.16383,15.84715],[108.16331,15.84764],[108.16273,15.84817],[108.16249,15.84839],[108.16213,15.84871],[108.16126,15.84948],[108.16081,15.84981],[108.16037,15.85009],[108.1599,15.85039],[108.15927,15.85084],[108.15827,15.85161],[108.15803,15.85174],[108.15791,15.85181],[108.15653,15.85258],[108.15636,15.85266],[108.15623,15.85272],[108.15552,15.85299],[108.15473,15.85327],[108.15311,15.85382],[108.15126,15.85447],[108.15091,15.85459],[108.15056,15.85471],[108.14985,15.85495],[108.14973,15.855],[108.1494,15.85511],[108.14933,15.85514],[108.14922,15.85518]]},"properties":{"name":"DT.610B","visibility":false,"styleUrl":"#line-1267FF-5000-nodesc18","stroke-opacity":1,"stroke":"#1267ff","stroke-width":5}},{"type":"Feature","geometry":{"type":"LineString","coordinates":[[108.32933,15.78054],[108.32939,15.78028],[108.32941,15.78014],[108.32941,15.7801],[108.32943,15.77995],[108.32943,15.77983],[108.32939,15.7795],[108.32938,15.77931],[108.3292,15.77806],[108.32918,15.77754],[108.32909,15.77709],[108.32907,15.77693],[108.32869,15.77488],[108.32856,15.77442],[108.32803,15.77285],[108.328,15.77267],[108.328,15.77255],[108.32803,15.77238],[108.32807,15.77224],[108.32847,15.77131],[108.32887,15.7705],[108.32904,15.77007],[108.32909,15.7699],[108.32911,15.76974],[108.32918,15.76741],[108.32916,15.76728],[108.32914,15.76723],[108.32911,15.7671],[108.32899,15.76681],[108.32871,15.76597],[108.32865,15.76582],[108.32861,15.76575],[108.32847,15.76557],[108.32801,15.76509],[108.32758,15.76456],[108.32715,15.76394],[108.32634,15.76287],[108.32605,15.76255],[108.3254,15.762],[108.32532,15.76192],[108.32453,15.76126],[108.32419,15.76102],[108.32347,15.76056],[108.32333,15.76049],[108.32315,15.76043],[108.32296,15.76039],[108.32286,15.76039],[108.32275,15.7604],[108.32248,15.76046],[108.32238,15.7605],[108.32204,15.76068],[108.32201,15.76069],[108.32002,15.76169],[108.31902,15.76212],[108.31863,15.7622],[108.31852,15.76219],[108.31824,15.76212],[108.31816,15.76208],[108.31592,15.76076],[108.31558,15.76054],[108.31541,15.76045],[108.31494,15.76015],[108.31493,15.76014],[108.31458,15.75992],[108.3143,15.75971],[108.31425,15.75968],[108.31348,15.75894],[108.31334,15.75882],[108.31317,15.75865],[108.31202,15.75733],[108.3119,15.75721],[108.31127,15.75669],[108.3109,15.75643],[108.30976,15.75579],[108.30766,15.75471],[108.30734,15.75452],[108.30455,15.75263],[108.30453,15.75262],[108.3036,15.75192],[108.30263,15.75115],[108.30145,15.75014],[108.30117,15.74987],[108.30105,15.74974],[108.30033,15.74864],[108.30011,15.74836],[108.30008,15.74833],[108.30005,15.74829],[108.29983,15.74807],[108.29891,15.7474],[108.29837,15.74697],[108.298,15.74665],[108.2977,15.74636],[108.29606,15.7446],[108.2943,15.74282],[108.29382,15.74237],[108.29314,15.7418],[108.29275,15.74143],[108.2911,15.73959],[108.291,15.7395],[108.29088,15.73936],[108.29075,15.73923],[108.29073,15.73922],[108.28985,15.7383],[108.28959,15.738],[108.28937,15.73771],[108.289,15.73717],[108.28843,15.73627],[108.28832,15.73615],[108.28823,15.73603],[108.28821,15.73602],[108.28816,15.73596],[108.28797,15.7358],[108.28736,15.73538],[108.28632,15.73474],[108.28612,15.7346],[108.28476,15.73338],[108.28473,15.73336],[108.28378,15.73235],[108.28372,15.7323],[108.28368,15.73225],[108.28349,15.7321],[108.28332,15.732],[108.28332,15.73199],[108.28272,15.73169],[108.28191,15.73125],[108.28147,15.73105],[108.28141,15.73103],[108.28115,15.73091],[108.2799,15.7304],[108.27938,15.73012],[108.27908,15.72993],[108.27889,15.72979],[108.27822,15.72915],[108.27799,15.72889],[108.27784,15.7287],[108.27743,15.7281],[108.27734,15.72794],[108.2772,15.72761],[108.27717,15.7275],[108.27714,15.72734],[108.27714,15.72732],[108.27711,15.72715],[108.27705,15.72588],[108.27703,15.72571],[108.27691,15.72527],[108.27665,15.7246],[108.2766,15.72444],[108.27637,15.72393],[108.27612,15.72352],[108.27592,15.72327],[108.27588,15.72323],[108.27568,15.72296],[108.27565,15.72289],[108.27558,15.72276],[108.27551,15.72255],[108.27551,15.72254],[108.2753,15.7218],[108.27487,15.72051],[108.27443,15.71843],[108.27437,15.71826],[108.27426,15.71807],[108.2742,15.718],[108.27373,15.71757],[108.27327,15.71721],[108.27251,15.71657],[108.27234,15.71637],[108.2723,15.71629],[108.27223,15.71619],[108.27215,15.71605],[108.27202,15.71557],[108.272,15.71544],[108.27196,15.71528],[108.27192,15.71502],[108.27187,15.71479],[108.27186,15.71471],[108.27181,15.71453],[108.2718,15.71452],[108.27173,15.71435],[108.27164,15.7142],[108.27155,15.71408],[108.27137,15.7139],[108.27127,15.71382],[108.27089,15.71347],[108.27009,15.71253],[108.26978,15.71214],[108.26936,15.7117],[108.26888,15.71124],[108.2688,15.71115],[108.26848,15.71086],[108.26761,15.71001],[108.26737,15.70982],[108.26688,15.7095],[108.26661,15.70934],[108.26638,15.70917],[108.26615,15.70903],[108.26604,15.70894],[108.26583,15.70873],[108.26545,15.70829],[108.26452,15.70684],[108.26434,15.70665],[108.26432,15.70662],[108.26308,15.70526],[108.26286,15.70499],[108.26276,15.70484],[108.26265,15.70463],[108.26262,15.70459],[108.2621,15.70353],[108.26199,15.70333],[108.26177,15.70287],[108.26167,15.70258],[108.26133,15.70101],[108.2613,15.70073],[108.2613,15.70063],[108.26126,15.70019],[108.26126,15.69998],[108.26123,15.69955],[108.26119,15.69925],[108.26113,15.69905],[108.26113,15.69904],[108.26101,15.69876],[108.26096,15.69868],[108.26094,15.69863],[108.26042,15.69774],[108.26021,15.69748],[108.25935,15.69659],[108.25919,15.69644],[108.25844,15.69565],[108.2583,15.69548],[108.25824,15.69539],[108.25813,15.69525],[108.25811,15.69524],[108.25787,15.69493],[108.25713,15.69388],[108.25705,15.69374],[108.25701,15.69364],[108.25653,15.69206],[108.25635,15.69153],[108.25631,15.69146],[108.25622,15.69126],[108.25604,15.69093],[108.25602,15.69091],[108.2557,15.69038],[108.25556,15.69018],[108.25514,15.68967],[108.25512,15.68966],[108.25427,15.68866],[108.2541,15.68849],[108.25359,15.68811],[108.25356,15.68808],[108.25267,15.68748],[108.25257,15.68739],[108.25228,15.68718],[108.25201,15.68692],[108.25199,15.68691],[108.25185,15.68676],[108.25117,15.68619],[108.2503,15.68554],[108.25023,15.6855],[108.24978,15.68518],[108.24885,15.68459],[108.24588,15.68218],[108.24581,15.68211],[108.24416,15.68079],[108.23948,15.67692],[108.23938,15.67686],[108.23932,15.67681],[108.23707,15.67539],[108.23687,15.67528],[108.2367,15.6752],[108.23543,15.6749],[108.23541,15.6749],[108.23467,15.67473],[108.23431,15.67463],[108.23262,15.67382],[108.23245,15.67376],[108.2321,15.67368],[108.23184,15.67364],[108.23176,15.67362],[108.23065,15.67347],[108.22885,15.67329],[108.22756,15.67312],[108.22741,15.67311],[108.2272,15.67312],[108.22694,15.67316],[108.22483,15.67373],[108.22481,15.67374],[108.2239,15.67388],[108.22234,15.67404],[108.22207,15.67399],[108.22051,15.67406],[108.21961,15.67417],[108.21961,15.67416],[108.2196,15.67415],[108.2196,15.67414],[108.21959,15.67414],[108.21959,15.67413],[108.21958,15.67413],[108.21958,15.67412],[108.21957,15.67412],[108.21957,15.67411],[108.21955,15.67411],[108.21955,15.6741],[108.21946,15.6741],[108.21946,15.67411],[108.21944,15.67411],[108.21944,15.67412],[108.21943,15.67412],[108.21941,15.67414],[108.21941,15.67415],[108.2194,15.67415],[108.2194,15.67417],[108.21939,15.67417],[108.21939,15.67423],[108.21931,15.67428],[108.21905,15.67441],[108.21804,15.67478],[108.21796,15.67485],[108.21778,15.67492],[108.21741,15.675],[108.2172,15.67507],[108.21584,15.67561],[108.21552,15.67572],[108.21472,15.67604],[108.21402,15.67627],[108.21332,15.67645],[108.21292,15.67658],[108.21277,15.67664],[108.20999,15.67794],[108.20972,15.67801],[108.20969,15.67801],[108.20923,15.67807],[108.20833,15.67815],[108.20523,15.67852],[108.20484,15.67855],[108.20435,15.6785],[108.20417,15.67847],[108.20201,15.67838],[108.20142,15.67839],[108.20101,15.67842],[108.19571,15.67931],[108.19557,15.67935],[108.19325,15.68042],[108.19298,15.6805],[108.19293,15.68052],[108.1924,15.68066],[108.1918,15.68077],[108.19161,15.68076],[108.19146,15.68073],[108.19112,15.68062],[108.1906,15.68042],[108.19052,15.6804],[108.19023,15.6804],[108.18987,15.68045],[108.18841,15.68077],[108.1877,15.68096],[108.18731,15.68104],[108.18702,15.68108],[108.18528,15.68121],[108.18435,15.68125],[108.18364,15.68125],[108.18316,15.68123],[108.18268,15.68119],[108.18247,15.68119],[108.18241,15.68118],[108.18166,15.68113],[108.18109,15.6812],[108.18106,15.68121],[108.18034,15.68127],[108.18011,15.68127],[108.17977,15.68122],[108.1792,15.68108],[108.17917,15.68108],[108.17866,15.68097],[108.17864,15.68096],[108.1781,15.68084],[108.17783,15.6808],[108.17774,15.6808],[108.17762,15.68085],[108.17758,15.68088],[108.17756,15.68092],[108.17756,15.68094],[108.17754,15.68098],[108.17756,15.68108],[108.17764,15.6813],[108.17769,15.68148],[108.17775,15.68163],[108.17789,15.68188],[108.178,15.68211],[108.17803,15.6822],[108.17803,15.68229],[108.17801,15.68246],[108.178,15.68246],[108.17798,15.6826],[108.1779,15.68289],[108.17786,15.68298],[108.17786,15.68301],[108.17781,15.68307],[108.17774,15.68313],[108.17756,15.68325],[108.17746,15.68333],[108.17738,15.68347],[108.17736,15.68355],[108.17736,15.68368],[108.17737,15.6837],[108.1774,15.68392],[108.1774,15.68399],[108.17732,15.68445],[108.17729,15.68457],[108.17728,15.68458],[108.17726,15.68461],[108.17723,15.68464],[108.17719,15.68466],[108.17686,15.68476],[108.1768,15.68479],[108.17664,15.68485],[108.17663,15.68486],[108.17655,15.68489],[108.17638,15.68497],[108.1763,15.68499],[108.17625,15.68501],[108.17614,15.68501],[108.17607,15.685],[108.17603,15.685],[108.176,15.68499],[108.17592,15.68501],[108.17584,15.68502],[108.17575,15.68507],[108.17572,15.68511],[108.17569,15.68519],[108.17569,15.68523],[108.1757,15.68531],[108.17572,15.6854],[108.17573,15.68542],[108.17577,15.68556],[108.17577,15.68557],[108.17579,15.68564],[108.17579,15.68579],[108.17578,15.68586],[108.17571,15.68599],[108.17563,15.6861],[108.17555,15.68624],[108.17554,15.68625],[108.17538,15.68653],[108.17532,15.68666],[108.1753,15.68676],[108.17529,15.6871],[108.17527,15.68715],[108.17526,15.68719],[108.17524,15.68722],[108.17523,15.68722],[108.1752,15.68724],[108.17519,15.68725],[108.17513,15.68728],[108.17486,15.68736],[108.17485,15.68736],[108.17439,15.68748],[108.1743,15.68752],[108.17423,15.68756],[108.17412,15.68759],[108.17398,15.68761],[108.17387,15.68759],[108.17379,15.68759],[108.17367,15.68757],[108.17356,15.68758],[108.1734,15.68761],[108.17338,15.68761],[108.1731,15.68772],[108.17308,15.68772],[108.17305,15.68773],[108.17302,15.68773],[108.17298,15.68772],[108.17293,15.6877],[108.17288,15.68767],[108.17287,15.68767],[108.17278,15.68762],[108.17265,15.68758],[108.17243,15.68756],[108.1722,15.68756],[108.17215,15.68754],[108.17212,15.68754],[108.17204,15.6875],[108.17195,15.68744],[108.17183,15.68733],[108.17174,15.68728],[108.17168,15.68726],[108.17164,15.68724],[108.17147,15.68718],[108.17114,15.68718],[108.17095,15.68715],[108.17093,15.68715],[108.17058,15.68703],[108.17033,15.68692],[108.1703,15.6869],[108.17022,15.68682],[108.17015,15.68677],[108.17011,15.68673],[108.17002,15.68668],[108.16996,15.68666],[108.16986,15.68667],[108.16977,15.68667],[108.16958,15.68663],[108.16924,15.68651],[108.16908,15.68647],[108.16901,15.68646],[108.16895,15.68646],[108.16892,15.68648],[108.16889,15.68649],[108.16879,15.68659],[108.16874,15.68666],[108.16857,15.68684],[108.16843,15.68692],[108.16842,15.68693],[108.16837,15.68695],[108.16834,15.68695],[108.16829,15.68694],[108.16818,15.68688],[108.16817,15.68687],[108.16812,15.68685],[108.16805,15.68681],[108.16801,15.6868],[108.16798,15.6868],[108.16795,15.68681],[108.16792,15.68681],[108.16782,15.68684],[108.16774,15.68685],[108.16754,15.68681],[108.16745,15.68678],[108.16726,15.6867],[108.16713,15.68667],[108.1671,15.68667],[108.16703,15.68666],[108.16693,15.68667],[108.16686,15.68669],[108.16682,15.68671],[108.16678,15.68674],[108.16672,15.68682],[108.16671,15.68686],[108.16666,15.68696],[108.16662,15.687],[108.1666,15.68701],[108.16657,15.68701],[108.16649,15.68703],[108.16638,15.68703],[108.16624,15.68701],[108.16612,15.68698],[108.166,15.68698],[108.16588,15.68699],[108.16561,15.68707],[108.16559,15.68707],[108.16544,15.68711],[108.16543,15.68712],[108.16537,15.68714],[108.16527,15.6872],[108.16522,15.68724],[108.16516,15.6873],[108.16507,15.68737],[108.16491,15.68757],[108.16478,15.68786],[108.16473,15.68792],[108.16472,15.68794],[108.16468,15.68797],[108.16453,15.68801],[108.16436,15.68801],[108.16426,15.68802],[108.16424,15.68803],[108.1642,15.68803],[108.16407,15.6881],[108.16403,15.68811],[108.1638,15.68824],[108.16376,15.68829],[108.16371,15.68834],[108.16349,15.68868],[108.16347,15.6887],[108.16345,15.68874],[108.16335,15.68886],[108.16333,15.68887],[108.16332,15.68887],[108.16329,15.68888],[108.16317,15.68888],[108.16305,15.68883],[108.16302,15.6888],[108.163,15.68879],[108.16296,15.68875],[108.16296,15.68874],[108.16293,15.68869],[108.1629,15.68856],[108.16289,15.68836],[108.16286,15.68826],[108.16284,15.68823],[108.16281,15.6882],[108.16274,15.68817],[108.16267,15.68817],[108.16257,15.68819],[108.16251,15.68821],[108.16249,15.68821],[108.16216,15.6883],[108.16211,15.68832],[108.16208,15.68834],[108.162,15.68842],[108.16192,15.68848],[108.16177,15.68862],[108.16168,15.68868],[108.16161,15.6887],[108.16149,15.6887],[108.16143,15.68869],[108.16133,15.68869],[108.16129,15.6887],[108.16126,15.68872],[108.16093,15.68885],[108.16079,15.68888],[108.1605,15.68897],[108.1604,15.68902],[108.16037,15.68903],[108.1603,15.68907],[108.16016,15.68913],[108.15979,15.68933],[108.15968,15.6894],[108.15965,15.68941],[108.15964,15.68942],[108.15918,15.68967],[108.15915,15.68968],[108.15903,15.68975],[108.15902,15.68975],[108.15895,15.68978],[108.15889,15.68979],[108.15888,15.6898],[108.15881,15.6898],[108.15866,15.68978],[108.15856,15.68975],[108.15837,15.68971],[108.1582,15.68966],[108.15808,15.68964],[108.15801,15.68962],[108.15771,15.68956],[108.15767,15.68956],[108.1575,15.68954],[108.15737,15.68954],[108.15715,15.68959],[108.15686,15.68969],[108.15675,15.68976],[108.15667,15.68985],[108.15664,15.68987],[108.15658,15.68994],[108.15646,15.69004],[108.15639,15.69008],[108.15633,15.6901],[108.15624,15.69011],[108.15613,15.69009],[108.15602,15.69008],[108.15598,15.69007],[108.15582,15.69005],[108.15571,15.69007],[108.15566,15.6901],[108.15563,15.69014],[108.15561,15.69018],[108.15552,15.69042],[108.15545,15.69054],[108.15542,15.69058],[108.15541,15.69058],[108.15536,15.69062],[108.15532,15.69064],[108.15531,15.69065],[108.15526,15.69067],[108.15513,15.69067],[108.15491,15.69061],[108.15485,15.69057],[108.1548,15.69057],[108.15472,15.69059],[108.1546,15.69065],[108.15443,15.69072],[108.15411,15.69072],[108.15406,15.69074],[108.15398,15.69081],[108.15381,15.69114],[108.15366,15.69148],[108.15348,15.69177],[108.15344,15.69181],[108.15331,15.69188],[108.1532,15.69192],[108.15303,15.69196],[108.15273,15.69201],[108.15257,15.69201],[108.15245,15.692],[108.1521,15.69191],[108.15183,15.69192],[108.1516,15.69198],[108.15155,15.692],[108.15136,15.69205],[108.15122,15.69204],[108.15119,15.69202],[108.15097,15.69195],[108.15067,15.69182],[108.15056,15.69175],[108.15037,15.69161],[108.15035,15.6916],[108.15028,15.69153],[108.15017,15.69137],[108.15015,15.69132],[108.15005,15.69117],[108.15003,15.69115],[108.14985,15.69102],[108.14978,15.69094],[108.14978,15.69093],[108.14974,15.69087],[108.1497,15.69079],[108.14967,15.69067],[108.14961,15.69051],[108.1496,15.69047],[108.14952,15.69031],[108.14947,15.69023],[108.14945,15.69021],[108.14939,15.69019],[108.14936,15.69017],[108.14924,15.69017],[108.14917,15.69018],[108.14903,15.69023],[108.14898,15.69024],[108.14898,15.69025],[108.14889,15.69027],[108.14885,15.69026],[108.14881,15.69026],[108.14874,15.69022],[108.14869,15.69017],[108.14866,15.69013],[108.14863,15.69006],[108.1486,15.68996],[108.14858,15.68976],[108.14855,15.68966],[108.14855,15.68965],[108.14854,15.68963],[108.14852,15.68962],[108.148,15.68947],[108.14798,15.68947],[108.14775,15.68943],[108.14763,15.68944],[108.14752,15.68948],[108.14718,15.68955],[108.14715,15.68955],[108.1469,15.68948],[108.14661,15.68946],[108.14651,15.68948],[108.14647,15.68948],[108.14621,15.68957],[108.14594,15.68973],[108.14581,15.68976],[108.1457,15.68975],[108.14549,15.68975],[108.14541,15.68978],[108.14529,15.68985],[108.14522,15.68988],[108.14502,15.68992],[108.14477,15.68993],[108.14472,15.68994],[108.14468,15.68996],[108.14466,15.68999],[108.14463,15.69001],[108.14461,15.6901],[108.1446,15.69018],[108.14453,15.69039],[108.14447,15.69045],[108.14436,15.69048],[108.14424,15.69048],[108.14414,15.69047],[108.14402,15.69044],[108.14387,15.69039],[108.14381,15.69038],[108.14364,15.69032],[108.14356,15.69028],[108.14352,15.69024],[108.14349,15.69019],[108.14338,15.68959],[108.14336,15.68956],[108.14334,15.68954],[108.1433,15.68952],[108.14324,15.68952],[108.14317,15.68953],[108.1429,15.6896],[108.14283,15.68961],[108.14271,15.68964],[108.14258,15.6897],[108.1425,15.68978],[108.1425,15.68979],[108.14247,15.68986],[108.14245,15.68995],[108.14245,15.69013],[108.14246,15.69018],[108.14245,15.69033],[108.14243,15.69043],[108.14241,15.69046],[108.14237,15.6905],[108.14236,15.69052],[108.14229,15.69056],[108.14226,15.69057],[108.14212,15.69057],[108.14201,15.69052],[108.14193,15.69044],[108.14192,15.69042],[108.14186,15.69035],[108.14181,15.69025],[108.14174,15.69001],[108.14164,15.6898],[108.1416,15.68974],[108.14157,15.68971],[108.1415,15.68967],[108.14135,15.68962],[108.14115,15.6896],[108.14106,15.68961],[108.14098,15.68965],[108.14093,15.68971],[108.14092,15.68973],[108.14089,15.68977],[108.14086,15.68984],[108.14085,15.68988],[108.14085,15.68989],[108.14082,15.69002],[108.14079,15.69022],[108.14065,15.69046],[108.14057,15.69053],[108.14051,15.69057],[108.14046,15.69059],[108.14036,15.69059],[108.14027,15.69054],[108.14026,15.69054],[108.14023,15.69051],[108.14013,15.69044],[108.14012,15.69044],[108.14005,15.6904],[108.13977,15.69031],[108.13955,15.69026],[108.13938,15.69026],[108.13935,15.69027],[108.13929,15.69028],[108.139,15.69036],[108.13888,15.69043],[108.13874,15.69049],[108.13824,15.6908],[108.1373,15.6913],[108.13729,15.69131],[108.13717,15.69138],[108.13714,15.69141],[108.13681,15.69165],[108.13674,15.69171],[108.13671,15.69175],[108.13669,15.69176],[108.13668,15.69178],[108.13658,15.69191],[108.13648,15.6921],[108.13642,15.69218],[108.13625,15.69247],[108.13619,15.69254],[108.13611,15.69261],[108.13604,15.69264],[108.13604,15.69265],[108.13594,15.69269],[108.13587,15.69271],[108.13532,15.69282],[108.13507,15.69285],[108.13486,15.69286],[108.1348,15.69288],[108.13459,15.69287],[108.13343,15.69288],[108.13325,15.69285],[108.13191,15.6927],[108.13155,15.6927],[108.13134,15.69272],[108.13094,15.69283],[108.13061,15.69298],[108.13055,15.69302],[108.13049,15.69307],[108.13035,15.69323],[108.13031,15.69329],[108.13027,15.69333],[108.13013,15.69343],[108.1299,15.69362],[108.12748,15.69527],[108.12704,15.69559],[108.12667,15.69581],[108.12622,15.69601],[108.12607,15.69606],[108.12577,15.69611],[108.12443,15.69606],[108.12373,15.69608],[108.12365,15.69609],[108.12354,15.69613],[108.12339,15.69621],[108.12312,15.6964],[108.12258,15.697],[108.12211,15.69769],[108.12177,15.69813],[108.12157,15.69836],[108.12037,15.69944],[108.11943,15.70016],[108.11929,15.70029],[108.11913,15.70042],[108.11875,15.70068],[108.11859,15.70077],[108.1183,15.7009],[108.11808,15.70102],[108.11765,15.70121],[108.1174,15.70134],[108.11719,15.70147],[108.11694,15.70166],[108.11676,15.70177],[108.11622,15.7022],[108.11598,15.70237],[108.11565,15.70265],[108.11516,15.70302],[108.11452,15.70347],[108.11451,15.70348],[108.1141,15.7037],[108.10887,15.70583],[108.10824,15.70606],[108.10823,15.70606],[108.10596,15.70685],[108.10595,15.70685],[108.10524,15.70708],[108.10508,15.70716],[108.10489,15.70721],[108.10484,15.70723],[108.10451,15.70728],[108.10406,15.70731],[108.10372,15.70737],[108.10341,15.7075],[108.10312,15.70768],[108.10066,15.70989],[108.09959,15.71061],[108.09813,15.7114],[108.09722,15.71186],[108.09675,15.71213],[108.0932,15.71462],[108.09319,15.71463],[108.09127,15.716],[108.09092,15.71627],[108.09034,15.71667],[108.09007,15.71684],[108.08972,15.71701],[108.08711,15.71798],[108.08658,15.71814],[108.08637,15.71819],[108.0859,15.71825],[108.08476,15.71819],[108.08454,15.71822],[108.08452,15.71823],[108.08351,15.71854],[108.08324,15.71865],[108.08322,15.71865],[108.08208,15.71902],[108.08207,15.71903],[108.08109,15.71922],[108.07968,15.71955],[108.07327,15.72121],[108.07063,15.72171],[108.07006,15.72178],[108.06961,15.72181],[108.06955,15.72182],[108.06836,15.72188],[108.06783,15.722],[108.06731,15.72215],[108.06356,15.72305],[108.0632,15.72315]]},"properties":{"name":"DT.611","visibility":false,"styleUrl":"#line-1267FF-5000-nodesc19","stroke-opacity":1,"stroke":"#1267ff","stroke-width":5}},{"type":"Feature","geometry":{"type":"LineString","coordinates":[[108.21953,15.6741],[108.21951,15.67408],[108.2195,15.67405],[108.21948,15.67402],[108.21945,15.674],[108.21943,15.67399],[108.2194,15.67397],[108.21937,15.67395],[108.21935,15.67394],[108.21933,15.67393],[108.2193,15.67392],[108.21926,15.67392],[108.2192,15.67386],[108.21905,15.67374],[108.21857,15.67343],[108.21817,15.67317],[108.218,15.67307],[108.21792,15.67302],[108.21776,15.67294],[108.2177,15.67291],[108.21701,15.6726],[108.21689,15.67255],[108.21633,15.67234],[108.21495,15.67175],[108.21443,15.67154],[108.21427,15.67148],[108.21404,15.67132],[108.21382,15.67113],[108.21377,15.6711],[108.21327,15.67069],[108.21314,15.67052],[108.21312,15.67017],[108.21307,15.66991],[108.21302,15.66975],[108.21289,15.66952],[108.2127,15.66918],[108.21265,15.66908],[108.21258,15.66892],[108.21253,15.66879],[108.21246,15.66858],[108.21241,15.66839],[108.21237,15.66821],[108.21236,15.66816],[108.21231,15.66781],[108.2122,15.66715],[108.21219,15.66709],[108.21217,15.66691],[108.21211,15.66656],[108.21206,15.66618],[108.21199,15.66571],[108.21198,15.66564],[108.21195,15.66546],[108.21193,15.66528],[108.21191,15.6651],[108.2119,15.66505],[108.21189,15.66483],[108.2119,15.66474],[108.21193,15.66389],[108.21194,15.66358],[108.21195,15.66305],[108.21196,15.66278],[108.21196,15.66241],[108.21193,15.66215],[108.21188,15.66174],[108.21181,15.66136],[108.21162,15.66075],[108.21141,15.66006],[108.21135,15.65988],[108.21135,15.65984],[108.21132,15.65968],[108.2113,15.6595],[108.21129,15.65931],[108.21129,15.65926],[108.21128,15.65836],[108.21129,15.65825],[108.21129,15.65823],[108.21131,15.65814],[108.21135,15.65801],[108.2114,15.65791],[108.2115,15.65775],[108.21156,15.65767],[108.21161,15.65759],[108.21167,15.6575],[108.21179,15.65733],[108.21189,15.6571],[108.21207,15.6566],[108.21209,15.65655],[108.21225,15.65603],[108.21228,15.65589],[108.21233,15.65571],[108.21238,15.6554],[108.21239,15.65513],[108.21242,15.65477],[108.21245,15.65436],[108.21245,15.65407],[108.21246,15.65394],[108.21245,15.65358],[108.21245,15.65343],[108.21243,15.65315],[108.2124,15.65287],[108.21235,15.65253],[108.21234,15.6525],[108.21232,15.65233],[108.21231,15.65228],[108.21229,15.65215],[108.21227,15.65208],[108.21226,15.652],[108.21225,15.65197],[108.21222,15.65173],[108.21208,15.65093],[108.21185,15.65003],[108.21177,15.64973],[108.21175,15.64966],[108.21172,15.64954],[108.21167,15.64938],[108.21159,15.64908],[108.21156,15.64897],[108.21153,15.64886],[108.21144,15.64852],[108.21143,15.64849],[108.21139,15.64835],[108.21139,15.64834],[108.21134,15.64815],[108.21124,15.64778],[108.21111,15.64733],[108.2111,15.6473],[108.21085,15.64665],[108.21044,15.64567],[108.21026,15.64528],[108.21011,15.64493],[108.20994,15.64454],[108.20993,15.6445],[108.20976,15.64411],[108.2096,15.64376],[108.20956,15.64367],[108.20951,15.64355],[108.20949,15.64351],[108.20941,15.64335],[108.2094,15.64333],[108.20936,15.64322],[108.2091,15.64259],[108.20899,15.64235],[108.20885,15.64206],[108.20883,15.64201],[108.20879,15.64189],[108.20874,15.64176],[108.20862,15.64152],[108.2086,15.64147],[108.20835,15.6411],[108.20825,15.64095],[108.20806,15.6407],[108.20794,15.6405],[108.20788,15.64039],[108.20766,15.64001],[108.20764,15.63999],[108.2076,15.63991],[108.20735,15.63948],[108.20733,15.63946],[108.20698,15.63886],[108.20692,15.6385],[108.20684,15.63803],[108.20682,15.6379],[108.20673,15.63757],[108.20662,15.63723],[108.20646,15.63676],[108.20605,15.63564],[108.20588,15.63518],[108.2058,15.63497],[108.20557,15.63432],[108.20549,15.63409],[108.20542,15.63395],[108.20531,15.63376],[108.20521,15.63363],[108.20507,15.63343],[108.20495,15.63326],[108.20479,15.63302],[108.20466,15.63285],[108.20448,15.63263],[108.20438,15.63252],[108.20437,15.63251],[108.20432,15.63245],[108.20386,15.63201],[108.20327,15.63144],[108.20271,15.6309],[108.20213,15.63036],[108.202,15.63023],[108.20172,15.62998],[108.20161,15.62985],[108.2016,15.62983],[108.20154,15.62974],[108.20129,15.6292],[108.20107,15.62862],[108.20091,15.62819],[108.20078,15.62785],[108.20072,15.6277],[108.20057,15.6273],[108.20046,15.62707],[108.20044,15.62702],[108.20037,15.62687],[108.2003,15.62671],[108.20021,15.62655],[108.20014,15.6264],[108.20008,15.62627],[108.20001,15.62612],[108.19993,15.62595],[108.19992,15.62593],[108.19984,15.62576],[108.1998,15.62567],[108.19971,15.62554],[108.19962,15.62538],[108.19956,15.62526],[108.19949,15.62509],[108.19941,15.62488],[108.19939,15.62481],[108.19931,15.62456],[108.19922,15.62431],[108.19915,15.62409],[108.1991,15.62395],[108.19908,15.6239],[108.19904,15.62379],[108.19899,15.62364],[108.19887,15.62329],[108.19885,15.62323],[108.19877,15.62298],[108.19875,15.62294],[108.19875,15.62293],[108.19857,15.62243],[108.19856,15.62243],[108.19851,15.62227],[108.19843,15.622],[108.19827,15.62158],[108.19821,15.62141],[108.19811,15.62116],[108.19802,15.62091],[108.19798,15.62078],[108.19792,15.62062],[108.19791,15.6206],[108.19786,15.62041],[108.19767,15.6197],[108.1975,15.61902],[108.1975,15.619],[108.19739,15.61851],[108.19722,15.61774],[108.19712,15.61725],[108.1971,15.61713],[108.19707,15.61703],[108.19694,15.61675],[108.19694,15.61674],[108.19676,15.6163],[108.19673,15.61625],[108.19672,15.61621],[108.19669,15.61615],[108.19663,15.616],[108.19661,15.61595],[108.19644,15.61561],[108.1963,15.6153],[108.19624,15.61519],[108.19623,15.61517],[108.19618,15.61506],[108.19611,15.61488],[108.19605,15.61471],[108.19597,15.61449],[108.19585,15.61419],[108.19575,15.614],[108.19559,15.61373],[108.19542,15.61343],[108.19532,15.6132],[108.19528,15.61306],[108.19528,15.613],[108.19529,15.61285],[108.19532,15.61254],[108.19535,15.61231],[108.19536,15.61223],[108.19539,15.61197],[108.1954,15.61191],[108.19533,15.6117],[108.19542,15.61173]]},"properties":{"name":"DT.611B","visibility":false,"styleUrl":"#line-1267FF-5000-nodesc20","stroke-opacity":1,"stroke":"#1267ff","stroke-width":5}},{"type":"Feature","geometry":{"type":"LineString","coordinates":[[108.34012,15.7134],[108.34005,15.71332],[108.34013,15.71326],[108.3402,15.71316],[108.34062,15.71231],[108.34062,15.7123],[108.34084,15.71185],[108.3409,15.71166],[108.34091,15.71158],[108.34084,15.71117],[108.3408,15.71072],[108.34083,15.70964],[108.34084,15.70957],[108.34087,15.70861],[108.34084,15.70715],[108.34085,15.70705],[108.3409,15.70688],[108.34123,15.70602],[108.34154,15.70532],[108.34204,15.70444],[108.34253,15.70335],[108.3428,15.70282],[108.343,15.70238],[108.343,15.70237],[108.34317,15.70178],[108.34318,15.70172],[108.34315,15.70162],[108.34312,15.70159],[108.3431,15.70156],[108.34278,15.70134],[108.34275,15.70131],[108.34273,15.70126],[108.3427,15.70121],[108.34268,15.70108],[108.34268,15.70068],[108.34271,15.70052],[108.34289,15.70021],[108.34296,15.70011],[108.34304,15.6999],[108.34308,15.69972],[108.34307,15.69909],[108.34301,15.69853],[108.34301,15.69788],[108.34302,15.69779],[108.34303,15.69731],[108.34302,15.69725],[108.34302,15.69716],[108.343,15.69707],[108.34297,15.69676],[108.343,15.69603],[108.34301,15.69599],[108.34302,15.69589],[108.34338,15.69483],[108.34359,15.69403],[108.34363,15.69379],[108.34364,15.69354],[108.34361,15.69322],[108.3436,15.69321],[108.3436,15.69306],[108.34366,15.69263],[108.34368,15.69231],[108.34368,15.69153],[108.34364,15.69115],[108.34368,15.69091],[108.34381,15.69054],[108.34384,15.6904],[108.34392,15.69015],[108.34395,15.69001],[108.34396,15.68987],[108.3441,15.68891],[108.34439,15.68741],[108.34439,15.68739],[108.34466,15.68667],[108.34473,15.68637],[108.34474,15.68636],[108.34493,15.68545],[108.34494,15.68522],[108.34493,15.6841],[108.34488,15.68386],[108.34464,15.68317],[108.34453,15.68268],[108.34451,15.68248],[108.34451,15.68237],[108.34445,15.68165],[108.34435,15.68102],[108.34428,15.68033],[108.34427,15.67967],[108.34425,15.6795],[108.34422,15.67942],[108.34415,15.67933],[108.34379,15.67899],[108.34369,15.67892],[108.34364,15.67887],[108.34355,15.67882],[108.3434,15.67876],[108.34314,15.67869],[108.34303,15.67865],[108.34287,15.67857],[108.34284,15.67856],[108.34279,15.67853],[108.34273,15.67846],[108.34242,15.67795],[108.34236,15.67787],[108.34229,15.6778],[108.34082,15.67669],[108.34067,15.67655],[108.34063,15.6765],[108.34056,15.67637],[108.34054,15.67631],[108.34049,15.67546],[108.34047,15.67536],[108.34045,15.6753],[108.34042,15.67525],[108.34042,15.67524],[108.33999,15.67457],[108.33993,15.67444],[108.3399,15.6743],[108.33988,15.67412],[108.33988,15.67396],[108.33992,15.67359],[108.34008,15.67265],[108.34003,15.6721],[108.33996,15.67177],[108.33937,15.67016],[108.33929,15.67001],[108.3392,15.66988],[108.3391,15.66979],[108.33895,15.66969],[108.33894,15.66968],[108.33892,15.66967],[108.33872,15.66952],[108.33867,15.66947],[108.33862,15.6694],[108.33862,15.66939],[108.33856,15.66928],[108.33828,15.66863],[108.33821,15.66839],[108.33812,15.66793],[108.33808,15.6678],[108.33802,15.66768],[108.33717,15.66652],[108.33708,15.66636],[108.33704,15.66627],[108.33702,15.66624],[108.3367,15.6655],[108.33605,15.66413],[108.33604,15.66413],[108.33603,15.66411],[108.33598,15.66406],[108.33591,15.66396],[108.3359,15.66393],[108.33587,15.66388],[108.33585,15.66383],[108.33583,15.6638],[108.33567,15.66339],[108.33519,15.66192],[108.3349,15.66117],[108.33451,15.65995],[108.33451,15.65994],[108.33401,15.65835],[108.33398,15.65818],[108.33398,15.65806],[108.33406,15.65764],[108.33406,15.65757],[108.33405,15.6575],[108.33362,15.65657],[108.33352,15.6564],[108.33319,15.65572],[108.33316,15.65568],[108.33309,15.65555],[108.33266,15.65492],[108.33255,15.65481],[108.3322,15.65439],[108.33189,15.65397],[108.3318,15.65369],[108.33178,15.65346],[108.33179,15.65326],[108.33188,15.65279],[108.33196,15.65223],[108.33209,15.65163],[108.33211,15.65148],[108.33211,15.65132],[108.33201,15.65038],[108.33177,15.64927],[108.33165,15.64883],[108.3315,15.64816],[108.33147,15.6481],[108.33134,15.64796],[108.33075,15.64747],[108.33067,15.64737],[108.33058,15.64728],[108.33047,15.64712],[108.33098,15.64574],[108.33093,15.6457],[108.33079,15.6455],[108.33074,15.64541],[108.33049,15.64505],[108.33044,15.64495],[108.33044,15.64492],[108.33043,15.6449],[108.33036,15.64414],[108.33035,15.6441],[108.33032,15.64375],[108.33029,15.64366],[108.32999,15.64319],[108.32996,15.64316],[108.32994,15.64311],[108.32988,15.64287],[108.32984,15.64263],[108.32983,15.64251],[108.32992,15.64188],[108.33,15.64162],[108.33015,15.64132],[108.3303,15.64106],[108.33032,15.64104],[108.33041,15.64086],[108.33051,15.64053],[108.33058,15.64009],[108.3306,15.63988],[108.33061,15.63985],[108.33066,15.63907],[108.33066,15.63892],[108.33065,15.63881],[108.33063,15.63874],[108.33062,15.63865],[108.33051,15.63831],[108.33045,15.63807],[108.33039,15.63773],[108.33039,15.63769],[108.33037,15.63761],[108.3303,15.63713],[108.3302,15.63666],[108.3301,15.63642],[108.33007,15.63638],[108.33004,15.63632],[108.32977,15.63606],[108.32941,15.63575],[108.32929,15.63563],[108.32914,15.63544],[108.32907,15.6353],[108.32903,15.63519],[108.32903,15.63509],[108.32901,15.63495],[108.32892,15.63462],[108.32887,15.63453],[108.3288,15.63446],[108.32861,15.63431],[108.32856,15.63426],[108.32838,15.63392],[108.32831,15.63374],[108.32815,15.63319],[108.32812,15.63288],[108.32806,15.63263],[108.32802,15.63253],[108.3279,15.63229],[108.32772,15.63212],[108.32766,15.63208],[108.32752,15.63195],[108.32727,15.63143],[108.32713,15.63123],[108.32706,15.63116],[108.3269,15.63093],[108.32684,15.63066],[108.32683,15.63029],[108.32675,15.62942],[108.32675,15.62923],[108.32676,15.62915],[108.32676,15.62904],[108.32666,15.62849],[108.32666,15.62842],[108.3267,15.62823],[108.32678,15.6281],[108.3271,15.62773],[108.32716,15.62764],[108.3272,15.6275],[108.32723,15.62709],[108.32724,15.62652],[108.32725,15.62646],[108.32728,15.62639],[108.32728,15.62638],[108.32732,15.6263],[108.32739,15.62605],[108.32743,15.62573],[108.32742,15.62555],[108.32737,15.62522],[108.32726,15.62515],[108.32671,15.6249],[108.32657,15.62482],[108.32649,15.62475],[108.3264,15.62462],[108.32638,15.62458],[108.32632,15.62438],[108.32629,15.62431],[108.32627,15.62424],[108.3257,15.62336],[108.32566,15.62326],[108.32563,15.62311],[108.32562,15.6228],[108.32561,15.62276],[108.32534,15.62236],[108.32531,15.6223],[108.3252,15.62213],[108.32517,15.62211],[108.32514,15.62207],[108.32505,15.62203],[108.32494,15.622],[108.3249,15.622],[108.3243,15.62193],[108.32414,15.62186],[108.32405,15.62179],[108.32358,15.62133],[108.32318,15.62105],[108.32284,15.62078],[108.32272,15.62062],[108.32248,15.62046],[108.32138,15.62],[108.32113,15.61992],[108.32086,15.61981],[108.32081,15.6198],[108.32064,15.6198],[108.32057,15.61981],[108.32048,15.61984],[108.32023,15.6199],[108.32014,15.61991],[108.32012,15.61992],[108.3198,15.61991],[108.31967,15.61989],[108.31931,15.61987],[108.31896,15.61988],[108.31888,15.61989],[108.31881,15.61989],[108.31863,15.61992],[108.31861,15.61993],[108.31851,15.61996],[108.31845,15.61997],[108.3184,15.61999],[108.31835,15.61999],[108.3183,15.62],[108.31824,15.62],[108.31819,15.61999],[108.31808,15.61994],[108.31799,15.61991],[108.31775,15.6198],[108.31769,15.61978],[108.31759,15.61971],[108.31753,15.61968],[108.31731,15.61951],[108.31715,15.61942],[108.31711,15.61941],[108.31706,15.61942],[108.317,15.61942],[108.31695,15.61943],[108.31688,15.61946],[108.31683,15.61949],[108.31677,15.61951],[108.31666,15.61957],[108.31663,15.61958],[108.31659,15.61958],[108.31645,15.61955],[108.31621,15.61945],[108.31614,15.61943],[108.31605,15.61943],[108.31569,15.6195],[108.31523,15.61955],[108.31486,15.61961],[108.31472,15.61961],[108.31468,15.6196],[108.31456,15.61952],[108.31448,15.61942],[108.3144,15.61928],[108.31435,15.61921],[108.3143,15.61916],[108.31426,15.61913],[108.3141,15.61896],[108.31404,15.61885],[108.31404,15.61878],[108.31405,15.61874],[108.31409,15.61867],[108.31413,15.61862],[108.31426,15.61854],[108.3144,15.61847],[108.31447,15.61842],[108.31447,15.61841],[108.31454,15.61836],[108.31458,15.61832],[108.31478,15.61806],[108.31483,15.61801],[108.31486,15.61796],[108.31505,15.61778],[108.31512,15.61773],[108.31526,15.61767],[108.31544,15.61762],[108.31556,15.61761],[108.31556,15.6176],[108.31562,15.6176],[108.31575,15.61757],[108.3159,15.61751],[108.31597,15.61747],[108.31606,15.6174],[108.31627,15.61718],[108.31644,15.61694],[108.31645,15.61685],[108.31648,15.61676],[108.31653,15.61655],[108.31656,15.61647],[108.31656,15.61645],[108.31661,15.61632],[108.31662,15.61627],[108.31662,15.61615],[108.31657,15.61596],[108.3165,15.61578],[108.31642,15.61563],[108.31641,15.6156],[108.31636,15.61552],[108.31627,15.61541],[108.31626,15.61539],[108.31614,15.61528],[108.31609,15.61525],[108.31597,15.6152],[108.31582,15.61512],[108.31581,15.61511],[108.31566,15.61501],[108.3155,15.61488],[108.31539,15.61482],[108.3153,15.61479],[108.31498,15.61474],[108.31497,15.61473],[108.31491,15.6147],[108.31488,15.61467],[108.31481,15.61455],[108.3148,15.61449],[108.3148,15.61441],[108.31481,15.61432],[108.31485,15.61421],[108.31491,15.61409],[108.31496,15.61395],[108.31498,15.61384],[108.31498,15.61369],[108.31497,15.61358],[108.31496,15.61355],[108.31496,15.61345],[108.31498,15.61335],[108.31511,15.61307],[108.31512,15.61303],[108.31512,15.61298],[108.31511,15.61294],[108.31508,15.61288],[108.31501,15.61279],[108.31471,15.61254],[108.31464,15.61245],[108.31453,15.61234],[108.31449,15.61229],[108.31434,15.61217],[108.31425,15.61211],[108.31406,15.61201],[108.31387,15.61181],[108.31384,15.61177],[108.31376,15.61169],[108.31374,15.61168],[108.31359,15.61157],[108.31345,15.61149],[108.31319,15.61127],[108.3131,15.61121],[108.31295,15.61113],[108.31263,15.61102],[108.31248,15.61098],[108.31182,15.61087],[108.31124,15.6107],[108.31007,15.61023],[108.30989,15.61013],[108.30982,15.61008],[108.30977,15.61002],[108.30976,15.60999],[108.30974,15.60998],[108.30967,15.60983],[108.30966,15.60982],[108.30952,15.60947],[108.30952,15.60937],[108.30954,15.60922],[108.30965,15.609],[108.30969,15.60885],[108.30971,15.60868],[108.30961,15.6079],[108.30958,15.60746],[108.30954,15.60718],[108.30955,15.6071],[108.30956,15.60707],[108.3096,15.60701],[108.30964,15.60697],[108.31043,15.6065],[108.31083,15.60636],[108.31093,15.60634],[108.31114,15.60635],[108.31123,15.60634],[108.3114,15.6063],[108.31146,15.60627],[108.31189,15.60586],[108.31155,15.605],[108.31155,15.60499],[108.31141,15.60467],[108.31131,15.60449],[108.31121,15.60437],[108.31121,15.60436],[108.3111,15.60422],[108.31079,15.60377],[108.31069,15.60356],[108.31062,15.60326],[108.31054,15.60309],[108.3105,15.60304],[108.31016,15.60249],[108.31011,15.60237],[108.30997,15.6019],[108.30996,15.60188],[108.30991,15.60169],[108.3099,15.60155],[108.30993,15.60119],[108.30988,15.60108],[108.30957,15.60083],[108.30943,15.60069],[108.30935,15.60054],[108.30934,15.6005],[108.30932,15.60046],[108.3093,15.60038],[108.30929,15.60037],[108.30925,15.59934],[108.30924,15.59929],[108.30923,15.59927],[108.30923,15.59925],[108.30921,15.59918],[108.30918,15.59912],[108.30907,15.59897],[108.30904,15.59894],[108.30895,15.59888],[108.30887,15.5988],[108.30866,15.59863],[108.30862,15.59859],[108.30854,15.59847],[108.30845,15.59829],[108.30844,15.59828],[108.3083,15.59798],[108.30823,15.59778],[108.30818,15.59755],[108.30818,15.59746],[108.30817,15.5974],[108.3082,15.59663],[108.30817,15.59657],[108.30806,15.5965],[108.30801,15.59648],[108.30798,15.59646],[108.30797,15.59646],[108.30784,15.5964],[108.30761,15.59626],[108.30749,15.59615],[108.30745,15.5961],[108.3074,15.59602],[108.3074,15.59601],[108.30736,15.59591],[108.30732,15.59571],[108.30732,15.59567],[108.30727,15.59541],[108.30723,15.59528],[108.30716,15.59516],[108.30704,15.59501],[108.30704,15.595],[108.30695,15.5949],[108.3069,15.59483],[108.30659,15.59449],[108.30648,15.59442],[108.30639,15.5944],[108.30621,15.59438],[108.30613,15.59435],[108.30608,15.59432],[108.30607,15.59432],[108.30605,15.59429],[108.30592,15.59416],[108.30578,15.59399],[108.30562,15.59387],[108.30546,15.59371],[108.30536,15.59351],[108.30525,15.59304],[108.30525,15.59275],[108.30526,15.59264],[108.30524,15.59254],[108.30516,15.59236],[108.3051,15.5923],[108.30508,15.59227],[108.305,15.59219],[108.30498,15.59216],[108.30451,15.59163],[108.30433,15.5914],[108.30426,15.59123],[108.30424,15.59112],[108.3042,15.59103],[108.30406,15.59085],[108.30392,15.59071],[108.30362,15.59047],[108.30335,15.5903],[108.30333,15.59027],[108.3033,15.59025],[108.30319,15.59015],[108.30311,15.59009],[108.30303,15.58999],[108.30298,15.58989],[108.30295,15.58977],[108.30294,15.58964],[108.30297,15.5895],[108.30303,15.58938],[108.3035,15.58863],[108.30354,15.58847],[108.30353,15.58824],[108.3035,15.58815],[108.30341,15.58799],[108.30304,15.58745],[108.30301,15.58742],[108.30267,15.58697],[108.3026,15.58677],[108.30254,15.58651],[108.30253,15.58649],[108.30247,15.58621],[108.30244,15.58596],[108.30243,15.58562],[108.30238,15.5854],[108.30202,15.58457],[108.30194,15.5843],[108.30194,15.58426],[108.30193,15.58423],[108.30192,15.58408],[108.30191,15.58408],[108.30192,15.58405],[108.30193,15.58392],[108.30199,15.58374],[108.30203,15.58353],[108.302,15.58334],[108.30186,15.583],[108.3018,15.58279],[108.30179,15.58278],[108.30179,15.58276],[108.30171,15.58241],[108.30165,15.58229],[108.30159,15.58221],[108.30144,15.58212],[108.30115,15.58205],[108.30087,15.582],[108.30055,15.58187],[108.30028,15.58172],[108.30005,15.58152],[108.30005,15.58151],[108.30001,15.58148],[108.29993,15.58139],[108.29986,15.58128],[108.29981,15.58118],[108.29978,15.58109],[108.29976,15.58092],[108.29976,15.58079],[108.29974,15.58072],[108.2997,15.58066],[108.29956,15.58051],[108.29933,15.58031],[108.29921,15.58018],[108.29918,15.58016],[108.29906,15.58],[108.29903,15.57994],[108.29902,15.57988],[108.29901,15.57987],[108.29902,15.57983],[108.29902,15.5798],[108.29906,15.57966],[108.29907,15.57953],[108.29898,15.57932],[108.29897,15.57931],[108.29892,15.5792],[108.29889,15.57905],[108.29888,15.57891],[108.29891,15.57869],[108.29895,15.57855],[108.29899,15.5785],[108.29901,15.57846],[108.29909,15.57837],[108.29934,15.57818],[108.29938,15.57813],[108.29941,15.57807],[108.29941,15.57806],[108.29945,15.5779],[108.29947,15.57775],[108.29944,15.5776],[108.29937,15.57746],[108.29896,15.57703],[108.29877,15.57689],[108.29855,15.5768],[108.29846,15.5767],[108.29846,15.57669],[108.29835,15.57647],[108.29824,15.57631],[108.29767,15.57574],[108.2974,15.57535],[108.29736,15.57526],[108.29732,15.57509],[108.29726,15.57492],[108.29726,15.5749],[108.29718,15.57461],[108.29715,15.57453],[108.29698,15.5742],[108.29696,15.57412],[108.29696,15.57403],[108.29698,15.5739],[108.29702,15.57375],[108.29704,15.57363],[108.297,15.57336],[108.29695,15.57319],[108.29687,15.57299],[108.29682,15.57292],[108.29674,15.57285],[108.29667,15.57285],[108.296,15.57274],[108.29598,15.57273],[108.29515,15.57262],[108.29505,15.57264],[108.29504,15.57265],[108.29499,15.57267],[108.29494,15.5727],[108.29453,15.57304],[108.29442,15.57309],[108.29433,15.57311],[108.29422,15.57311],[108.29388,15.57306],[108.2938,15.57304],[108.2937,15.57304],[108.29361,15.57306],[108.2932,15.5731],[108.29285,15.57311],[108.29274,15.57313],[108.29244,15.57323],[108.29225,15.57327],[108.29132,15.57328],[108.2913,15.57327],[108.29114,15.57325],[108.29069,15.57312],[108.29041,15.57307],[108.28956,15.57306],[108.28948,15.57308],[108.28812,15.57372],[108.28798,15.57375],[108.28782,15.5738],[108.28767,15.57387],[108.28741,15.57404],[108.28717,15.57415],[108.28715,15.57417],[108.28704,15.57422],[108.28678,15.57428],[108.28665,15.57429],[108.28662,15.5743],[108.28651,15.5743],[108.28643,15.57432],[108.2864,15.57432],[108.28628,15.57436],[108.28627,15.57437],[108.28612,15.57445],[108.28611,15.57446],[108.28603,15.57449],[108.28596,15.5745],[108.28586,15.5745],[108.28567,15.57446],[108.28547,15.57446]]},"properties":{"name":"DT.612","visibility":false,"styleUrl":"#line-1267FF-5000-nodesc21","stroke-opacity":1,"stroke":"#1267ff","stroke-width":5}},{"type":"Feature","geometry":{"type":"LineString","coordinates":[[108.34585,15.75936],[108.34628,15.75966],[108.3464,15.75974],[108.3468,15.76001],[108.34684,15.76004],[108.34697,15.76012],[108.347,15.76014],[108.34739,15.7604],[108.34746,15.76045],[108.3476,15.76054],[108.34819,15.76098],[108.34944,15.76192],[108.34971,15.76212],[108.35,15.76235],[108.35044,15.76268],[108.35048,15.76271],[108.3506,15.7628],[108.35071,15.76287],[108.35085,15.76297],[108.35095,15.76302],[108.35128,15.76315],[108.35165,15.76327],[108.35208,15.76342],[108.35224,15.76347],[108.35248,15.76354],[108.3528,15.76362],[108.35294,15.76364],[108.3533,15.76367],[108.35334,15.76367],[108.35365,15.76367],[108.35385,15.76364],[108.35434,15.76359],[108.35456,15.76355],[108.35473,15.76353],[108.35516,15.76348],[108.3553,15.76346],[108.35606,15.76337],[108.35623,15.76335],[108.35642,15.76333],[108.35663,15.76331],[108.35686,15.7633],[108.35692,15.7633],[108.35713,15.76332],[108.35742,15.76337],[108.35767,15.76345],[108.35852,15.76376],[108.35869,15.76382],[108.3589,15.76392],[108.3594,15.76409],[108.35973,15.76422],[108.36012,15.76437],[108.3606,15.76455],[108.36092,15.76468],[108.36111,15.76475],[108.36132,15.76485],[108.36153,15.76499],[108.36163,15.76507],[108.3621,15.76546],[108.36225,15.76559],[108.36234,15.76568],[108.36265,15.76594],[108.36266,15.76595],[108.36272,15.766],[108.36326,15.76648],[108.36347,15.76666],[108.36351,15.7667],[108.36369,15.76689],[108.36376,15.76697],[108.36386,15.76714],[108.36392,15.76731],[108.36397,15.76743],[108.36412,15.76779],[108.36418,15.76791],[108.36422,15.76799],[108.36429,15.76811],[108.36437,15.7682],[108.36447,15.7683],[108.36458,15.76839],[108.3647,15.7685],[108.36492,15.76868],[108.36507,15.76883],[108.36539,15.76909],[108.36542,15.76911],[108.36596,15.76954],[108.36657,15.77009],[108.36666,15.7702],[108.36675,15.77031],[108.36686,15.77046],[108.36698,15.77068],[108.36718,15.77113],[108.36734,15.77148],[108.36747,15.77177],[108.36787,15.77267],[108.36794,15.77284],[108.36855,15.77415],[108.36867,15.77442],[108.36878,15.77468],[108.36906,15.77531],[108.3692,15.77561],[108.36936,15.77598],[108.36947,15.77623],[108.36983,15.77705],[108.36996,15.77734],[108.3702,15.77789],[108.37035,15.77822],[108.37055,15.77865],[108.3707,15.7791],[108.37074,15.7793],[108.37075,15.77955],[108.37075,15.77978],[108.37073,15.78004],[108.3707,15.78021],[108.37065,15.78036],[108.37059,15.78051],[108.37053,15.78062],[108.37047,15.78074],[108.37035,15.78092],[108.37017,15.78124],[108.37016,15.78127],[108.37013,15.78133],[108.37008,15.78143],[108.36999,15.78159],[108.36998,15.78162],[108.36983,15.78191],[108.36979,15.78198],[108.36958,15.78237],[108.36952,15.78249],[108.36933,15.78283],[108.36914,15.78319],[108.36879,15.78382],[108.36872,15.78396],[108.36809,15.7851],[108.36799,15.78531],[108.36797,15.78537],[108.36792,15.78554],[108.36789,15.78561],[108.36786,15.78573],[108.36785,15.78586],[108.36782,15.78629],[108.36781,15.78643],[108.3678,15.78649],[108.36774,15.78707],[108.36772,15.78732],[108.3677,15.78759],[108.36765,15.78807],[108.36765,15.78858],[108.36766,15.78866],[108.36767,15.78877],[108.36769,15.78885],[108.3678,15.78943],[108.36783,15.78963],[108.36785,15.7897],[108.36789,15.78995],[108.36802,15.79051],[108.36804,15.79066],[108.36805,15.7907],[108.36809,15.79087],[108.36812,15.79101],[108.36821,15.79126],[108.36834,15.79147],[108.36854,15.79171],[108.36901,15.79221],[108.36907,15.79227],[108.36925,15.79246],[108.36945,15.79263],[108.3697,15.79285],[108.37005,15.7931],[108.37035,15.79333],[108.3704,15.79335],[108.37083,15.79368],[108.37123,15.79398],[108.3714,15.79414],[108.37148,15.79424],[108.37162,15.79441],[108.37167,15.79446],[108.37184,15.7947],[108.37192,15.79481],[108.37213,15.79507],[108.37231,15.7953],[108.37262,15.79571],[108.37274,15.79584],[108.37291,15.79599],[108.37292,15.796],[108.37306,15.7961],[108.37309,15.79612],[108.37323,15.79618],[108.3735,15.79626],[108.37418,15.79646],[108.37443,15.79653],[108.37467,15.79659],[108.37472,15.7966],[108.37541,15.79682],[108.3756,15.79688],[108.3765,15.79716],[108.37679,15.79724],[108.3772,15.7974],[108.37741,15.79749],[108.37771,15.79771],[108.378,15.798],[108.37834,15.79832],[108.37851,15.79848],[108.37883,15.79871],[108.37906,15.79887],[108.37943,15.7991],[108.3798,15.79934],[108.37992,15.79941],[108.38002,15.79951],[108.38009,15.79959],[108.38016,15.79966],[108.38019,15.79972],[108.38028,15.79984],[108.38038,15.80003],[108.38041,15.80014],[108.38044,15.80029],[108.38046,15.80047],[108.38049,15.80089],[108.38052,15.80109],[108.38058,15.80152],[108.38059,15.80158],[108.38067,15.80205],[108.38069,15.80209],[108.38073,15.80227],[108.38074,15.80252],[108.38074,15.80272],[108.38073,15.80282],[108.38073,15.80289],[108.38073,15.80291],[108.38073,15.80307],[108.38073,15.80309],[108.38075,15.8033],[108.38078,15.80339],[108.38083,15.80351],[108.38093,15.80375],[108.38098,15.80389],[108.38103,15.80403],[108.38124,15.80456],[108.3813,15.80472],[108.38138,15.8049],[108.38147,15.80513],[108.38178,15.80598],[108.38206,15.80676],[108.38211,15.80688],[108.38217,15.8071],[108.38222,15.80727],[108.38225,15.80737],[108.38228,15.80744],[108.38234,15.80761],[108.38239,15.80778],[108.38242,15.80787],[108.38255,15.80821],[108.38258,15.80829],[108.38309,15.80934],[108.3832,15.80963],[108.38347,15.81036],[108.38348,15.81038],[108.38382,15.81129],[108.38387,15.81139],[108.38405,15.8119],[108.38408,15.81199],[108.38416,15.81218],[108.38447,15.8128],[108.3845,15.81286],[108.38457,15.813],[108.38469,15.81316],[108.38485,15.81334],[108.38517,15.81365],[108.38519,15.81366],[108.3857,15.81411],[108.386,15.81441],[108.38614,15.81454],[108.38635,15.81467],[108.38657,15.81478],[108.38675,15.81489],[108.38676,15.8149],[108.38679,15.81493],[108.3869,15.81504],[108.38735,15.81557],[108.38792,15.81635],[108.38796,15.81641],[108.38861,15.8172],[108.38883,15.81745],[108.38926,15.81796],[108.38932,15.81801],[108.38961,15.8183],[108.38966,15.81834],[108.38973,15.81839],[108.38984,15.81845],[108.39017,15.81856],[108.39019,15.81857],[108.39021,15.81858],[108.39024,15.8186],[108.39026,15.81862],[108.39029,15.81864],[108.39031,15.81866],[108.39033,15.81869],[108.39035,15.81873],[108.39038,15.81878],[108.39039,15.81885],[108.39041,15.81897],[108.39041,15.81911],[108.39038,15.81948],[108.39038,15.81953],[108.39038,15.81956],[108.39039,15.8196],[108.3904,15.81963],[108.39042,15.81965],[108.39044,15.81968],[108.39045,15.81969],[108.39047,15.8197],[108.3905,15.81972],[108.39054,15.81974],[108.39058,15.81975],[108.39082,15.81979],[108.39124,15.81988],[108.39137,15.81991],[108.39161,15.81996],[108.39169,15.81997],[108.39177,15.81999],[108.39181,15.81999],[108.39183,15.81998],[108.39188,15.81997],[108.39192,15.81996],[108.39194,15.81995],[108.39196,15.81994],[108.39197,15.81993],[108.39198,15.81992],[108.392,15.8199],[108.392,15.81989],[108.39202,15.81987],[108.39203,15.81986],[108.39204,15.81985],[108.39214,15.81967],[108.39229,15.81934],[108.39231,15.8193],[108.39237,15.81918],[108.39244,15.81904],[108.39245,15.81902],[108.39255,15.81883],[108.39259,15.81877],[108.39261,15.81875],[108.39263,15.81873],[108.39264,15.81873],[108.39266,15.81872],[108.39267,15.81871],[108.39268,15.8187],[108.39269,15.8187],[108.3927,15.81869],[108.39271,15.81869],[108.39273,15.81869],[108.39274,15.81868],[108.39276,15.81867],[108.39283,15.81866],[108.39286,15.81865],[108.39288,15.81865],[108.3929,15.81865],[108.39292,15.81864],[108.39295,15.81864],[108.39297,15.81864],[108.39299,15.81864],[108.39301,15.81864],[108.39304,15.81863],[108.39308,15.81863],[108.3931,15.81863],[108.39313,15.81862],[108.39316,15.81862],[108.39318,15.81862],[108.3932,15.81862],[108.39325,15.81862],[108.39345,15.81863],[108.3936,15.81861],[108.39367,15.81859],[108.39372,15.81857],[108.39379,15.81854],[108.39389,15.81845],[108.3939,15.81845],[108.394,15.81834],[108.39402,15.81831],[108.39402,15.8183],[108.39412,15.81815],[108.39412,15.81814],[108.39417,15.81804],[108.39436,15.81762],[108.39441,15.8175],[108.39461,15.81706],[108.39476,15.8167],[108.39478,15.81668],[108.39486,15.81651],[108.39492,15.81631],[108.39504,15.81586],[108.39509,15.81557],[108.39511,15.81541],[108.39515,15.81503],[108.39517,15.81491],[108.39517,15.81466],[108.39518,15.81449],[108.39521,15.81441],[108.39528,15.81427],[108.39531,15.81421],[108.39536,15.81414],[108.39548,15.81391],[108.39558,15.81364],[108.3957,15.81329],[108.39586,15.81255],[108.39589,15.81242],[108.39592,15.81234],[108.39595,15.81227],[108.39599,15.81222],[108.39602,15.81219],[108.39605,15.81217],[108.39608,15.81216],[108.39613,15.81215],[108.3962,15.81215],[108.39631,15.81216],[108.39651,15.81218],[108.39657,15.81217],[108.3966,15.81216],[108.39666,15.8121],[108.39669,15.81207],[108.39673,15.81202],[108.39678,15.81181],[108.39687,15.81143],[108.39692,15.81123],[108.39709,15.81086],[108.39719,15.81067],[108.39725,15.81055],[108.39728,15.81049],[108.3973,15.81046],[108.3973,15.81045],[108.39737,15.81031],[108.39767,15.80962],[108.39781,15.80925],[108.3979,15.80903],[108.39794,15.80898],[108.39796,15.80893],[108.39802,15.80888],[108.39805,15.80886],[108.39808,15.80884],[108.39813,15.80883],[108.39817,15.80883],[108.39823,15.80884],[108.39839,15.80889],[108.39853,15.80894],[108.39863,15.80909],[108.39892,15.80916],[108.39948,15.80921],[108.40047,15.80929],[108.40052,15.8093],[108.40072,15.80929],[108.4012,15.80927],[108.40184,15.80924],[108.40196,15.80921],[108.40205,15.80917],[108.40224,15.80904],[108.40248,15.80889],[108.40272,15.80877],[108.40298,15.80863],[108.40307,15.80858],[108.40353,15.80834],[108.40355,15.80833],[108.40379,15.80821],[108.40413,15.80804],[108.40426,15.80796],[108.40466,15.80776],[108.40525,15.80749],[108.40542,15.80742],[108.40571,15.80729],[108.40591,15.80718],[108.40607,15.80709],[108.40632,15.80695],[108.40645,15.80688],[108.40703,15.80657],[108.40711,15.80654],[108.4078,15.80629],[108.40793,15.80624],[108.4082,15.80614],[108.40857,15.80596],[108.40886,15.80582],[108.40924,15.80564],[108.40985,15.80536],[108.40992,15.80533],[108.41,15.80529],[108.41008,15.80524],[108.41017,15.80518],[108.41033,15.80503],[108.41049,15.80487],[108.41053,15.80484],[108.41065,15.80469],[108.41076,15.80451],[108.41089,15.80427],[108.41102,15.80403],[108.41123,15.80363],[108.41124,15.80363],[108.41167,15.80283],[108.41185,15.80253],[108.41226,15.80196],[108.41246,15.80168],[108.41256,15.80153],[108.41268,15.80137],[108.41282,15.80112],[108.41285,15.80098],[108.41286,15.80088],[108.41287,15.80079],[108.41288,15.80057],[108.4129,15.79998],[108.4129,15.7998],[108.41292,15.79924],[108.41291,15.79757],[108.41292,15.79748],[108.41295,15.79738],[108.41298,15.79733],[108.41299,15.7973],[108.41301,15.79727],[108.41302,15.79726],[108.41304,15.79725],[108.41305,15.79725],[108.41308,15.79724],[108.4131,15.79724],[108.41311,15.79725],[108.41381,15.79761],[108.41463,15.79803],[108.41564,15.79851],[108.41595,15.79866],[108.41645,15.7989],[108.41661,15.79898],[108.41673,15.79903],[108.41679,15.79906],[108.41686,15.79908],[108.41692,15.79908],[108.41697,15.79905],[108.41707,15.79894],[108.41707,15.79887],[108.41708,15.79881],[108.41712,15.79872],[108.41723,15.79854],[108.41729,15.79841],[108.4174,15.79821],[108.41751,15.79798],[108.41771,15.79746],[108.41806,15.79672],[108.41819,15.79646],[108.4183,15.79616],[108.41835,15.79603],[108.41838,15.79591],[108.41842,15.79577],[108.41842,15.79574],[108.41846,15.79544],[108.41848,15.79503],[108.41845,15.7948],[108.41842,15.79457],[108.41837,15.79426],[108.41836,15.79403],[108.41836,15.794],[108.41836,15.7938],[108.41836,15.79368],[108.41836,15.79346],[108.41839,15.79305],[108.41842,15.79272],[108.41848,15.79246],[108.41854,15.79219],[108.41865,15.79186],[108.4187,15.7917],[108.41881,15.79134],[108.4189,15.79114],[108.41903,15.79088],[108.41915,15.79064],[108.41923,15.79046],[108.41933,15.79027],[108.41937,15.79019],[108.41945,15.79016],[108.41951,15.79002],[108.41956,15.78987],[108.41951,15.78981],[108.4194,15.78974],[108.41923,15.78966],[108.419,15.78956],[108.41877,15.78945],[108.41768,15.78889],[108.41751,15.78881],[108.41716,15.78863],[108.41689,15.78849],[108.41679,15.78845],[108.41674,15.78843],[108.4167,15.7884],[108.41668,15.78833],[108.41667,15.78827],[108.41667,15.78821],[108.41667,15.7882],[108.41667,15.78812],[108.41669,15.78794],[108.4167,15.78784],[108.41676,15.78773],[108.41685,15.78763],[108.41695,15.78751],[108.41703,15.78742],[108.41704,15.78741],[108.41739,15.78699],[108.4177,15.78665],[108.41776,15.78658],[108.41783,15.78653],[108.4179,15.78648],[108.41805,15.78638],[108.41806,15.78637],[108.41846,15.78611],[108.41868,15.78598],[108.41872,15.78596],[108.4188,15.7859],[108.41889,15.78581],[108.41895,15.78574],[108.41932,15.78537],[108.41962,15.785],[108.41982,15.78476],[108.41994,15.78462],[108.42016,15.78436],[108.42017,15.78434],[108.42026,15.78418],[108.42035,15.78402],[108.4207,15.78339],[108.42075,15.78332],[108.42079,15.78324],[108.42106,15.78276],[108.42109,15.78271],[108.42132,15.78229],[108.42144,15.78207],[108.42159,15.78181],[108.42181,15.7814],[108.42194,15.78112],[108.42212,15.78067],[108.42226,15.78031],[108.42232,15.78016],[108.42244,15.77985],[108.42254,15.77951],[108.42256,15.77943],[108.42268,15.7789],[108.42276,15.77861],[108.423,15.77766],[108.42303,15.7775],[108.42304,15.77744],[108.42302,15.77712],[108.42298,15.77662],[108.42296,15.77638],[108.42294,15.77611],[108.42287,15.77577],[108.42282,15.77556],[108.42281,15.77551],[108.42264,15.77481],[108.42261,15.7747],[108.42257,15.77452],[108.42253,15.77418],[108.42251,15.77405],[108.42245,15.77387],[108.42239,15.77376],[108.42233,15.77369],[108.42249,15.7737],[108.42249,15.77366]]},"properties":{"name":"DT.613","visibility":false,"styleUrl":"#line-1267FF-5000-nodesc22","stroke-opacity":1,"stroke":"#1267ff","stroke-width":5}},{"type":"Feature","geometry":{"type":"LineString","coordinates":[[108.42912,15.77371],[108.42944,15.77211],[108.42948,15.77199],[108.42972,15.7716],[108.4306,15.77029],[108.43078,15.77008],[108.43137,15.76949],[108.43179,15.76904],[108.43201,15.76873],[108.43235,15.76818],[108.43281,15.76726],[108.43353,15.76612],[108.43354,15.76611],[108.43389,15.76557],[108.43425,15.76497],[108.4347,15.76416],[108.43496,15.76375],[108.43571,15.76269],[108.43574,15.76266],[108.436,15.76222],[108.43624,15.76174],[108.43646,15.7612],[108.43654,15.76097],[108.43667,15.7607],[108.43712,15.75998],[108.4374,15.75958],[108.43741,15.75955],[108.43801,15.75864],[108.43851,15.75778],[108.43863,15.75748],[108.43942,15.75586],[108.43984,15.75474],[108.43994,15.75453],[108.4405,15.75387],[108.44181,15.75285],[108.4427,15.75212],[108.44277,15.75207],[108.44318,15.75172],[108.44365,15.7512],[108.4438,15.751],[108.44388,15.75084],[108.44401,15.75053],[108.4444,15.74947],[108.44451,15.74927],[108.44482,15.74879],[108.44524,15.74819],[108.44572,15.74767],[108.44581,15.74749],[108.44599,15.74696],[108.44609,15.74677],[108.4462,15.74659],[108.44636,15.74622],[108.44651,15.74593],[108.44672,15.74571],[108.44688,15.7456],[108.44695,15.74554],[108.44712,15.74532],[108.44802,15.74386],[108.44804,15.74384],[108.44806,15.74379],[108.44843,15.74317],[108.44848,15.74307],[108.44849,15.74306],[108.44857,15.74292],[108.44862,15.74278],[108.44871,15.74174],[108.44886,15.7411],[108.44896,15.74083],[108.44909,15.74063],[108.44957,15.74002],[108.44969,15.73983],[108.44987,15.73958],[108.45086,15.73807],[108.45108,15.73768],[108.45121,15.7374],[108.45122,15.73736],[108.45124,15.73732],[108.45125,15.73728],[108.4513,15.73715],[108.45131,15.73711],[108.45133,15.73708],[108.4522,15.73459],[108.45239,15.73413],[108.45292,15.73334],[108.45337,15.73262],[108.45385,15.73199],[108.45388,15.73194],[108.45497,15.73079],[108.45672,15.72905],[108.45702,15.72879],[108.45704,15.72878],[108.45746,15.72839],[108.45762,15.72816],[108.45789,15.72759],[108.45793,15.72749],[108.45833,15.72664],[108.45858,15.72627],[108.45906,15.7255],[108.45921,15.72518],[108.4594,15.72467],[108.45942,15.72463],[108.4596,15.72416],[108.46011,15.72319],[108.46027,15.72298],[108.46043,15.72281],[108.46053,15.72269],[108.46067,15.72255],[108.46087,15.72226],[108.46106,15.72195],[108.46283,15.71815],[108.46356,15.71673],[108.46392,15.71617],[108.46409,15.71594],[108.46428,15.71575],[108.46485,15.7153],[108.46513,15.71505],[108.46597,15.7142],[108.46675,15.71354],[108.46679,15.7135],[108.46697,15.71335],[108.4674,15.71279],[108.46918,15.71018],[108.47087,15.70847],[108.4718,15.70702],[108.47195,15.70673],[108.47196,15.70673],[108.4721,15.7064],[108.47253,15.7055],[108.47419,15.70256],[108.47471,15.7015],[108.47491,15.70116],[108.47509,15.70094],[108.47621,15.69975],[108.47749,15.6986],[108.47777,15.6983],[108.4795,15.69531],[108.47992,15.69466],[108.48083,15.69355],[108.48126,15.69299],[108.48161,15.6925],[108.48181,15.69218],[108.4819,15.69196],[108.482,15.69147],[108.482,15.69144],[108.48209,15.69108],[108.48218,15.6908],[108.48242,15.6902],[108.48243,15.69019],[108.48243,15.69017],[108.4826,15.68979],[108.48282,15.68944],[108.48311,15.68907],[108.4834,15.68864],[108.48379,15.68811],[108.48416,15.68774],[108.48455,15.68727],[108.48752,15.68294],[108.48754,15.68292],[108.48788,15.68242],[108.48798,15.68223],[108.48809,15.68189],[108.4883,15.68106],[108.48928,15.67827],[108.48929,15.67821],[108.48933,15.67811],[108.48949,15.6776],[108.49029,15.67531],[108.4903,15.67526],[108.49033,15.67517],[108.49035,15.67514],[108.49083,15.67377],[108.49085,15.67373],[108.49172,15.67122],[108.49172,15.6712],[108.49191,15.67068],[108.49204,15.67037],[108.49213,15.67021],[108.49224,15.67007],[108.49224,15.67006],[108.49284,15.66938],[108.49284,15.66937],[108.49304,15.66922],[108.4942,15.66826],[108.49452,15.6679],[108.49528,15.66685],[108.49655,15.66497],[108.49681,15.66462],[108.49704,15.66426],[108.49762,15.66272],[108.49764,15.66265],[108.49825,15.66148],[108.49841,15.66122],[108.49896,15.66043],[108.49909,15.66022],[108.49957,15.65954],[108.50043,15.65815],[108.50172,15.65632],[108.50174,15.6563],[108.5024,15.65545],[108.50264,15.65519],[108.50311,15.65472],[108.50336,15.6545],[108.50399,15.6539],[108.50457,15.65326],[108.50484,15.653],[108.50518,15.65262],[108.50547,15.65233],[108.50575,15.65215],[108.50636,15.65188],[108.50674,15.65168],[108.50708,15.65148],[108.50767,15.65108],[108.5081,15.65076],[108.50854,15.65034],[108.50872,15.65019],[108.50898,15.65002],[108.50899,15.65002],[108.50921,15.64982],[108.50959,15.64943],[108.50962,15.64939],[108.50964,15.64938],[108.51044,15.64848],[108.51056,15.64831],[108.5106,15.6482],[108.51062,15.64816],[108.51064,15.64805],[108.51064,15.64788],[108.51058,15.64771],[108.51044,15.64744],[108.51036,15.64724],[108.51035,15.64705],[108.51041,15.64678],[108.51086,15.64539],[108.51103,15.645],[108.51103,15.64498],[108.51118,15.64461],[108.51125,15.64435],[108.51126,15.64428],[108.51126,15.64422],[108.51139,15.6429],[108.51139,15.64285],[108.51147,15.64223],[108.51154,15.64183],[108.51165,15.64145],[108.51179,15.6411],[108.512,15.64066],[108.51201,15.64065],[108.51233,15.64008],[108.51285,15.63925],[108.51314,15.63888],[108.5133,15.6387],[108.51403,15.63779],[108.5143,15.63749],[108.51447,15.63732],[108.51465,15.63723],[108.51486,15.63715],[108.51493,15.63711],[108.51499,15.63709],[108.51524,15.63694],[108.51538,15.63684],[108.51539,15.63682],[108.5155,15.63668],[108.51559,15.63651],[108.51571,15.63638],[108.51592,15.63618],[108.51606,15.63607],[108.51628,15.63593],[108.51629,15.63592],[108.51666,15.63573],[108.51688,15.63558],[108.51711,15.63536],[108.51748,15.63513],[108.51749,15.63512],[108.51778,15.63492],[108.51779,15.63491],[108.51808,15.63471],[108.51859,15.63442],[108.51861,15.6344],[108.51871,15.63434],[108.51881,15.63417],[108.51894,15.63398],[108.51919,15.63366],[108.51946,15.63335],[108.51947,15.63332],[108.5195,15.63328],[108.51957,15.63311],[108.51994,15.63232],[108.51996,15.63225],[108.52016,15.63177],[108.52016,15.63176],[108.52026,15.63142],[108.5203,15.63118],[108.5203,15.63115],[108.52031,15.63111],[108.52048,15.6294],[108.52055,15.62906],[108.52061,15.62884],[108.52065,15.62873],[108.52078,15.62818],[108.52091,15.62786],[108.52092,15.62761],[108.52089,15.62713],[108.52095,15.62677],[108.52102,15.62651],[108.52143,15.62565],[108.52176,15.62526],[108.52195,15.62498],[108.52226,15.62437],[108.52255,15.62357],[108.52261,15.62344],[108.52288,15.62309],[108.52342,15.62257],[108.52343,15.62257],[108.52367,15.62236],[108.52408,15.62204],[108.52411,15.62201],[108.52453,15.62175],[108.52472,15.6216],[108.52513,15.62124],[108.52556,15.62083],[108.52628,15.62024],[108.5264,15.62012],[108.52658,15.6199],[108.52676,15.61971],[108.52681,15.61967],[108.52682,15.61965],[108.52684,15.61964],[108.52723,15.61932],[108.52726,15.61929],[108.52746,15.61913],[108.52769,15.61891],[108.52779,15.61876],[108.52789,15.61855],[108.52802,15.61833],[108.52804,15.61826],[108.52809,15.6182],[108.52812,15.61815],[108.52835,15.61795],[108.52854,15.61775],[108.52882,15.6174],[108.5291,15.6171],[108.52942,15.61689],[108.52966,15.6167],[108.52979,15.61656],[108.52998,15.61631],[108.53,15.61629],[108.53009,15.61617],[108.53011,15.61615],[108.53031,15.61588],[108.5304,15.61568],[108.53057,15.61501],[108.53067,15.61477],[108.53088,15.61442],[108.5312,15.61403],[108.53146,15.61377],[108.53202,15.61332],[108.53261,15.61269],[108.53284,15.61248],[108.53296,15.61233],[108.53304,15.6122],[108.5331,15.61199],[108.53312,15.61187],[108.53316,15.61175],[108.53318,15.61165],[108.5334,15.61105],[108.53354,15.61074],[108.53365,15.61058],[108.5338,15.61039],[108.53385,15.61034],[108.53397,15.61019],[108.53466,15.60956],[108.53469,15.60951],[108.53475,15.60943],[108.53476,15.60939],[108.53476,15.60938],[108.5348,15.60933],[108.53507,15.60887],[108.53518,15.60872],[108.53534,15.60853],[108.53546,15.60831],[108.53559,15.6081],[108.53579,15.60792],[108.53598,15.6078],[108.53711,15.6072],[108.53741,15.6071],[108.53763,15.60701],[108.53819,15.6066],[108.53898,15.60598],[108.53932,15.60576],[108.53956,15.60558],[108.53961,15.60555],[108.53986,15.60536],[108.54007,15.60527],[108.54023,15.60523],[108.5406,15.60516],[108.54088,15.60514],[108.54112,15.60509],[108.54141,15.60497],[108.54165,15.60485],[108.54191,15.6047],[108.54198,15.60463],[108.54199,15.60461],[108.5421,15.60449],[108.54228,15.60425],[108.54234,15.60419],[108.54242,15.60405],[108.5425,15.60394],[108.54266,15.60378],[108.54319,15.60337],[108.54329,15.60327],[108.54341,15.60311],[108.54368,15.60252],[108.54378,15.60227],[108.54383,15.6021],[108.54389,15.60194],[108.54396,15.60153],[108.54407,15.60108],[108.54422,15.60061],[108.54425,15.60047],[108.54443,15.5999],[108.54453,15.59968],[108.54474,15.59937],[108.54504,15.59902],[108.54515,15.59891],[108.54535,15.59875],[108.54652,15.59811],[108.54707,15.59776],[108.54721,15.59764],[108.54722,15.59764],[108.54748,15.5974],[108.54761,15.59725],[108.54772,15.5971],[108.5478,15.59696],[108.54791,15.59681],[108.54791,15.5968],[108.54803,15.59668],[108.54819,15.59655],[108.54844,15.59631],[108.54849,15.59625],[108.54855,15.59616],[108.54857,15.59612],[108.54861,15.59607],[108.549,15.59539],[108.54904,15.59522],[108.54905,15.5952],[108.5491,15.59502],[108.54913,15.59485],[108.54925,15.59438],[108.54937,15.59404],[108.54954,15.59365],[108.54972,15.5933],[108.55008,15.59234],[108.55008,15.59232],[108.55035,15.5915],[108.55055,15.59097],[108.5507,15.59064],[108.55088,15.59036],[108.551,15.59015],[108.55103,15.59011],[108.55131,15.58964],[108.55136,15.58957],[108.55177,15.58878],[108.5518,15.58871],[108.55382,15.58493],[108.55399,15.58465],[108.55422,15.58456],[108.55509,15.58432],[108.55552,15.58416],[108.5557,15.58407],[108.55672,15.58308],[108.55754,15.58222],[108.55819,15.58144],[108.55844,15.58118],[108.55865,15.58103],[108.55973,15.58048],[108.56004,15.58025],[108.56071,15.57964],[108.56098,15.57937],[108.56111,15.57922],[108.5612,15.57907],[108.56129,15.57873],[108.56141,15.57841],[108.56165,15.57804],[108.56166,15.57804],[108.56181,15.57781],[108.56181,15.5778],[108.56194,15.57758],[108.56202,15.57742],[108.56204,15.57736],[108.56208,15.57719],[108.56209,15.57711],[108.56211,15.57703],[108.56211,15.57701],[108.56215,15.57688],[108.56223,15.57672],[108.56282,15.57587],[108.56283,15.57586],[108.56304,15.57554],[108.56306,15.57549],[108.56335,15.57504],[108.56336,15.57504],[108.56381,15.57421],[108.56511,15.57147],[108.56514,15.57139],[108.56529,15.57117],[108.56618,15.57038],[108.56635,15.57027],[108.56678,15.57015],[108.56708,15.57005],[108.56731,15.56985],[108.56826,15.56854],[108.56849,15.56829],[108.56936,15.56741],[108.56947,15.56723],[108.56957,15.56699],[108.56969,15.56663],[108.56981,15.56632],[108.56981,15.5663],[108.56999,15.56585],[108.57012,15.56559],[108.57025,15.56528],[108.57026,15.56527],[108.5702,15.56492],[108.57011,15.56452],[108.56975,15.5634],[108.56961,15.56287],[108.5696,15.56281],[108.56962,15.56268],[108.56967,15.56249],[108.5702,15.56096],[108.57079,15.55938],[108.57116,15.55868],[108.57134,15.55844],[108.57139,15.55836],[108.5717,15.55801],[108.57172,15.55798],[108.5732,15.5563],[108.57358,15.5559],[108.57486,15.55444],[108.57514,15.55417],[108.57556,15.55384],[108.57588,15.55362],[108.57953,15.5515],[108.57964,15.55146],[108.57989,15.55135],[108.58014,15.55126],[108.58023,15.55122],[108.58059,15.55109],[108.58071,15.55107],[108.58084,15.55106],[108.58132,15.5512],[108.58176,15.55136],[108.58205,15.5513],[108.58264,15.55113],[108.58309,15.55096],[108.58332,15.55086],[108.58357,15.55073],[108.58377,15.55057],[108.58469,15.54959],[108.5851,15.54927],[108.58518,15.54919],[108.58537,15.54904],[108.58628,15.54813],[108.58667,15.54771],[108.587,15.54743],[108.58734,15.54718],[108.58772,15.54675],[108.58807,15.54631],[108.58811,15.54625],[108.58912,15.54496],[108.58916,15.5449],[108.59134,15.54223],[108.59158,15.54188],[108.59174,15.54161],[108.59265,15.54029],[108.59306,15.53962],[108.59425,15.53731],[108.59436,15.53702],[108.59438,15.53691],[108.59441,15.53682],[108.59494,15.53415],[108.59505,15.53367],[108.59505,15.53366],[108.59511,15.53345],[108.59587,15.53172],[108.59592,15.53158],[108.59593,15.53151],[108.59595,15.53145],[108.59596,15.53131],[108.59591,15.53074],[108.59591,15.53044],[108.59593,15.53024],[108.59601,15.53004],[108.59657,15.52906],[108.59678,15.52875],[108.59682,15.52868],[108.59703,15.52837],[108.59769,15.52717],[108.5981,15.52637],[108.59829,15.52611],[108.59835,15.52605],[108.59858,15.52589],[108.6002,15.52501],[108.60029,15.52497],[108.60042,15.52493],[108.60252,15.52459],[108.60259,15.52456],[108.60272,15.52448],[108.60319,15.52411],[108.60356,15.52392],[108.60399,15.52374],[108.60444,15.52352],[108.6054,15.5231],[108.60549,15.52305],[108.60555,15.52299],[108.60593,15.52254],[108.60615,15.52236],[108.60644,15.52215],[108.60682,15.5219],[108.60718,15.52173],[108.60776,15.52149],[108.60838,15.52119],[108.60854,15.5211],[108.60949,15.52019],[108.60953,15.52014],[108.61007,15.5196],[108.6103,15.51934],[108.61111,15.51819],[108.61153,15.51765],[108.61207,15.51716],[108.61299,15.51623],[108.6133,15.51583],[108.61352,15.51546],[108.61394,15.51467],[108.61404,15.51444],[108.61424,15.51373],[108.61425,15.51366],[108.61431,15.5135],[108.61437,15.51337],[108.61454,15.51309],[108.61489,15.5127],[108.61634,15.51159],[108.61827,15.51025],[108.61936,15.50964],[108.62021,15.5092],[108.62035,15.50914],[108.62045,15.50912],[108.62154,15.509],[108.62182,15.50893],[108.62183,15.50892],[108.62246,15.50874],[108.62344,15.50827],[108.62438,15.50785],[108.62451,15.5078],[108.62567,15.50728],[108.62674,15.50676],[108.62679,15.50673],[108.62708,15.50661],[108.62726,15.50656],[108.62765,15.50648],[108.62798,15.50639],[108.62824,15.50625],[108.6283,15.5062],[108.62909,15.50565],[108.62922,15.50559],[108.62957,15.50546],[108.62967,15.50541],[108.62974,15.50539],[108.6298,15.50536],[108.63244,15.50347],[108.63335,15.50277],[108.63507,15.50152],[108.63564,15.5012],[108.63565,15.50119],[108.63656,15.50063],[108.63769,15.50007],[108.63773,15.50006],[108.63953,15.49919],[108.63956,15.49917],[108.63989,15.49902],[108.64013,15.49885],[108.64132,15.49772],[108.64177,15.49734],[108.64217,15.49693],[108.64273,15.49651],[108.64304,15.49631],[108.64375,15.49606],[108.64404,15.4959],[108.64443,15.49559],[108.64472,15.49532],[108.64506,15.4951],[108.64541,15.49491],[108.64609,15.49458],[108.64627,15.49452],[108.64636,15.49448],[108.64644,15.49442]]},"properties":{"name":"DT.613B","visibility":false,"styleUrl":"#line-1267FF-5000-nodesc23","stroke-opacity":1,"stroke":"#1267ff","stroke-width":5}},{"type":"Feature","geometry":{"type":"LineString","coordinates":[[108.3594233925651,15.74219974157503],[108.3607990968812,15.74256151420732],[108.3613381356909,15.74269885068608],[108.3624813477205,15.74299130763157],[108.3633810668973,15.74320998812195],[108.3641447054186,15.74346884975648],[108.3647900938193,15.74380345195851],[108.3648259668145,15.74382904214189],[108.365938924764,15.74439332741752],[108.3668510069642,15.74468007793581],[108.3682425329048,15.74492234013077],[108.3697641185541,15.74495070030492],[108.3711458764388,15.74492882922281],[108.3726464531073,15.74492532024149],[108.3734114461695,15.74501095400767],[108.3743671974736,15.7453498539694],[108.3764760695754,15.74716278918396],[108.3776404811175,15.74758376107577],[108.3796494224732,15.74836558744378],[108.3810453656269,15.74910621281151],[108.382466376699,15.74996563494971],[108.3830371954299,15.75036607130948],[108.3832729048646,15.75063214357682],[108.385766343462,15.75499247369933],[108.3859299228995,15.75531026561968],[108.386504793384,15.75556766190099],[108.3879708388855,15.75621172937684],[108.3893262010112,15.756797661865],[108.3898313405513,15.75692639545126],[108.391333283027,15.75724963932477],[108.3918381125356,15.75754856366614],[108.3931471893108,15.75843914820993],[108.3939376027269,15.75897554367612],[108.3948459744489,15.75909313702957],[108.3966661544848,15.75917478921478],[108.3969900873131,15.75919320797257],[108.3977536180268,15.75916289422908],[108.398219129715,15.7593789316448],[108.3990601690107,15.75997339508151],[108.4000558676488,15.76061218173368],[108.4015770732049,15.76165897758925],[108.401885547221,15.76169546837923],[108.4026965257327,15.76167316898116],[108.4032290316391,15.76151405660304],[108.4037347177266,15.76172059354157],[108.4038777124748,15.7618519448889],[108.404168319777,15.76217025795707],[108.4043317073339,15.76232298391097],[108.4048502050488,15.76240060522046],[108.4054148374906,15.76242255562283],[108.4063779176175,15.76280148656939],[108.4068849578579,15.76326640828193],[108.4085256500865,15.76700733654488],[108.4096706460573,15.76825234591255],[108.410346415527,15.76871733767092],[108.4133673386367,15.7698591410274],[108.4151163073448,15.77046925561772],[108.4177943741882,15.7715408800939],[108.4187131425837,15.77211760007192],[108.4198256660779,15.77279011818988],[108.4207654410063,15.77323734443699],[108.421153465582,15.77355998128963],[108.4216973744568,15.7736588072337],[108.4231284498524,15.77363729492737],[108.4240049697123,15.77363884192134],[108.4251771766949,15.77353792748373],[108.4264385945827,15.77345542086199],[108.4272623839722,15.77360643046439],[108.4279973047791,15.77352689175138],[108.428768749033,15.77374298769129],[108.4291214663058,15.77372705835762]]},"properties":{"name":"Km0-Km9+060 QL14E cũ thành ĐT.613B","visibility":false,"styleUrl":"#line-1267FF-5000-nodesc50","stroke-opacity":0.6,"stroke":"#0055ff","stroke-width":20}},{"type":"Feature","geometry":{"type":"LineString","coordinates":[[108.30636,15.48812],[108.30534,15.48908],[108.30533,15.4891],[108.30441,15.49002],[108.30437,15.49005],[108.30395,15.49051],[108.30342,15.49139],[108.30313,15.4918],[108.30288,15.492],[108.3028,15.49204],[108.3023,15.4924],[108.30197,15.49293],[108.30185,15.49317],[108.30135,15.49461],[108.30116,15.49526],[108.30107,15.4955],[108.3005,15.49663],[108.30035,15.49684],[108.29946,15.49774],[108.29785,15.49955],[108.29718,15.50013],[108.2969,15.50041],[108.29679,15.50054],[108.29635,15.50129],[108.29627,15.5014],[108.29614,15.50154],[108.29579,15.50185],[108.29534,15.50237],[108.29518,15.50258],[108.29471,15.50336],[108.29448,15.5036],[108.29413,15.5039],[108.29381,15.50413],[108.29361,15.50432],[108.29346,15.50454],[108.29334,15.50478],[108.29326,15.50507],[108.29321,15.50536],[108.2932,15.50612],[108.29321,15.50615],[108.29322,15.50635],[108.29329,15.5065],[108.29344,15.5067],[108.29366,15.50707],[108.29371,15.50765],[108.29372,15.50891],[108.29371,15.50899],[108.29365,15.50911],[108.29355,15.50925],[108.29299,15.50985],[108.29247,15.51021],[108.29185,15.51055],[108.29158,15.51074],[108.29157,15.51074],[108.29046,15.51199],[108.29003,15.5127],[108.28998,15.51281],[108.28993,15.51312],[108.28991,15.51336],[108.28991,15.51357],[108.28993,15.51373],[108.28992,15.51392],[108.28993,15.51437],[108.28997,15.51469],[108.28996,15.515],[108.29001,15.51533],[108.29002,15.51533],[108.29005,15.5154],[108.29024,15.51563],[108.29028,15.51576],[108.29025,15.51597],[108.29014,15.5161],[108.29012,15.51621],[108.28999,15.51664],[108.28965,15.51735],[108.28959,15.5176],[108.28957,15.51783],[108.28959,15.51799],[108.28989,15.51855],[108.29004,15.51872],[108.29022,15.51886],[108.29043,15.5191],[108.29051,15.51922],[108.29057,15.51936],[108.29076,15.52013],[108.29076,15.5203],[108.29069,15.52057],[108.29062,15.52069],[108.29053,15.5209],[108.29053,15.52098],[108.29058,15.52123],[108.29059,15.52136],[108.29058,15.5215],[108.29046,15.52189],[108.29039,15.52225],[108.29038,15.52239],[108.29039,15.5226],[108.29048,15.52299],[108.29073,15.52383],[108.29078,15.52409],[108.29079,15.52438],[108.29073,15.52461],[108.29072,15.52471],[108.29074,15.5248],[108.29074,15.52492],[108.29073,15.52497],[108.29068,15.52506],[108.2905,15.5252],[108.29027,15.52534],[108.29005,15.52543],[108.28989,15.52554],[108.28974,15.52568],[108.28954,15.52582],[108.28923,15.52596],[108.28913,15.52603],[108.28867,15.52711],[108.2885,15.52758],[108.28842,15.52766],[108.28838,15.52768],[108.28831,15.52769],[108.28831,15.5277],[108.28796,15.52775],[108.28772,15.52781],[108.28758,15.52783],[108.28747,15.52783],[108.28727,15.52785],[108.28718,15.52788],[108.28707,15.52794],[108.28695,15.52806],[108.28691,15.52814],[108.28689,15.52822],[108.28689,15.5283],[108.28698,15.52866],[108.28699,15.5289],[108.28687,15.52995],[108.28678,15.5304],[108.28677,15.53054],[108.2868,15.53067],[108.28683,15.53074],[108.287,15.53095],[108.28716,15.53118],[108.28741,15.53141],[108.28746,15.53148],[108.28746,15.53151],[108.28747,15.53155],[108.28745,15.53179],[108.28744,15.5318],[108.28739,15.53213],[108.28739,15.53218],[108.2874,15.53224],[108.28746,15.53239],[108.2875,15.5326],[108.2875,15.53268],[108.28744,15.53287],[108.28738,15.53322],[108.28729,15.53344],[108.28708,15.53363],[108.28693,15.5337],[108.28676,15.5338],[108.28671,15.53387],[108.2867,15.53387],[108.28664,15.53396],[108.28662,15.53401],[108.28661,15.53413],[108.28657,15.53434],[108.28649,15.53451],[108.28618,15.53488],[108.28613,15.53502],[108.28612,15.53507],[108.28616,15.53525],[108.2862,15.53535],[108.28625,15.53559],[108.28624,15.53561],[108.28624,15.53563],[108.28611,15.53582],[108.28605,15.53589],[108.28583,15.53625],[108.28578,15.53639],[108.28568,15.5366],[108.28559,15.53672],[108.2855,15.53681],[108.28535,15.53693],[108.28514,15.53706],[108.2851,15.5371],[108.28494,15.53731],[108.28489,15.53744],[108.28482,15.53771],[108.28476,15.53848],[108.28484,15.53869],[108.28487,15.5388],[108.28488,15.53882],[108.28488,15.53894],[108.28483,15.5391],[108.28482,15.53925],[108.28488,15.53971],[108.2849,15.54004],[108.28492,15.54016],[108.28495,15.54025],[108.28501,15.54035],[108.28509,15.54043],[108.28512,15.54048],[108.28514,15.5405],[108.28523,15.54064],[108.28526,15.54072],[108.28527,15.54079],[108.28526,15.54081],[108.28519,15.54135],[108.28515,15.54154],[108.28511,15.54163],[108.28471,15.5422],[108.28466,15.5423],[108.28466,15.54231],[108.28465,15.54233],[108.28463,15.54248],[108.28463,15.54266],[108.28455,15.54334],[108.28456,15.54338],[108.28456,15.54342],[108.28459,15.54351],[108.28462,15.54354],[108.28471,15.54359],[108.28506,15.54361],[108.28517,15.54364],[108.2853,15.54376],[108.28533,15.54378],[108.2854,15.5439],[108.2854,15.54391],[108.28541,15.54394],[108.28541,15.54398],[108.28536,15.54408],[108.2853,15.54416],[108.28527,15.54423],[108.28525,15.54426],[108.28521,15.54435],[108.28521,15.5444],[108.28518,15.54457],[108.28519,15.54474],[108.28524,15.5449],[108.28526,15.54494],[108.28533,15.545],[108.28537,15.54502],[108.28547,15.54505],[108.28677,15.54531],[108.28686,15.54536],[108.28687,15.54536],[108.28697,15.54542],[108.28711,15.54553],[108.28725,15.54573],[108.28725,15.54574],[108.28735,15.54591],[108.28748,15.54605],[108.28775,15.54618],[108.28789,15.54623],[108.28802,15.54626],[108.2883,15.54629],[108.28853,15.54634],[108.28914,15.54652],[108.28922,15.54657],[108.28923,15.54657],[108.28942,15.5467],[108.28952,15.54684],[108.28978,15.54705],[108.29038,15.54767],[108.29065,15.54812],[108.29077,15.5482],[108.29097,15.54828],[108.29115,15.54833],[108.29145,15.54853],[108.29163,15.54871],[108.29176,15.54887],[108.2919,15.54899],[108.29232,15.54924],[108.29238,15.5493],[108.29246,15.54943],[108.29257,15.54969],[108.2926,15.54974],[108.2926,15.54975],[108.29275,15.55005],[108.29282,15.55034],[108.29281,15.55044],[108.29274,15.55071],[108.29273,15.55084],[108.29276,15.55098],[108.29282,15.55112],[108.29288,15.5512],[108.29297,15.55127],[108.29319,15.55136],[108.29345,15.5515],[108.2938,15.55172],[108.29399,15.5519],[108.29404,15.55201],[108.29407,15.55216],[108.29409,15.5524],[108.29418,15.55265],[108.29426,15.55281],[108.29443,15.55308],[108.29459,15.55348],[108.29461,15.5536],[108.29445,15.55434],[108.2945,15.55552],[108.29452,15.5557],[108.29452,15.55583],[108.29448,15.55601],[108.29445,15.55627],[108.29448,15.5569],[108.29446,15.557],[108.29442,15.55709],[108.29438,15.55724],[108.29425,15.55752],[108.29416,15.55776],[108.29415,15.55794],[108.29411,15.55812],[108.2941,15.55823],[108.29403,15.55843],[108.29402,15.55849],[108.29399,15.55856],[108.29399,15.5586],[108.29394,15.55883],[108.29394,15.55896],[108.29397,15.55906],[108.29408,15.55922],[108.29418,15.55941],[108.29424,15.5596],[108.29425,15.55971],[108.29424,15.55977],[108.29421,15.55984],[108.29416,15.5599],[108.29411,15.55992],[108.29393,15.56004],[108.29385,15.56012],[108.29383,15.56016],[108.29373,15.56053],[108.29359,15.56076],[108.29355,15.56081],[108.29355,15.56082],[108.29349,15.56087],[108.29343,15.56094],[108.2934,15.56096],[108.2932,15.56118],[108.29301,15.56153],[108.293,15.56154],[108.29288,15.56175],[108.29283,15.56195],[108.29281,15.56215],[108.29275,15.56243],[108.29255,15.56289],[108.29253,15.56292],[108.2925,15.56299],[108.29238,15.56306],[108.29227,15.56309],[108.29214,15.56309],[108.29194,15.56312],[108.29132,15.56335],[108.29125,15.56339],[108.29116,15.56346],[108.29111,15.56355],[108.2911,15.56359],[108.29107,15.56364],[108.29103,15.56374],[108.29101,15.56376],[108.29091,15.5638],[108.29087,15.5638],[108.29079,15.56383],[108.29074,15.56384],[108.29072,15.56385],[108.29068,15.56385],[108.29058,15.56382],[108.29042,15.56368],[108.29028,15.5636],[108.29015,15.56358],[108.2901,15.56359],[108.29004,15.56359],[108.29001,15.5636],[108.28989,15.56361],[108.28986,15.56362],[108.28982,15.56366],[108.2898,15.56371],[108.28982,15.56379],[108.28983,15.56379],[108.28988,15.56388],[108.28992,15.56393],[108.29001,15.56401],[108.29025,15.56418],[108.29046,15.56438],[108.29048,15.56442],[108.29049,15.56443],[108.29051,15.56447],[108.29051,15.56456],[108.2905,15.56459],[108.2905,15.5646],[108.29045,15.56474],[108.29021,15.56506],[108.29011,15.56513],[108.2901,15.56513],[108.29009,15.56514],[108.29006,15.56514],[108.29004,15.56515],[108.28992,15.56516],[108.28981,15.56514],[108.28976,15.56512],[108.28971,15.56509],[108.28957,15.56503],[108.28956,15.56503],[108.28954,15.56502],[108.28953,15.56502],[108.28952,15.56501],[108.28942,15.56501],[108.2894,15.56502],[108.28939,15.56502],[108.28928,15.56506],[108.28922,15.56511],[108.28903,15.56531],[108.28899,15.56537],[108.28896,15.5654],[108.28893,15.56542],[108.28888,15.56543],[108.2888,15.56543],[108.28876,15.56544],[108.28871,15.56543],[108.28866,15.56543],[108.28862,15.56542],[108.28857,15.56542],[108.28845,15.56539],[108.28837,15.56535],[108.28819,15.56522],[108.28816,15.56519],[108.28816,15.56518],[108.28811,15.56511],[108.28802,15.56502],[108.28792,15.56498],[108.28781,15.56496],[108.28776,15.56496],[108.28732,15.5649],[108.28731,15.56489],[108.28727,15.56488],[108.2868,15.56469],[108.28678,15.56469],[108.28662,15.56465],[108.28661,15.56464],[108.28657,15.56464],[108.2863,15.56458],[108.28608,15.56447],[108.28598,15.56445],[108.28592,15.56445],[108.28576,15.56449],[108.28573,15.56451],[108.28572,15.56451],[108.28555,15.56458],[108.28554,15.56459],[108.28519,15.56474],[108.28501,15.56484],[108.28469,15.5651],[108.28444,15.56538],[108.28413,15.56566],[108.28395,15.56585],[108.28394,15.56585],[108.28388,15.56591],[108.28378,15.56597],[108.28368,15.56601],[108.28355,15.56608],[108.28351,15.56612],[108.28349,15.56616],[108.28345,15.56649],[108.28341,15.56665],[108.28314,15.56736],[108.28306,15.56763],[108.28307,15.56772],[108.28311,15.56782],[108.28327,15.56807],[108.28344,15.56826],[108.28354,15.5683],[108.28382,15.56836],[108.28411,15.56832],[108.28418,15.56832],[108.28422,15.56833],[108.28422,15.56834],[108.28427,15.56836],[108.28439,15.56845],[108.28485,15.56887],[108.2849,15.56893],[108.2849,15.56894],[108.28495,15.569],[108.28503,15.56923],[108.28506,15.56941],[108.28511,15.57001],[108.28511,15.57017],[108.28509,15.57027],[108.28506,15.57031],[108.28506,15.57032],[108.28501,15.57037],[108.28461,15.57062],[108.2846,15.57062],[108.28458,15.57064],[108.28438,15.57077],[108.28396,15.5713],[108.28381,15.57145],[108.28374,15.57149],[108.28368,15.57151],[108.28367,15.57152],[108.28354,15.57157],[108.28351,15.57159],[108.28334,15.57166],[108.2833,15.57169],[108.28316,15.57193],[108.28313,15.57196],[108.28306,15.57217],[108.28306,15.57229],[108.28309,15.57242],[108.28318,15.57265],[108.28324,15.5729],[108.28334,15.57309],[108.28347,15.57325],[108.28356,15.57333],[108.28424,15.57378],[108.28445,15.57389],[108.28467,15.57398],[108.28476,15.574],[108.28495,15.574],[108.28509,15.57404],[108.28514,15.57409],[108.28538,15.57445],[108.28536,15.57452],[108.28526,15.57463],[108.28506,15.57479],[108.28498,15.57481],[108.28469,15.57482],[108.28422,15.57479],[108.28354,15.57463],[108.28331,15.57462],[108.28325,15.57463],[108.28316,15.57466],[108.28311,15.57469],[108.28307,15.57473],[108.28303,15.57479],[108.28296,15.57494],[108.28291,15.57502],[108.28288,15.57505],[108.28278,15.57509],[108.28272,15.5751],[108.28254,15.57506],[108.28237,15.57504],[108.28218,15.57496],[108.28186,15.57479],[108.28172,15.57477],[108.28151,15.57476],[108.28099,15.57478],[108.28081,15.57481],[108.28049,15.57482],[108.28044,15.57483],[108.28032,15.57479],[108.28029,15.57476],[108.28026,15.57474],[108.28021,15.57467],[108.28018,15.57465],[108.28013,15.5746],[108.2801,15.57459],[108.28009,15.57458],[108.28004,15.57457],[108.28003,15.57456],[108.27947,15.57444],[108.27913,15.57439],[108.27835,15.57437],[108.27807,15.57439],[108.27803,15.5744],[108.2777,15.57442],[108.27697,15.57452],[108.27631,15.57458],[108.27601,15.57458],[108.27563,15.57451],[108.27551,15.5745],[108.27454,15.57455],[108.27448,15.57456],[108.27404,15.57457],[108.27357,15.57455],[108.27345,15.57451],[108.27337,15.57447],[108.27324,15.57435],[108.27318,15.57428],[108.27301,15.57416],[108.27277,15.5741],[108.27269,15.5741],[108.27192,15.57428],[108.27176,15.57433],[108.27168,15.57438],[108.2716,15.57445],[108.2714,15.5747],[108.2713,15.5748],[108.27083,15.57513],[108.27068,15.5753],[108.27062,15.57541],[108.27046,15.57559],[108.27024,15.57579],[108.27016,15.57588],[108.26949,15.5768],[108.2694,15.57699],[108.26914,15.57781],[108.26913,15.57787],[108.26905,15.57803],[108.26902,15.57806],[108.26897,15.57813],[108.26887,15.57821],[108.26858,15.57852],[108.26855,15.57866],[108.26855,15.57886],[108.26856,15.57893],[108.26856,15.57901],[108.26857,15.57908],[108.26857,15.57923],[108.26838,15.57989],[108.26831,15.58001],[108.2678,15.58048],[108.26778,15.58049],[108.26764,15.58067],[108.267,15.58205],[108.26682,15.58255],[108.26675,15.58265],[108.26673,15.58269],[108.26636,15.58305],[108.2661,15.58325],[108.26604,15.58331],[108.2658,15.5835],[108.2657,15.5836],[108.26556,15.5838],[108.26549,15.58399],[108.26547,15.58422],[108.26548,15.58431],[108.26547,15.58438],[108.26539,15.58453],[108.26521,15.58473],[108.26513,15.58478],[108.26513,15.58479],[108.26495,15.58486],[108.26446,15.58493],[108.26425,15.58493],[108.26412,15.5849],[108.2641,15.5849],[108.26391,15.58483],[108.26362,15.58468],[108.26361,15.58467],[108.26361,15.58466],[108.26347,15.58445],[108.26341,15.58427],[108.26341,15.58423],[108.2634,15.58418],[108.26341,15.58413],[108.2635,15.58391],[108.26352,15.58389],[108.26352,15.58387],[108.26353,15.58385],[108.26353,15.58382],[108.26354,15.5838],[108.26353,15.58379],[108.26353,15.58377],[108.2635,15.58366],[108.2635,15.5836],[108.26349,15.58356],[108.26349,15.58268],[108.26348,15.58258],[108.26345,15.58246],[108.26342,15.5824],[108.26342,15.58239],[108.26336,15.58232],[108.26334,15.58228],[108.26329,15.58221],[108.26313,15.58205],[108.26303,15.5819],[108.26301,15.58177],[108.26301,15.58167],[108.263,15.58164],[108.263,15.58159],[108.26295,15.58144],[108.26293,15.58141],[108.2628,15.58127],[108.26257,15.58109],[108.26232,15.58097],[108.26226,15.58095],[108.26216,15.58095],[108.26206,15.58099],[108.26194,15.58107],[108.26187,15.58114],[108.26181,15.58124],[108.2618,15.58125],[108.26165,15.58152],[108.26136,15.58187],[108.26131,15.58191],[108.26129,15.58192],[108.26127,15.58194],[108.26115,15.58197],[108.26102,15.58198],[108.26097,15.58197],[108.26093,15.58197],[108.26084,15.58195],[108.26075,15.58191],[108.26068,15.58184],[108.26063,15.58176],[108.26061,15.5817],[108.26057,15.58162],[108.26053,15.58148],[108.26051,15.58144],[108.2605,15.58143],[108.2605,15.58142],[108.26041,15.58136],[108.26026,15.58129],[108.26014,15.58128],[108.2598,15.58134],[108.25974,15.58136],[108.25967,15.58136],[108.2595,15.58132],[108.25938,15.58126],[108.2593,15.5812],[108.25926,15.58116],[108.25906,15.58105],[108.25875,15.58095],[108.25841,15.58088],[108.25823,15.58088],[108.25801,15.58099],[108.25786,15.5811],[108.25782,15.58112],[108.25769,15.58114],[108.2576,15.58113],[108.25747,15.58114],[108.25609,15.58113],[108.25595,15.58114],[108.25482,15.58142],[108.25481,15.58143],[108.25471,15.58143],[108.25466,15.58141],[108.25454,15.58134],[108.25434,15.58118],[108.25418,15.58102],[108.25399,15.58088],[108.2539,15.58085],[108.25362,15.58084],[108.25359,15.58085],[108.25354,15.58088],[108.25347,15.58094],[108.25338,15.58106],[108.25322,15.58132],[108.25321,15.58133],[108.25302,15.58165],[108.253,15.58167],[108.25299,15.58169],[108.25291,15.58172],[108.25286,15.58172],[108.2527,15.58166],[108.25269,15.58166],[108.25265,15.58164],[108.2526,15.58163],[108.25251,15.58163],[108.25243,15.58166],[108.25241,15.58168],[108.25239,15.58169],[108.25236,15.58175],[108.25236,15.58177],[108.25235,15.58181],[108.25235,15.58186],[108.25233,15.58199],[108.25229,15.58206],[108.25228,15.58207],[108.25228,15.58208],[108.25215,15.5822],[108.25202,15.58224],[108.25197,15.58224],[108.25193,15.58225],[108.25183,15.58225],[108.25179,15.58223],[108.25178,15.58223],[108.25178,15.58222],[108.25176,15.58221],[108.25165,15.58202],[108.2516,15.58196],[108.25149,15.58186],[108.25142,15.58182],[108.25141,15.58181],[108.25138,15.5818],[108.25135,15.58178],[108.25125,15.58178],[108.2511,15.58183],[108.251,15.58185],[108.25073,15.58183],[108.25063,15.5818],[108.25056,15.58174],[108.25056,15.58173],[108.25046,15.5816],[108.25042,15.58156],[108.25041,15.58156],[108.25039,15.58155],[108.25024,15.58151],[108.2502,15.58151],[108.25012,15.58148],[108.24997,15.58132],[108.2499,15.58128],[108.24987,15.58127],[108.24981,15.58127],[108.24974,15.58131],[108.24972,15.58135],[108.24971,15.58136],[108.24968,15.58153],[108.24968,15.58168],[108.24969,15.58169],[108.24969,15.58171],[108.2498,15.58183],[108.24981,15.58186],[108.24982,15.58187],[108.24982,15.5819],[108.24983,15.58192],[108.24983,15.58195],[108.24978,15.58208],[108.24976,15.58209],[108.24975,15.58211],[108.24969,15.58214],[108.24962,15.58215],[108.2496,15.58216],[108.24927,15.58217],[108.24925,15.58216],[108.24915,15.58214],[108.249,15.58209],[108.24854,15.58202],[108.24847,15.58199],[108.24845,15.58197],[108.24842,15.58192],[108.24834,15.58165],[108.24829,15.58157],[108.24823,15.58152],[108.24819,15.5815],[108.24815,15.58147],[108.24805,15.58142],[108.24793,15.58139],[108.24783,15.58138],[108.24752,15.58143],[108.24719,15.58141],[108.24688,15.58137],[108.24672,15.58131],[108.24661,15.58124],[108.24629,15.5811],[108.24609,15.58096],[108.24607,15.58094],[108.24606,15.58094],[108.24602,15.58092],[108.24598,15.58091],[108.24585,15.58091],[108.24573,15.58095],[108.24565,15.58101],[108.24561,15.58105],[108.24547,15.58124],[108.24544,15.58126],[108.24541,15.58129],[108.24528,15.58129],[108.24514,15.58126],[108.24512,15.58125],[108.2446,15.58111],[108.24452,15.58111],[108.24388,15.58135],[108.24373,15.58135],[108.24317,15.58127],[108.24262,15.58116],[108.24261,15.58115],[108.24244,15.58112],[108.24242,15.58111],[108.24233,15.58109],[108.24226,15.58105],[108.24225,15.58105],[108.24224,15.58104],[108.24215,15.58099],[108.24135,15.58029],[108.24128,15.58024],[108.2412,15.5802],[108.24114,15.58018],[108.24106,15.58018],[108.24104,15.58019],[108.24102,15.58019],[108.24089,15.58031],[108.24031,15.58105],[108.24028,15.5811],[108.24025,15.58123],[108.24025,15.58131],[108.24026,15.58133],[108.24026,15.58134],[108.24027,15.58137],[108.24029,15.5814],[108.24035,15.58146],[108.24043,15.58151],[108.24043,15.58152],[108.24058,15.58162],[108.24074,15.58176],[108.24076,15.5818],[108.24078,15.58189],[108.24078,15.58198],[108.24077,15.58199],[108.24077,15.58201],[108.24072,15.58208],[108.24061,15.58214],[108.24048,15.58219],[108.2402,15.58227],[108.24013,15.58231],[108.24012,15.58233],[108.2401,15.58234],[108.24003,15.58243],[108.23998,15.58253],[108.23998,15.58254],[108.23986,15.58281],[108.23952,15.58383],[108.23951,15.58395],[108.23949,15.58405],[108.23949,15.58426],[108.23951,15.58438],[108.23948,15.58461],[108.23944,15.58473],[108.23931,15.58531],[108.23931,15.58545],[108.23935,15.58553],[108.23947,15.58567],[108.23955,15.5858],[108.23955,15.58583],[108.23956,15.58585],[108.23956,15.58589],[108.23948,15.58609],[108.23945,15.58625],[108.23948,15.58648],[108.23948,15.58677],[108.23946,15.58686],[108.23946,15.58689],[108.23942,15.58698],[108.23934,15.58709],[108.23904,15.58735],[108.23896,15.58746],[108.23892,15.58757],[108.23886,15.588],[108.23883,15.58805],[108.23879,15.58809],[108.23873,15.58812],[108.23837,15.5882],[108.23831,15.58823],[108.23825,15.58828],[108.2376,15.58895],[108.23752,15.58897],[108.23747,15.58897],[108.23732,15.58892],[108.2372,15.58885],[108.23695,15.58866],[108.23678,15.58858],[108.23669,15.58856],[108.23659,15.58856],[108.23649,15.5886],[108.23642,15.58867],[108.23636,15.58875],[108.23634,15.58885],[108.23635,15.58908],[108.23634,15.58915],[108.23632,15.58921],[108.23627,15.5893],[108.23615,15.58942],[108.23603,15.58951],[108.23599,15.58952],[108.23593,15.58952],[108.23593,15.58953],[108.23575,15.58947],[108.23562,15.5894],[108.23531,15.58907],[108.23523,15.58902],[108.23483,15.58885],[108.23476,15.58885],[108.23469,15.58887],[108.23468,15.58889],[108.23467,15.58889],[108.23465,15.58891],[108.23463,15.58896],[108.23463,15.58901],[108.23464,15.58904],[108.23475,15.58919],[108.23484,15.5894],[108.23488,15.58953],[108.23488,15.58981],[108.23493,15.59012],[108.23497,15.59023],[108.23505,15.59033],[108.23537,15.59066],[108.23559,15.59085],[108.23587,15.59115],[108.23664,15.59213],[108.23668,15.5922],[108.23678,15.59243],[108.23686,15.59274],[108.23686,15.59277],[108.23709,15.59369],[108.2372,15.59386],[108.2372,15.59396],[108.23715,15.59428],[108.23704,15.5946],[108.23686,15.59502],[108.23684,15.59514],[108.23688,15.59554],[108.23687,15.5957],[108.23661,15.59684],[108.23661,15.59687],[108.23653,15.59736],[108.2364,15.59762],[108.23635,15.59785],[108.23631,15.5979],[108.23631,15.59791],[108.23597,15.59805],[108.23591,15.59806],[108.23538,15.59823],[108.23536,15.59823],[108.23512,15.59834],[108.23502,15.59844],[108.23493,15.59866],[108.23468,15.59965],[108.2345,15.60009],[108.23434,15.60026],[108.23302,15.60066],[108.23274,15.60077],[108.23193,15.60101],[108.23189,15.60103],[108.23157,15.60112],[108.23118,15.60126],[108.23039,15.60169],[108.22945,15.60248],[108.2292,15.60281],[108.22874,15.60388],[108.22867,15.60396],[108.22858,15.60403],[108.22817,15.60421],[108.22757,15.60457],[108.22664,15.60496],[108.22631,15.60507],[108.22572,15.6051],[108.22496,15.60535],[108.22469,15.60541],[108.22454,15.60546],[108.22443,15.60552],[108.2244,15.60553],[108.22438,15.60555],[108.22437,15.60555],[108.22434,15.60557],[108.22431,15.6056],[108.22412,15.606],[108.22405,15.60612],[108.22398,15.60621],[108.22334,15.60676],[108.22333,15.60676],[108.22332,15.60677],[108.22308,15.6069],[108.22264,15.60701],[108.2225,15.60702],[108.22237,15.60701],[108.22129,15.6068],[108.22099,15.60682],[108.22092,15.60684],[108.22077,15.60692],[108.22033,15.60729],[108.22029,15.60735],[108.2202,15.60756],[108.22018,15.60767],[108.21999,15.60829],[108.21977,15.61051],[108.21977,15.61059],[108.21993,15.61106],[108.21997,15.61114],[108.22005,15.61136],[108.22005,15.6114],[108.22006,15.61145],[108.22006,15.61153],[108.22003,15.61161],[108.21992,15.61178],[108.2198,15.61193],[108.21978,15.61197],[108.21974,15.61202],[108.21972,15.61219],[108.21972,15.61255],[108.21973,15.61263],[108.21973,15.61286],[108.21976,15.61319],[108.2198,15.61338],[108.21989,15.61411],[108.21989,15.61419],[108.21986,15.61429],[108.21985,15.6143],[108.21983,15.61431],[108.21998,15.6146],[108.22015,15.61484],[108.22028,15.61496],[108.22038,15.61503],[108.22065,15.61529],[108.22067,15.61532],[108.22074,15.61538],[108.22084,15.61549],[108.22089,15.61553],[108.22117,15.61585],[108.22125,15.61597],[108.22128,15.61603],[108.2213,15.6161],[108.2213,15.61632],[108.22131,15.61634],[108.22132,15.61686],[108.22131,15.61696],[108.2213,15.61697],[108.22129,15.61707],[108.22116,15.61766],[108.2212,15.61766]]},"properties":{"name":"DT.614","visibility":false,"styleUrl":"#line-1267FF-5000-nodesc24","stroke-opacity":1,"stroke":"#1267ff","stroke-width":5}},{"type":"Feature","geometry":{"type":"LineString","coordinates":[[108.52064,15.62876],[108.52061,15.62884],[108.51696,15.62745],[108.51494,15.62674],[108.51456,15.62658],[108.51378,15.626],[108.51377,15.62598],[108.51329,15.6256],[108.51312,15.62537],[108.51286,15.62495],[108.51265,15.62468],[108.51255,15.6246],[108.51225,15.62478],[108.51146,15.62534],[108.51144,15.62535],[108.51097,15.62588],[108.51078,15.62604],[108.51052,15.62622],[108.51034,15.62641],[108.50986,15.62701],[108.50926,15.62828],[108.50913,15.62844],[108.50876,15.62868],[108.50808,15.62921],[108.50757,15.62965],[108.50756,15.62965],[108.50716,15.63002],[108.50692,15.63022],[108.50678,15.63032],[108.50616,15.63058],[108.50606,15.6306],[108.50594,15.63057],[108.50581,15.6305],[108.50541,15.63023],[108.50328,15.62868],[108.50314,15.62859],[108.50285,15.62837],[108.50272,15.62829],[108.50247,15.6281],[108.50082,15.62702],[108.49935,15.6258],[108.49934,15.62578],[108.49919,15.62567],[108.49907,15.62556],[108.49905,15.62555],[108.4985,15.62508],[108.49839,15.62497],[108.49836,15.62495],[108.4974,15.62411],[108.4972,15.62397],[108.49693,15.62382],[108.49661,15.62367],[108.49634,15.62357],[108.49633,15.62356],[108.49464,15.62285],[108.49457,15.62281],[108.49391,15.62256],[108.49379,15.6225],[108.49359,15.62248],[108.49351,15.6225],[108.49342,15.62254],[108.49282,15.62287],[108.49143,15.62352],[108.49118,15.62359],[108.49102,15.62362],[108.49083,15.62363],[108.49056,15.62359],[108.48613,15.62211],[108.48611,15.62211],[108.48524,15.62182],[108.48492,15.62173],[108.4847,15.62169],[108.48467,15.62169],[108.48182,15.6211],[108.48156,15.62102],[108.48034,15.62051],[108.47989,15.62026],[108.47921,15.6198],[108.47866,15.6193],[108.4785,15.61918],[108.47802,15.61874],[108.47784,15.61855],[108.47763,15.6183],[108.47755,15.61822],[108.47754,15.6182],[108.47694,15.61762],[108.47661,15.61736],[108.47646,15.61722],[108.47637,15.61712],[108.47636,15.6171],[108.4763,15.61704],[108.47586,15.61648],[108.47565,15.61626],[108.47564,15.61624],[108.4756,15.61621],[108.47541,15.61603],[108.4753,15.61591],[108.47514,15.61578],[108.47484,15.6156],[108.47444,15.61518],[108.47246,15.61328],[108.47243,15.61326],[108.47191,15.61275],[108.47063,15.61131],[108.46969,15.6105],[108.46881,15.60993],[108.46842,15.60958],[108.46821,15.60937],[108.46816,15.6093],[108.46811,15.60921],[108.46806,15.60906],[108.4677,15.60764],[108.46719,15.60628],[108.46713,15.60617],[108.46706,15.60608],[108.46646,15.60545],[108.46621,15.60524],[108.46578,15.60499],[108.4657,15.60484],[108.46563,15.60461],[108.46555,15.60444],[108.46522,15.60384],[108.46495,15.60346],[108.46393,15.60131],[108.46391,15.60128],[108.4639,15.60125],[108.46385,15.60116],[108.46385,15.60115],[108.46378,15.60104],[108.46372,15.60097],[108.46362,15.60089],[108.46324,15.60079],[108.46277,15.6007],[108.46252,15.60059],[108.46096,15.59977],[108.46089,15.59968],[108.46082,15.59954],[108.46034,15.59785],[108.46033,15.59783],[108.46027,15.59761],[108.46027,15.5973],[108.4598,15.59673],[108.45962,15.59666],[108.45941,15.59656],[108.45915,15.5964],[108.45914,15.5964],[108.45898,15.59628],[108.45869,15.59596],[108.45859,15.59587],[108.4571,15.59793],[108.45702,15.59787],[108.45856,15.59574],[108.45808,15.59546],[108.4578,15.59533],[108.45725,15.59517],[108.45701,15.59505],[108.45663,15.5948],[108.45582,15.59435],[108.45499,15.59378],[108.4547,15.59355],[108.45456,15.5934],[108.45434,15.59313],[108.45427,15.59306],[108.45409,15.59294],[108.45409,15.59293],[108.45398,15.59285],[108.45363,15.59267],[108.45265,15.59235],[108.45188,15.59204],[108.44963,15.59095],[108.44947,15.5909],[108.44933,15.59088],[108.44899,15.59091],[108.44817,15.5909],[108.44658,15.59095],[108.44654,15.59096],[108.44645,15.59097],[108.44638,15.59099],[108.44635,15.59099],[108.44631,15.59101],[108.44553,15.5913],[108.44542,15.59137],[108.44405,15.5921],[108.44193,15.59338],[108.44121,15.59388],[108.44118,15.59392],[108.44115,15.59394],[108.4411,15.59401],[108.44107,15.59407],[108.44089,15.59469],[108.44085,15.59476],[108.44071,15.59491],[108.43841,15.59656],[108.43825,15.59664],[108.43824,15.59665],[108.43809,15.59668],[108.43793,15.59668],[108.43772,15.59666],[108.43611,15.59637],[108.43586,15.59636],[108.43489,15.5965],[108.43457,15.59657],[108.43437,15.5966],[108.4334,15.59664],[108.43303,15.5967],[108.43271,15.59682],[108.43242,15.59691],[108.43217,15.59696],[108.43183,15.597],[108.43138,15.59702],[108.4311,15.597],[108.43007,15.59659],[108.43003,15.59658],[108.43,15.59656],[108.42939,15.59637],[108.42918,15.59628],[108.42845,15.59579],[108.42801,15.59513],[108.42787,15.59495],[108.42775,15.59484],[108.42651,15.59404],[108.42587,15.59357],[108.42534,15.59325],[108.42323,15.5918],[108.4225,15.59123],[108.42234,15.59112],[108.4214,15.59038],[108.42136,15.59036],[108.42089,15.58992],[108.42053,15.58962],[108.42041,15.58954],[108.4197,15.58915],[108.41853,15.58842],[108.41824,15.58819],[108.4174,15.58746],[108.41708,15.58711],[108.41703,15.58704],[108.41642,15.58632],[108.41587,15.58562],[108.41581,15.58553],[108.41562,15.58529],[108.4153,15.58499],[108.41328,15.58338],[108.41304,15.58312],[108.41294,15.58303],[108.41243,15.58236],[108.41232,15.58217],[108.41228,15.58207],[108.41219,15.58166],[108.41214,15.58081],[108.41215,15.58034],[108.41213,15.58016],[108.41212,15.58015],[108.41207,15.57989],[108.41192,15.57949],[108.41168,15.57859],[108.41166,15.57842],[108.41167,15.57832],[108.41182,15.5776],[108.41227,15.57577],[108.4123,15.57557],[108.41238,15.57457],[108.41237,15.57449],[108.41234,15.57442],[108.4123,15.57437],[108.4122,15.57421],[108.41203,15.57399],[108.41201,15.57394],[108.41177,15.57351],[108.41164,15.57323],[108.41156,15.5731],[108.4104,15.57184],[108.41027,15.57175],[108.40913,15.57115],[108.40884,15.57095],[108.4071,15.56994],[108.4069,15.56984],[108.40591,15.56946],[108.40568,15.5694],[108.40464,15.56922],[108.40448,15.56922],[108.40424,15.56924],[108.40346,15.5694],[108.40268,15.56951],[108.39992,15.56909],[108.39939,15.56895],[108.39859,15.56867],[108.39744,15.56833],[108.39737,15.5683],[108.39618,15.56799],[108.3961,15.56798],[108.39333,15.56739],[108.39252,15.56714],[108.39248,15.56712],[108.39129,15.56675],[108.3905,15.5666],[108.38989,15.56651],[108.38861,15.56619],[108.38854,15.56618],[108.3884,15.56614],[108.38833,15.56611],[108.38779,15.56569],[108.38764,15.5656],[108.38737,15.56551],[108.38711,15.56546],[108.38699,15.56545],[108.3866,15.56545],[108.38649,15.56544],[108.38645,15.56545],[108.38611,15.56544],[108.38596,15.56542],[108.38586,15.56542],[108.38578,15.56543],[108.38571,15.56543],[108.38546,15.56547],[108.38497,15.56551],[108.38452,15.5655],[108.3838,15.56524],[108.38365,15.56515],[108.38347,15.56501],[108.38342,15.56494],[108.38333,15.56478],[108.38325,15.5646],[108.38316,15.56447],[108.38305,15.56435],[108.38295,15.56429],[108.38295,15.56428],[108.38282,15.56422],[108.38277,15.56419],[108.38268,15.56417],[108.38252,15.56417],[108.3825,15.56418],[108.38215,15.5642],[108.38178,15.56425],[108.38172,15.56425],[108.38171,15.56426],[108.38102,15.56427],[108.38076,15.56431],[108.37942,15.56489],[108.37911,15.56497],[108.37872,15.56501],[108.3785,15.565],[108.37713,15.56471],[108.37699,15.56469],[108.3748,15.56421],[108.37457,15.5642],[108.37318,15.56432],[108.373,15.56428],[108.37239,15.56406],[108.37215,15.56402],[108.37197,15.56402],[108.37176,15.56406],[108.37132,15.56423],[108.3711,15.56429],[108.37104,15.56429],[108.3709,15.56425],[108.37062,15.56411],[108.37054,15.56406],[108.37047,15.56403],[108.37031,15.564],[108.3702,15.56399],[108.36998,15.564],[108.36961,15.56393],[108.36874,15.56412],[108.36759,15.56418],[108.36554,15.56344],[108.36452,15.56299],[108.36426,15.56286],[108.36396,15.56266],[108.3639,15.56264],[108.36363,15.56265],[108.3632,15.56276],[108.36257,15.5628],[108.3621,15.56293],[108.36195,15.56292],[108.36183,15.5629],[108.36139,15.56276],[108.36015,15.56242],[108.35972,15.56234],[108.35822,15.56237],[108.35804,15.56239],[108.35791,15.56243],[108.35782,15.56249],[108.3578,15.56249],[108.35756,15.56264],[108.35716,15.56283],[108.35707,15.56286],[108.35692,15.56287],[108.35684,15.56289],[108.35676,15.56294],[108.35665,15.56304],[108.35635,15.56347],[108.35623,15.56354],[108.35618,15.56355],[108.35501,15.56349],[108.35414,15.56349],[108.35273,15.56332],[108.35254,15.56333],[108.3522,15.56345],[108.35137,15.56381],[108.35118,15.56387],[108.35094,15.56389],[108.3498,15.56392],[108.34928,15.56391],[108.34888,15.56393],[108.34837,15.56398],[108.34772,15.56397],[108.34752,15.56399],[108.34727,15.56408],[108.34694,15.56426],[108.34681,15.5643],[108.34679,15.56431],[108.34655,15.56435],[108.34623,15.56438],[108.34612,15.56438],[108.346,15.56435],[108.34588,15.5643],[108.34588,15.56429],[108.34575,15.56422],[108.34565,15.56414],[108.34534,15.56395],[108.34507,15.56381],[108.34474,15.5637],[108.34462,15.56365],[108.34457,15.56362],[108.34453,15.56358],[108.34408,15.56287],[108.34381,15.56261],[108.34338,15.56227],[108.34321,15.56216],[108.34302,15.56207],[108.34233,15.56188],[108.34209,15.56177],[108.34185,15.56164],[108.34177,15.56161],[108.34165,15.56155],[108.34136,15.56144],[108.34116,15.5614],[108.341,15.5614],[108.34098,15.56141],[108.34093,15.56142],[108.34084,15.56147],[108.3407,15.56159],[108.34055,15.56168],[108.34034,15.56176],[108.34033,15.56177],[108.3399,15.56187],[108.33977,15.56193],[108.33937,15.56222],[108.33921,15.56226],[108.33906,15.56225],[108.33885,15.56218],[108.3388,15.56217],[108.33856,15.56208],[108.33814,15.562],[108.33786,15.56199],[108.33773,15.562],[108.33753,15.56205],[108.33752,15.56205],[108.33736,15.56211],[108.33709,15.56228],[108.33694,15.56234],[108.33683,15.56235],[108.3367,15.56234],[108.33632,15.56223],[108.33582,15.56201],[108.33537,15.56185],[108.33476,15.5618],[108.33453,15.56176],[108.33356,15.56151],[108.3332,15.56145],[108.3331,15.56145],[108.33189,15.56159],[108.33159,15.56165],[108.33149,15.5617],[108.33148,15.5617],[108.33116,15.56191],[108.33098,15.56197],[108.33097,15.56198],[108.33089,15.562],[108.3306,15.56202],[108.33011,15.56208],[108.32977,15.56216],[108.3296,15.56222],[108.32957,15.56222],[108.32924,15.56233],[108.32888,15.5625],[108.32867,15.56262],[108.32857,15.56264],[108.3284,15.56262],[108.32822,15.56253],[108.32816,15.56248],[108.32809,15.5624],[108.32788,15.56205],[108.32782,15.56193],[108.32775,15.56186],[108.32761,15.56176],[108.32752,15.56171],[108.32736,15.56164],[108.32722,15.56162],[108.3268,15.56168],[108.32674,15.56168],[108.32668,15.56167],[108.32665,15.56165],[108.32664,15.56165],[108.32661,15.56164],[108.32651,15.56152],[108.32643,15.5614],[108.32633,15.56132],[108.32567,15.56115],[108.32536,15.56103],[108.32494,15.5608],[108.32485,15.56074],[108.32469,15.56061],[108.32448,15.56051],[108.32421,15.56046],[108.3242,15.56045],[108.32407,15.56045],[108.32369,15.56051],[108.32363,15.56051],[108.32356,15.56049],[108.32355,15.56049],[108.32352,15.56046],[108.32351,15.56044],[108.3235,15.56043],[108.32348,15.56033],[108.32348,15.56001],[108.3235,15.55975],[108.32352,15.55967],[108.32356,15.55957],[108.32359,15.55945],[108.32359,15.5594],[108.32358,15.55937],[108.32358,15.55936],[108.32355,15.55929],[108.32354,15.55928],[108.3235,15.5592],[108.32338,15.55903],[108.32332,15.55897],[108.32318,15.55887],[108.3231,15.55884],[108.32302,15.55882],[108.32283,15.5588],[108.32265,15.55881],[108.32243,15.55887],[108.32236,15.5589],[108.32221,15.55904],[108.32216,15.5591],[108.32205,15.5593],[108.32194,15.55942],[108.32182,15.5595],[108.32158,15.55962],[108.3215,15.55968],[108.32146,15.55972],[108.32142,15.55978],[108.32142,15.55989],[108.32144,15.55992],[108.32147,15.55995],[108.32178,15.56017],[108.3218,15.56019],[108.3218,15.5602],[108.32181,15.5602],[108.32181,15.56023],[108.32182,15.56025],[108.32182,15.56029],[108.32181,15.56033],[108.32178,15.5604],[108.32175,15.56043],[108.3217,15.56046],[108.32165,15.56048],[108.32144,15.56052],[108.32129,15.56057],[108.32128,15.56057],[108.32121,15.56063],[108.3211,15.56075],[108.32101,15.56082],[108.3209,15.56087],[108.3208,15.56088],[108.32065,15.56087],[108.32042,15.56089],[108.32012,15.561],[108.31999,15.56108],[108.31997,15.5611],[108.3199,15.56115],[108.31979,15.56129],[108.31971,15.56136],[108.31969,15.56139],[108.31965,15.56142],[108.31956,15.56145],[108.31948,15.56144],[108.3194,15.56141],[108.31923,15.5613],[108.31918,15.56123],[108.31916,15.56116],[108.31916,15.56102],[108.31924,15.56064],[108.31927,15.56042],[108.31926,15.56031],[108.31923,15.56025],[108.31922,15.56021],[108.31916,15.56014],[108.319,15.56004],[108.31895,15.56003],[108.31894,15.56002],[108.31881,15.56002],[108.31844,15.56006],[108.31793,15.56016],[108.31759,15.56027],[108.31758,15.56027],[108.31754,15.56029],[108.31736,15.56029],[108.31694,15.56026],[108.31685,15.56024],[108.31683,15.56023],[108.31669,15.5602],[108.31667,15.5602],[108.31665,15.56019],[108.31634,15.56014],[108.3158,15.56002],[108.31564,15.56002],[108.31547,15.56005],[108.31513,15.56021],[108.31503,15.56027],[108.31488,15.56041],[108.31482,15.56052],[108.31481,15.56053],[108.31473,15.56068],[108.31472,15.56069],[108.31452,15.56099],[108.31443,15.56119],[108.31435,15.56149],[108.31434,15.5615],[108.31424,15.56176],[108.3142,15.56181],[108.31415,15.56189],[108.31405,15.56199],[108.31392,15.56209],[108.31378,15.56215],[108.31377,15.56215],[108.31359,15.5622],[108.31282,15.56232],[108.31268,15.56236],[108.31252,15.56245],[108.31219,15.56281],[108.31209,15.5629],[108.31201,15.56295],[108.31182,15.56303],[108.31164,15.56308],[108.31163,15.56309],[108.31089,15.56329],[108.31075,15.56331],[108.31067,15.56331],[108.3105,15.56329],[108.31034,15.56322],[108.30998,15.56302],[108.30906,15.56257],[108.30824,15.56208],[108.30805,15.562],[108.30803,15.562],[108.30791,15.56197],[108.30727,15.56193],[108.30719,15.56191],[108.30702,15.56183],[108.30685,15.56172],[108.30677,15.56168],[108.30671,15.56166],[108.30658,15.56164],[108.30646,15.56164],[108.30606,15.56173],[108.30597,15.56173],[108.30583,15.56169],[108.30478,15.56129],[108.30471,15.56127],[108.30464,15.56126],[108.3038,15.56138],[108.30361,15.56139],[108.30277,15.56151],[108.30264,15.56149],[108.30253,15.56143],[108.30248,15.56141],[108.30135,15.5607],[108.30111,15.56052],[108.3009,15.56025],[108.30051,15.55985],[108.30037,15.55963],[108.30033,15.55955],[108.30027,15.55936],[108.30023,15.55928],[108.30018,15.55921],[108.30011,15.55915],[108.29996,15.55906],[108.2998,15.55898],[108.29978,15.55898],[108.2997,15.55894],[108.2996,15.55886],[108.29929,15.55833],[108.29921,15.55822],[108.29895,15.55795],[108.29879,15.55775],[108.29846,15.55738],[108.29826,15.55723],[108.29762,15.5568],[108.297,15.55631],[108.29685,15.55617],[108.29677,15.55608],[108.29596,15.55503],[108.29577,15.55481],[108.29531,15.55464],[108.29481,15.5545],[108.29462,15.55446],[108.29445,15.55444],[108.29432,15.55441],[108.294,15.55422],[108.29386,15.55412],[108.29385,15.55412],[108.29371,15.55405],[108.29361,15.55402],[108.2935,15.554],[108.2934,15.55397],[108.29313,15.55397],[108.2929,15.554],[108.2924,15.554],[108.29224,15.55398],[108.29189,15.55398],[108.29178,15.554],[108.2916,15.55407],[108.29141,15.55419],[108.29108,15.55445],[108.29101,15.55448],[108.29085,15.55451],[108.29081,15.55451],[108.29059,15.55454],[108.29048,15.55454],[108.29043,15.55455],[108.29036,15.55455],[108.29026,15.55457],[108.29013,15.55458],[108.28991,15.55457],[108.28983,15.55455],[108.28975,15.55455],[108.28963,15.55453],[108.28933,15.55443],[108.28907,15.5543],[108.28897,15.55427],[108.2889,15.55427],[108.28874,15.55431],[108.28862,15.55437],[108.28826,15.55464],[108.28813,15.55469],[108.28785,15.55472],[108.28735,15.55469],[108.28714,15.5547],[108.28693,15.55476],[108.28669,15.55486],[108.28666,15.55489],[108.28639,15.55508],[108.28624,15.55513],[108.2861,15.55515],[108.28598,15.55515],[108.28592,15.55516],[108.2858,15.55516],[108.28574,15.55515],[108.28569,15.55513],[108.28563,15.55512],[108.28556,15.55508],[108.28542,15.55494],[108.28536,15.55485],[108.28523,15.5547],[108.28501,15.55454],[108.28469,15.55435],[108.28455,15.55423],[108.28417,15.55395],[108.28393,15.55388],[108.28292,15.5535],[108.2826,15.55335],[108.28246,15.55326],[108.28228,15.55319],[108.2821,15.55315],[108.28185,15.55318],[108.28109,15.55341],[108.28082,15.55344],[108.28,15.55335],[108.27946,15.55325],[108.27926,15.55324],[108.27923,15.55325],[108.27912,15.55326],[108.27905,15.55328],[108.27879,15.55332],[108.2779,15.55336],[108.27757,15.55336],[108.27738,15.55333],[108.27712,15.55326],[108.27699,15.55321],[108.27689,15.55314],[108.27667,15.55294],[108.27643,15.55277],[108.27632,15.55272],[108.27609,15.55268],[108.27604,15.55268],[108.27534,15.55256],[108.27517,15.5525],[108.27501,15.55246],[108.27487,15.55244],[108.27477,15.55239],[108.27463,15.55229],[108.27448,15.55214],[108.27426,15.55201],[108.27416,15.55197],[108.27409,15.55196],[108.27404,15.55197],[108.27403,15.55198],[108.27401,15.55198],[108.27356,15.55244],[108.27345,15.55251],[108.27335,15.55256],[108.27307,15.55267],[108.27274,15.55269],[108.27264,15.55272],[108.27257,15.55275],[108.27251,15.55279],[108.27245,15.55285],[108.27228,15.55314],[108.27223,15.55327],[108.27211,15.55346],[108.27201,15.55357],[108.27194,15.55361],[108.27187,15.55364],[108.27186,15.55365],[108.27179,15.55366],[108.27158,15.55363],[108.27147,15.55359],[108.27129,15.55355],[108.27109,15.55353],[108.27096,15.55353],[108.27092,15.55352],[108.27077,15.55352],[108.27068,15.55353],[108.27052,15.55353],[108.27034,15.55357],[108.2699,15.55372],[108.2697,15.55376],[108.26956,15.55375],[108.26946,15.55373],[108.26915,15.55363],[108.26908,15.5536],[108.26897,15.55358],[108.26895,15.55357],[108.26882,15.55356],[108.26862,15.55358],[108.26815,15.55367],[108.26786,15.55366],[108.26697,15.55358],[108.26689,15.55358],[108.26629,15.55368],[108.26598,15.55376],[108.26569,15.55381],[108.26567,15.55382],[108.26565,15.55382],[108.26536,15.55387],[108.26506,15.55389],[108.26483,15.55389],[108.26409,15.55396],[108.26357,15.55394],[108.26345,15.55392],[108.26339,15.5539],[108.26283,15.55382],[108.2628,15.55381],[108.26249,15.55378],[108.26223,15.55379],[108.26191,15.55386],[108.26188,15.55386],[108.26162,15.55393],[108.26155,15.55396],[108.26125,15.55404],[108.26112,15.55409],[108.26094,15.55413],[108.26085,15.55414],[108.26077,15.55413],[108.26052,15.55407],[108.26028,15.55404],[108.26005,15.55405],[108.25989,15.55408],[108.25976,15.55412],[108.25956,15.55414],[108.25938,15.55413],[108.25925,15.55411],[108.25881,15.554],[108.25846,15.55388],[108.25817,15.55374],[108.25808,15.55371],[108.25796,15.55365],[108.25787,15.55359],[108.25746,15.55323],[108.25741,15.55321],[108.25701,15.55297],[108.2566,15.55256],[108.25639,15.55239],[108.25635,15.55238],[108.25634,15.55237],[108.25625,15.55234],[108.25623,15.55234],[108.25568,15.55225],[108.2547,15.55214],[108.25442,15.55215],[108.2542,15.55221],[108.2541,15.55221],[108.25402,15.55219],[108.25394,15.55216],[108.25384,15.55208],[108.25376,15.55199],[108.25358,15.55172],[108.2535,15.55156],[108.25342,15.55145],[108.25339,15.55139],[108.25336,15.55135],[108.25325,15.55124],[108.25309,15.55111],[108.25307,15.5511],[108.253,15.55103],[108.25294,15.55099],[108.25289,15.55093],[108.25276,15.55081],[108.25244,15.5504],[108.25229,15.55025],[108.25218,15.55017],[108.25215,15.55016],[108.25205,15.5501],[108.25119,15.54984],[108.25099,15.54974],[108.25092,15.54972],[108.25089,15.54972],[108.25084,15.54971],[108.25044,15.54973],[108.25042,15.54974],[108.25006,15.54984],[108.24995,15.54986],[108.24971,15.54987],[108.24957,15.54984],[108.24926,15.54975],[108.24884,15.54973],[108.24839,15.54978],[108.24832,15.54978],[108.24807,15.54981],[108.24794,15.54981],[108.24787,15.54982],[108.24761,15.54977],[108.24749,15.54972],[108.24739,15.54969],[108.24724,15.54967],[108.24707,15.54969],[108.24651,15.54972],[108.24552,15.54972],[108.24537,15.54971],[108.24534,15.5497],[108.24505,15.54966],[108.24482,15.5496],[108.24479,15.5496],[108.24473,15.54959],[108.24392,15.54961],[108.24373,15.54967],[108.24369,15.54969],[108.24368,15.54969],[108.24355,15.54976],[108.24341,15.54981],[108.24288,15.55012],[108.24287,15.55012],[108.24269,15.55022],[108.24261,15.55025],[108.24246,15.55025],[108.24234,15.55023],[108.24233,15.55022],[108.24222,15.5502],[108.24203,15.55014],[108.24202,15.55013],[108.24158,15.55004],[108.2414,15.55003],[108.24136,15.55002],[108.24126,15.54998],[108.24125,15.54998],[108.24106,15.54992],[108.24056,15.54967],[108.24028,15.54957],[108.24016,15.54954],[108.23997,15.54951],[108.23962,15.54949],[108.23912,15.54952],[108.23872,15.54949],[108.23859,15.54949],[108.23819,15.54955],[108.23801,15.54956],[108.23775,15.54962],[108.23773,15.54967],[108.23769,15.54973],[108.23763,15.54979],[108.23753,15.54986],[108.23744,15.54991],[108.23734,15.54999],[108.23722,15.55007],[108.23708,15.55019],[108.23707,15.55021],[108.23698,15.55032],[108.23697,15.55034],[108.23689,15.55042],[108.23664,15.55057],[108.23651,15.55062],[108.23629,15.55073],[108.23599,15.551],[108.23592,15.5511],[108.23587,15.5512],[108.23582,15.55136],[108.23574,15.55152],[108.23551,15.55186],[108.23534,15.55208],[108.23519,15.55219],[108.2351,15.55224],[108.23505,15.55226],[108.23483,15.5524],[108.23458,15.55261],[108.23447,15.55275],[108.2344,15.55286],[108.23432,15.55292],[108.23424,15.55295],[108.2339,15.55304],[108.23378,15.55312],[108.23369,15.5532],[108.23357,15.55333],[108.23335,15.55375],[108.23335,15.55376],[108.23325,15.55397],[108.23321,15.55411],[108.23315,15.55447],[108.23311,15.55454],[108.23305,15.55461],[108.23275,15.55488],[108.23267,15.55497],[108.23262,15.55501],[108.23251,15.55512],[108.23239,15.55521],[108.23236,15.55522],[108.23224,15.55528],[108.23202,15.55543],[108.23195,15.55554],[108.23187,15.55564],[108.23178,15.5557],[108.23167,15.55575],[108.23165,15.55575],[108.23151,15.55578],[108.23136,15.55579],[108.2312,15.55582],[108.23107,15.55582],[108.23095,15.55579],[108.23083,15.55572],[108.23066,15.55552],[108.23055,15.55543],[108.23042,15.55536],[108.23029,15.55531],[108.22968,15.55515],[108.22967,15.55515],[108.22949,15.55508],[108.22931,15.55496],[108.2291,15.55479],[108.22869,15.55438],[108.22839,15.55418],[108.22806,15.55403],[108.22786,15.55399],[108.22763,15.55391],[108.22743,15.5538],[108.2274,15.5538],[108.22727,15.55375],[108.227,15.55371],[108.22685,15.5537],[108.22682,15.55369],[108.22661,15.55365],[108.22617,15.5536],[108.22559,15.55361],[108.22523,15.55358],[108.22509,15.5536],[108.22495,15.55359],[108.2247,15.55355],[108.22434,15.55341],[108.22413,15.55335],[108.22407,15.55334],[108.22377,15.55325],[108.2236,15.55317],[108.22325,15.55308],[108.22303,15.55305],[108.2228,15.55305],[108.22263,15.55308],[108.22226,15.55319],[108.22225,15.55319],[108.22112,15.55345],[108.22089,15.55347],[108.22044,15.55357],[108.22042,15.55358],[108.22018,15.55364],[108.21998,15.55372],[108.21943,15.55389],[108.21903,15.55398],[108.21888,15.554],[108.21875,15.55403],[108.21854,15.5541],[108.21851,15.5541],[108.21815,15.55419],[108.21796,15.55428],[108.2179,15.55432],[108.21695,15.55482],[108.21623,15.55509],[108.21606,15.55522],[108.21591,15.55536],[108.21526,15.55605],[108.21497,15.55649],[108.21477,15.55676],[108.21475,15.55678],[108.21465,15.55692],[108.21465,15.55693],[108.21454,15.55703],[108.21418,15.55727],[108.21413,15.55732],[108.21407,15.55736],[108.21384,15.55763],[108.21383,15.55765],[108.21357,15.55796],[108.21307,15.55841],[108.21305,15.55842],[108.21292,15.55853],[108.21268,15.55879],[108.21266,15.55882],[108.21206,15.5594],[108.21206,15.55941],[108.21187,15.55959],[108.21187,15.5596],[108.21176,15.55976],[108.21176,15.55978],[108.21169,15.56001],[108.21163,15.56038],[108.21152,15.56083],[108.21148,15.56108],[108.21138,15.56124],[108.21127,15.56129],[108.21106,15.56132],[108.21094,15.56135],[108.21085,15.56142],[108.2106,15.56173],[108.21049,15.56183],[108.21037,15.56188],[108.21012,15.56191],[108.20982,15.56188],[108.20962,15.56184],[108.20938,15.56183],[108.20932,15.56181],[108.20921,15.56182],[108.20905,15.56187],[108.20895,15.56194],[108.20891,15.56199],[108.20881,15.56208],[108.20864,15.56221],[108.20805,15.56245],[108.20795,15.56248],[108.20773,15.56269],[108.20763,15.56277],[108.20744,15.56284],[108.20726,15.56289],[108.20716,15.56294],[108.20707,15.56304],[108.20701,15.56314],[108.20695,15.56322],[108.20679,15.5633],[108.20663,15.56335],[108.20645,15.56338],[108.20636,15.56341],[108.20622,15.56341],[108.20611,15.56337],[108.20571,15.56319],[108.20492,15.56258],[108.20474,15.5625],[108.20442,15.56243],[108.20426,15.56244],[108.20414,15.56247],[108.20406,15.56252],[108.20394,15.56262],[108.20375,15.56287],[108.20374,15.56287],[108.20336,15.56321],[108.20322,15.56336],[108.20291,15.56364],[108.20279,15.56373],[108.20278,15.56373],[108.2027,15.5638],[108.20263,15.56389],[108.20259,15.56399],[108.20257,15.56402],[108.20238,15.56452],[108.2023,15.56498],[108.20222,15.565],[108.20184,15.56505],[108.20149,15.56507],[108.20119,15.56504],[108.20052,15.5649],[108.20026,15.56481],[108.20005,15.56478],[108.19966,15.56482],[108.19941,15.56488],[108.19888,15.56509],[108.19859,15.56515],[108.19826,15.56513],[108.19798,15.56508],[108.19752,15.56503],[108.19725,15.56498],[108.19647,15.565],[108.19622,15.56503],[108.19613,15.56503],[108.19604,15.56499],[108.19596,15.56497],[108.19567,15.56484],[108.1956,15.5648],[108.19548,15.56477],[108.19535,15.56477],[108.19529,15.56476],[108.19508,15.5648],[108.19498,15.56485],[108.19483,15.56489],[108.1945,15.56491],[108.19416,15.56497],[108.19385,15.56508],[108.19353,15.56516],[108.19298,15.56521],[108.19259,15.56531],[108.19241,15.56538],[108.19211,15.56545],[108.19179,15.56548],[108.19109,15.5655],[108.19083,15.56557],[108.19057,15.56567],[108.19033,15.56592],[108.19032,15.56592],[108.19018,15.56601],[108.18998,15.56611],[108.18997,15.56612],[108.18984,15.56618],[108.18979,15.56621],[108.18947,15.56625],[108.18929,15.56626],[108.18906,15.56625],[108.18891,15.56629],[108.18871,15.56636],[108.18865,15.56637],[108.18853,15.56641],[108.18828,15.56647],[108.18812,15.56653],[108.188,15.56659],[108.18791,15.56667],[108.18766,15.56697],[108.18745,15.56714],[108.18728,15.56721],[108.18712,15.56725],[108.18688,15.56728],[108.1864,15.56731],[108.18626,15.56733],[108.18624,15.56734],[108.18599,15.56739],[108.18595,15.56742],[108.18584,15.56748],[108.18575,15.56757],[108.18566,15.56762],[108.18565,15.56762],[108.18558,15.56764],[108.18538,15.56767],[108.18502,15.56764],[108.18491,15.56764],[108.18428,15.56759],[108.18398,15.56755],[108.18372,15.56754],[108.18358,15.56759],[108.18343,15.56767],[108.18329,15.5678],[108.18319,15.56796],[108.18305,15.56858],[108.18299,15.56874],[108.18296,15.56877],[108.18289,15.56887],[108.18201,15.56982],[108.18198,15.56986],[108.18188,15.56995],[108.18185,15.56997],[108.18185,15.56998],[108.18172,15.57009],[108.18144,15.57028],[108.1813,15.5704],[108.18128,15.57043],[108.1812,15.57049],[108.1811,15.57054],[108.18095,15.57058],[108.1807,15.57059],[108.18061,15.57056],[108.18052,15.5705],[108.18044,15.57042],[108.18035,15.57036],[108.1802,15.57028],[108.1801,15.57025],[108.17985,15.5702],[108.17973,15.57013],[108.1795,15.56988],[108.17935,15.56976],[108.17917,15.56967],[108.17901,15.56964],[108.17885,15.56963],[108.17874,15.56964],[108.17864,15.56966],[108.17853,15.56967],[108.1782,15.56978],[108.17804,15.56987],[108.17787,15.56995],[108.17779,15.57001],[108.17758,15.57013],[108.17752,15.57022],[108.17748,15.57032],[108.17745,15.57037],[108.1771,15.57062],[108.17681,15.57072],[108.17648,15.57073],[108.17624,15.57076],[108.17616,15.57078],[108.17599,15.5709],[108.17599,15.57091],[108.17583,15.5711],[108.17559,15.57126],[108.17536,15.57144],[108.17531,15.57147],[108.17522,15.57147],[108.17513,15.57146],[108.17505,15.57146],[108.17498,15.57147],[108.17493,15.57149],[108.17492,15.57149],[108.1747,15.57158],[108.17462,15.57163],[108.17455,15.57169],[108.17443,15.57182],[108.1744,15.57184],[108.17438,15.57186],[108.17435,15.57188],[108.17416,15.57192],[108.17392,15.57194],[108.17364,15.572],[108.17353,15.57205],[108.17342,15.57208],[108.17328,15.5721],[108.17281,15.5721],[108.17206,15.57205],[108.17192,15.57205],[108.17183,15.57206],[108.17174,15.57208],[108.17166,15.57211],[108.1715,15.57219],[108.17122,15.57226],[108.17103,15.57229],[108.17086,15.5723],[108.17055,15.57237],[108.17046,15.57238],[108.1697,15.57235],[108.16951,15.57239],[108.1693,15.57246],[108.16921,15.5725],[108.16896,15.57255],[108.16883,15.57259],[108.16872,15.57264],[108.16865,15.57271],[108.16857,15.57276],[108.16839,15.57291],[108.16833,15.57298],[108.1682,15.57335],[108.16798,15.57384],[108.16791,15.57407],[108.1679,15.57424],[108.16789,15.57425],[108.16787,15.57442],[108.1678,15.57459],[108.1678,15.5746],[108.16773,15.57472],[108.1676,15.57485],[108.16748,15.57494],[108.16741,15.57497],[108.16718,15.57498],[108.16699,15.57501],[108.16683,15.57509],[108.1663,15.57544],[108.16608,15.57553],[108.16593,15.57556],[108.16542,15.57555],[108.16507,15.57549],[108.16501,15.57549],[108.16497,15.5755],[108.1649,15.57554],[108.16488,15.57557],[108.16486,15.57558],[108.16471,15.57586],[108.16466,15.57598],[108.16465,15.57598],[108.16453,15.57624],[108.16419,15.57688],[108.16419,15.57689],[108.16362,15.57801],[108.16361,15.57804],[108.16345,15.57831],[108.16341,15.5784],[108.16338,15.57856],[108.1634,15.57878],[108.1634,15.57896],[108.16338,15.57903],[108.16335,15.5791],[108.16326,15.57921],[108.16315,15.57928],[108.16275,15.57944],[108.16265,15.5795],[108.1626,15.57954],[108.16255,15.57963],[108.16242,15.58059],[108.16242,15.58079],[108.1624,15.58092],[108.1623,15.58116],[108.16227,15.5812],[108.16209,15.58152],[108.16197,15.58165],[108.16196,15.58165],[108.16185,15.58174],[108.16179,15.5818],[108.16144,15.58204],[108.16139,15.58212],[108.16135,15.58217],[108.16132,15.58224],[108.16131,15.58228],[108.16127,15.58237],[108.16121,15.58261],[108.16115,15.58273],[108.1611,15.58281],[108.161,15.58292],[108.16097,15.58294],[108.16066,15.58322],[108.16054,15.5834],[108.16046,15.58357],[108.16039,15.58376],[108.16039,15.58377],[108.16024,15.58405],[108.16017,15.58416],[108.15988,15.58455],[108.15987,15.58457],[108.15976,15.58472],[108.15959,15.58501],[108.15956,15.5851],[108.15944,15.58534],[108.15943,15.58534],[108.15934,15.58544],[108.15933,15.58546],[108.1592,15.58559],[108.15918,15.5856],[108.15906,15.58574],[108.15901,15.58582],[108.159,15.58583],[108.15894,15.58593],[108.15891,15.58602],[108.1589,15.5861],[108.15891,15.58617],[108.15894,15.58624],[108.159,15.58643],[108.159,15.58652],[108.15896,15.58666],[108.15908,15.58713],[108.15916,15.58757],[108.15913,15.58815],[108.15914,15.58833],[108.15918,15.58848],[108.1594,15.58908],[108.15945,15.58916],[108.15945,15.58917],[108.15959,15.58931],[108.15968,15.58942],[108.1598,15.5896],[108.15991,15.58974],[108.15997,15.58985],[108.16,15.58993],[108.15998,15.59003],[108.15995,15.5901],[108.15987,15.59022],[108.15979,15.5903],[108.1596,15.59045],[108.15954,15.59051],[108.15946,15.59062],[108.15941,15.59067],[108.15931,15.59082],[108.15916,15.59098],[108.15904,15.59105],[108.15886,15.59112],[108.15871,15.5912],[108.15847,15.59143],[108.15841,15.59151],[108.15835,15.59168],[108.15833,15.59176],[108.1583,15.59201],[108.15828,15.59206],[108.15827,15.59211],[108.15814,15.59234],[108.15801,15.59263],[108.15758,15.59334],[108.15757,15.59337],[108.15742,15.59362],[108.15741,15.59366],[108.15739,15.59369],[108.15732,15.59387],[108.15729,15.59412],[108.15726,15.59427],[108.15717,15.59441],[108.15685,15.59478],[108.15681,15.59485],[108.1568,15.59488],[108.15678,15.59501],[108.15677,15.59504],[108.15677,15.59509],[108.15667,15.59573],[108.15665,15.5958],[108.15663,15.59584],[108.15662,15.59588],[108.15631,15.59634],[108.15615,15.59771],[108.15615,15.59779],[108.15618,15.59794],[108.15623,15.59807],[108.15625,15.59815],[108.15625,15.59816],[108.15627,15.59821],[108.15628,15.59827],[108.1563,15.59833],[108.15632,15.59865],[108.15636,15.59891],[108.15643,15.59917],[108.15653,15.59965],[108.15653,15.59967],[108.15661,15.60011],[108.15661,15.60016],[108.15657,15.60036],[108.15645,15.60077],[108.15648,15.60079]]},"properties":{"name":"DT.615","visibility":false,"styleUrl":"#line-1267FF-5000-nodesc25","stroke-opacity":1,"stroke":"#1267ff","stroke-width":5}},{"type":"Feature","geometry":{"type":"LineString","coordinates":[[108.26206,15.42399],[108.26192,15.42396],[108.26166,15.42383],[108.26162,15.4238],[108.26157,15.42378],[108.26141,15.42369],[108.26103,15.42356],[108.26076,15.42344],[108.26059,15.42328],[108.26049,15.42316],[108.26012,15.42286],[108.26007,15.42277],[108.26007,15.42275],[108.26004,15.42268],[108.26,15.42251],[108.25998,15.42226],[108.25995,15.42218],[108.25989,15.4221],[108.25981,15.42202],[108.25954,15.42193],[108.25854,15.42177],[108.25815,15.42166],[108.25786,15.4215],[108.25786,15.42149],[108.25748,15.42129],[108.25702,15.4211],[108.25598,15.42105],[108.25539,15.42097],[108.2552,15.4209],[108.25447,15.42042],[108.254,15.4203],[108.25361,15.42027],[108.25327,15.4202],[108.25282,15.41991],[108.25257,15.41971],[108.25257,15.4197],[108.25214,15.41937],[108.25214,15.41936],[108.25176,15.41874],[108.2513,15.41861],[108.25119,15.4186],[108.25088,15.41861],[108.25085,15.4186],[108.25075,15.41859],[108.25067,15.41855],[108.25044,15.4184],[108.25005,15.41825],[108.2498,15.41823],[108.24967,15.41819],[108.24966,15.41819],[108.2496,15.41817],[108.24951,15.4181],[108.24943,15.41801],[108.24937,15.41786],[108.24937,15.41781],[108.24942,15.41765],[108.2495,15.41749],[108.2495,15.41748],[108.24955,15.41734],[108.24956,15.41727],[108.24954,15.41713],[108.24948,15.41705],[108.24943,15.41701],[108.24933,15.41696],[108.24919,15.41693],[108.24853,15.41685],[108.24841,15.41682],[108.24811,15.4167],[108.24796,15.4166],[108.24768,15.41638],[108.24692,15.41562],[108.24677,15.4155],[108.24649,15.41531],[108.24531,15.41482],[108.24496,15.41463],[108.2448,15.41459],[108.24468,15.41459],[108.24441,15.41469],[108.24421,15.41472],[108.24412,15.41471],[108.24404,15.41469],[108.24397,15.41466],[108.24386,15.41459],[108.24383,15.41456],[108.24361,15.41441],[108.24351,15.41437],[108.24332,15.41437],[108.24284,15.41444],[108.24232,15.41447],[108.24176,15.41441],[108.24157,15.41441],[108.24076,15.41448],[108.24055,15.41448],[108.24047,15.41446],[108.24006,15.41441],[108.2393,15.41439],[108.23895,15.41442],[108.23875,15.41448],[108.23858,15.41457],[108.2385,15.41465],[108.23815,15.41524],[108.23807,15.41535],[108.23786,15.41572],[108.23776,15.41595],[108.23775,15.41596],[108.23774,15.416],[108.23767,15.41617],[108.23764,15.41622],[108.23762,15.41628],[108.23748,15.41652],[108.23734,15.41668],[108.23704,15.41697],[108.23677,15.41709],[108.23627,15.41722],[108.23618,15.41728],[108.23613,15.41733],[108.23609,15.41739],[108.23604,15.41762],[108.236,15.4177],[108.23593,15.41778],[108.23578,15.41788],[108.23576,15.4179],[108.23562,15.41798],[108.23549,15.41803],[108.23537,15.41806],[108.23519,15.41807],[108.23466,15.41805],[108.23447,15.41807],[108.23422,15.41812],[108.23417,15.41814],[108.23412,15.41817],[108.23407,15.41823],[108.23401,15.41836],[108.23393,15.41848],[108.2339,15.41851],[108.23387,15.41852],[108.2338,15.41852],[108.23369,15.4185],[108.23355,15.41844],[108.23344,15.41841],[108.23326,15.41842],[108.23311,15.4185],[108.233,15.41862],[108.23293,15.4188],[108.23268,15.41974],[108.23231,15.42072],[108.23218,15.42099],[108.23184,15.42138],[108.23165,15.42157],[108.23161,15.4217],[108.23158,15.42246],[108.2316,15.42259],[108.23164,15.42269],[108.2317,15.42277],[108.23178,15.42283],[108.23205,15.42295],[108.23206,15.42295],[108.23212,15.42301],[108.23215,15.42308],[108.23216,15.42315],[108.23217,15.42363],[108.23215,15.42372],[108.23215,15.42375],[108.23196,15.42413],[108.23188,15.42435],[108.23185,15.42452],[108.23185,15.42484],[108.23182,15.42513],[108.23176,15.42536],[108.23175,15.42559],[108.23171,15.42568],[108.23166,15.42574],[108.23144,15.42588],[108.2314,15.42592],[108.2314,15.42593],[108.23129,15.4262],[108.2312,15.42632],[108.23109,15.42642],[108.23088,15.4265],[108.23079,15.42652],[108.23071,15.42657],[108.23064,15.42664],[108.23064,15.42665],[108.23063,15.42667],[108.23065,15.42675],[108.23067,15.42679],[108.23067,15.42681],[108.23069,15.42688],[108.23067,15.42699],[108.23057,15.4272],[108.23049,15.42744],[108.23034,15.42773],[108.22992,15.42817],[108.22969,15.42844],[108.22935,15.42877],[108.2293,15.42885],[108.22911,15.42934],[108.22902,15.42947],[108.22858,15.42966],[108.22807,15.42976],[108.22797,15.42981],[108.22792,15.42982],[108.22771,15.43001],[108.22696,15.431],[108.22678,15.43118],[108.22657,15.43136],[108.22642,15.43143],[108.22605,15.43151],[108.22581,15.43153],[108.22555,15.43153],[108.22532,15.43151],[108.22506,15.43151],[108.22503,15.43152],[108.2249,15.43153],[108.22475,15.43159],[108.22462,15.43166],[108.22448,15.4317],[108.22436,15.4317],[108.22399,15.43161],[108.22394,15.43159],[108.22386,15.43159],[108.22379,15.43161],[108.22372,15.43166],[108.22367,15.43171],[108.22366,15.43171],[108.22344,15.43203],[108.22336,15.43207],[108.22327,15.4321],[108.22315,15.43209],[108.22299,15.43206],[108.22293,15.43206],[108.22281,15.43211],[108.22275,15.43218],[108.22268,15.43235],[108.22255,15.43258],[108.22247,15.43266],[108.22246,15.43268],[108.22237,15.43274],[108.22204,15.43291],[108.22173,15.433],[108.22167,15.43304],[108.22162,15.43309],[108.22158,15.43315],[108.22149,15.43352],[108.22149,15.43355],[108.22145,15.4336],[108.22143,15.43361],[108.22136,15.43368],[108.22111,15.4338],[108.22103,15.43389],[108.22092,15.43408],[108.22076,15.43429],[108.22052,15.43466],[108.22028,15.4351],[108.22024,15.43524],[108.22017,15.43576],[108.22015,15.4358],[108.22,15.43587],[108.21999,15.43588],[108.21982,15.43589],[108.21979,15.43588],[108.21956,15.43573],[108.21945,15.4357],[108.21937,15.4357],[108.21925,15.43577],[108.21906,15.43598],[108.21905,15.436],[108.21872,15.43639],[108.21858,15.43667],[108.21852,15.43674],[108.21845,15.43678],[108.21837,15.43679],[108.21826,15.43682],[108.21807,15.43685],[108.21792,15.4369],[108.21768,15.43706],[108.21736,15.4372],[108.21685,15.43731],[108.21672,15.43732],[108.21631,15.43753],[108.21612,15.43761],[108.216,15.43762],[108.21541,15.43746],[108.21481,15.43733],[108.2146,15.43743],[108.2144,15.43756],[108.21428,15.43767],[108.21412,15.43779],[108.21395,15.43796],[108.21379,15.43819],[108.21363,15.43837],[108.21348,15.43847],[108.21302,15.43864],[108.21194,15.43913],[108.21162,15.43936],[108.21067,15.44038],[108.21064,15.4404],[108.20996,15.44113],[108.20974,15.44129],[108.20972,15.44129],[108.2096,15.44134],[108.20936,15.44135],[108.20903,15.44133],[108.20881,15.44139],[108.20877,15.44141],[108.20836,15.4417],[108.20827,15.44179],[108.20801,15.44226],[108.20791,15.44248],[108.2079,15.44249],[108.20789,15.44252],[108.20752,15.44309],[108.20752,15.4431],[108.20741,15.44324],[108.20729,15.44335],[108.20714,15.44344],[108.20689,15.44364],[108.20653,15.44401],[108.20646,15.44412],[108.20643,15.44419],[108.20634,15.44459],[108.20628,15.44478],[108.20596,15.44545],[108.20581,15.44565],[108.20578,15.44563],[108.20575,15.44563],[108.20571,15.44562],[108.20567,15.44562],[108.20477,15.44585],[108.20449,15.44594],[108.20394,15.44619],[108.20372,15.44631],[108.20361,15.4464],[108.20354,15.44648],[108.20348,15.44671],[108.20351,15.447],[108.20356,15.44719],[108.20358,15.4474],[108.20358,15.44758],[108.20357,15.44763],[108.20353,15.4477],[108.20346,15.44777],[108.2033,15.44785],[108.20308,15.44793],[108.20283,15.44799],[108.20272,15.44799],[108.20264,15.448],[108.20161,15.44791],[108.20096,15.44781],[108.20078,15.44782],[108.20063,15.44788],[108.20038,15.44801],[108.1999,15.44856],[108.19983,15.44871],[108.19983,15.44872],[108.19961,15.44893],[108.19941,15.44918],[108.19933,15.44937],[108.19906,15.44974],[108.19897,15.4499],[108.19879,15.45009],[108.19829,15.45051],[108.19759,15.45093],[108.19739,15.45109],[108.19705,15.45125],[108.1969,15.45135],[108.19678,15.4514],[108.19651,15.45158],[108.19617,15.45173],[108.19557,15.45209],[108.19551,15.45215],[108.19544,15.45224],[108.19534,15.45241],[108.19513,15.4535],[108.19513,15.45352],[108.19506,15.45377],[108.19492,15.45409],[108.19481,15.4544],[108.19474,15.45453],[108.19345,15.45607],[108.1932,15.45641],[108.19312,15.45661],[108.19299,15.45687],[108.19299,15.4569],[108.19293,15.45709],[108.19282,15.45721],[108.19281,15.45723],[108.19269,15.45735],[108.19241,15.45747],[108.1924,15.45748],[108.19159,15.45795],[108.19154,15.45799],[108.19111,15.45843],[108.19105,15.4587],[108.19106,15.45872],[108.19111,15.45893],[108.19116,15.45905],[108.19116,15.45916],[108.19109,15.45932],[108.19092,15.45948],[108.19072,15.45972],[108.19042,15.45994],[108.19025,15.46022],[108.18981,15.46055],[108.18947,15.46087],[108.18946,15.46087],[108.18936,15.46092],[108.18889,15.46108],[108.18865,15.4611],[108.18838,15.46103],[108.18809,15.46093],[108.18785,15.46088],[108.18761,15.46081],[108.1874,15.46077],[108.1873,15.46073],[108.18713,15.46064],[108.18655,15.46012],[108.18629,15.45992],[108.18574,15.45935],[108.18494,15.45865],[108.18466,15.45833],[108.18442,15.45815],[108.1841,15.45796],[108.1839,15.45779],[108.18374,15.45773],[108.18367,15.45767],[108.18331,15.45745],[108.18314,15.45738],[108.18259,15.45739],[108.18252,15.45737],[108.18246,15.45733],[108.18241,15.45727],[108.18237,15.4572],[108.18227,15.45707],[108.18222,15.45704],[108.1821,15.45702],[108.18157,15.457],[108.18115,15.45695],[108.18001,15.45689],[108.17922,15.45671],[108.17884,15.45666],[108.17814,15.45671],[108.17706,15.45674],[108.17583,15.45695],[108.17456,15.45722],[108.17435,15.45732],[108.17415,15.45746],[108.17373,15.45768],[108.17341,15.45788],[108.17321,15.45803],[108.17315,15.45806],[108.17218,15.45873],[108.17208,15.45878],[108.17194,15.4588],[108.17151,15.4588],[108.17132,15.45878],[108.17123,15.4588],[108.17113,15.45886],[108.17069,15.45931],[108.17055,15.4594],[108.16968,15.4598],[108.16914,15.46002],[108.16912,15.46002],[108.16892,15.46007],[108.16845,15.46014],[108.16824,15.46019],[108.16765,15.46027],[108.16701,15.46024],[108.16691,15.46022],[108.16609,15.46017],[108.16587,15.46019],[108.16576,15.46023],[108.16544,15.46038],[108.1651,15.46068],[108.16508,15.46071],[108.16484,15.46092],[108.16474,15.46096],[108.16455,15.46107],[108.16425,15.461],[108.1641,15.46095],[108.16368,15.46074],[108.16353,15.4607],[108.16334,15.46063],[108.16286,15.46053],[108.16282,15.4605],[108.16274,15.46046],[108.16268,15.4604],[108.16261,15.46037],[108.16249,15.46038],[108.16234,15.46045],[108.16205,15.46044],[108.16192,15.46047],[108.16164,15.4605],[108.16157,15.46049],[108.16143,15.46038],[108.16141,15.46037],[108.16138,15.46034],[108.16132,15.46032],[108.16124,15.46032],[108.16118,15.46035],[108.16096,15.46064],[108.16078,15.46075],[108.16061,15.46077],[108.1605,15.46077],[108.1602,15.4608],[108.15989,15.46089],[108.15972,15.46089],[108.15913,15.46081],[108.1582,15.46061],[108.15774,15.46057],[108.1577,15.46056],[108.15739,15.46056],[108.15746,15.46002],[108.15746,15.45984],[108.1576,15.45854],[108.1577,15.45797],[108.15771,15.45785],[108.15769,15.45776],[108.15748,15.45735],[108.15743,15.4572],[108.15733,15.45702],[108.15702,15.45671],[108.15701,15.45671],[108.15673,15.45649],[108.15672,15.45649],[108.15666,15.45644],[108.15593,15.45599],[108.1558,15.45589],[108.1558,15.45588],[108.15574,15.45581],[108.15571,15.45575],[108.15556,15.45503],[108.15555,15.45502],[108.15555,15.45501],[108.15539,15.45467],[108.15503,15.45411],[108.155,15.45408],[108.15432,15.45313],[108.15404,15.45282],[108.15381,15.45261],[108.15352,15.45228],[108.15351,15.45226],[108.15331,15.452],[108.15319,15.45174],[108.15295,15.4513],[108.15291,15.45119],[108.15292,15.45092],[108.15293,15.4509],[108.15313,15.4501],[108.15316,15.44991],[108.15316,15.44978],[108.15305,15.44934],[108.15305,15.44932],[108.15294,15.44896],[108.15263,15.44765],[108.15263,15.44762],[108.15261,15.44757],[108.15257,15.44737],[108.15254,15.44679],[108.15249,15.4465],[108.15241,15.44643],[108.15233,15.44638],[108.15217,15.44625],[108.15205,15.44611],[108.15101,15.44552],[108.1507,15.44531],[108.15057,15.44526],[108.15047,15.44525],[108.15038,15.44526],[108.15013,15.44538],[108.14991,15.44546],[108.14924,15.44563],[108.14909,15.44563],[108.149,15.44559],[108.14894,15.44547],[108.14892,15.44532],[108.14894,15.4451],[108.14892,15.44485],[108.14886,15.44471],[108.14879,15.44464],[108.14872,15.44459],[108.14871,15.44459],[108.14859,15.44455],[108.1482,15.44449],[108.14799,15.4445],[108.14774,15.44455],[108.14756,15.44463],[108.14638,15.44529],[108.14605,15.44544],[108.14604,15.44544],[108.14556,15.44568],[108.14546,15.44575],[108.14524,15.44587],[108.14394,15.44672],[108.1438,15.44684],[108.14357,15.44692],[108.1434,15.447],[108.14329,15.44708],[108.14315,15.44722],[108.14326,15.44735],[108.14333,15.44739],[108.14389,15.44764],[108.14397,15.44771],[108.14425,15.44811],[108.14448,15.44849],[108.14461,15.44865],[108.14502,15.44889],[108.14524,15.44905],[108.14537,15.44921],[108.14548,15.44941],[108.14553,15.44973],[108.14582,15.45067],[108.14594,15.45096],[108.14609,15.45126],[108.14616,15.45146],[108.14619,15.45149],[108.14627,15.4516],[108.14641,15.45174],[108.1465,15.45185],[108.14653,15.45191],[108.14656,15.45201],[108.14651,15.45245],[108.14643,15.45279],[108.14638,15.45293],[108.14623,15.45316],[108.14615,15.45334],[108.1461,15.4535],[108.14604,15.45385],[108.14608,15.45435],[108.14599,15.45497],[108.14598,15.45573],[108.14588,15.45598],[108.14551,15.45673],[108.14548,15.45685],[108.14547,15.45694],[108.14548,15.45712],[108.14553,15.45731],[108.14554,15.45756],[108.14541,15.45808],[108.1453,15.45832],[108.14513,15.4586],[108.14507,15.45866],[108.14501,15.45874],[108.14473,15.45898],[108.14459,15.45904],[108.14409,15.45918],[108.14402,15.45958],[108.14388,15.45993],[108.14379,15.46009],[108.14343,15.46037],[108.1431,15.46058],[108.1432,15.46073],[108.14329,15.46091],[108.14343,15.46146],[108.14377,15.46203],[108.1438,15.46206],[108.14418,15.46274],[108.14485,15.46433],[108.14492,15.46455],[108.14506,15.46536],[108.14506,15.46539],[108.14518,15.46604],[108.14525,15.46628],[108.1453,15.46637],[108.14533,15.4664],[108.1458,15.46672],[108.14592,15.46684],[108.14595,15.46688],[108.14653,15.4673],[108.14654,15.46732],[108.14659,15.46736],[108.14662,15.46742],[108.14664,15.46753],[108.14663,15.46763],[108.1466,15.46775],[108.1466,15.46786],[108.14662,15.46796],[108.1467,15.46806],[108.14707,15.46839],[108.14717,15.4685],[108.14722,15.46861],[108.14722,15.46862],[108.14746,15.46934],[108.14766,15.47007],[108.14767,15.47021],[108.14769,15.47032],[108.14768,15.47044],[108.14759,15.47064],[108.14752,15.47071],[108.14727,15.47089],[108.14718,15.47102],[108.14715,15.47114],[108.14715,15.47129],[108.14718,15.47141],[108.14723,15.47151],[108.14771,15.47228],[108.14773,15.47233],[108.14773,15.47238],[108.14774,15.4724],[108.14761,15.47264],[108.14755,15.47279],[108.14753,15.473],[108.14759,15.47325],[108.14762,15.47332],[108.14778,15.47354],[108.14795,15.47368],[108.14833,15.47393],[108.14841,15.47402],[108.14845,15.47411],[108.14847,15.47419],[108.14844,15.47431],[108.14826,15.47458],[108.14805,15.47481],[108.1479,15.47492],[108.14773,15.47497],[108.14752,15.47501],[108.14731,15.47509],[108.14704,15.47525],[108.14679,15.47543],[108.1467,15.47548],[108.14662,15.4755],[108.14648,15.47545],[108.14634,15.47536],[108.14629,15.47534],[108.14622,15.47534],[108.14612,15.4754],[108.146,15.4755],[108.14564,15.47575],[108.14544,15.47579],[108.1453,15.47584],[108.14527,15.47587],[108.14524,15.47589],[108.14508,15.47628],[108.14476,15.47694],[108.14447,15.47742],[108.1441,15.47793],[108.14387,15.47837],[108.14379,15.47845],[108.14292,15.47914],[108.14274,15.47939],[108.14256,15.47957],[108.14242,15.47966],[108.14209,15.47981],[108.14187,15.47993],[108.1416,15.48001],[108.14141,15.4801],[108.14125,15.48031],[108.14114,15.48042],[108.14102,15.48049],[108.14085,15.48054],[108.14084,15.48055],[108.14064,15.48064],[108.14032,15.48082],[108.14009,15.48091],[108.13994,15.48092],[108.13982,15.48088],[108.13963,15.48078],[108.13921,15.48034],[108.13903,15.48018],[108.13896,15.48015],[108.13885,15.48013],[108.13868,15.48014],[108.1385,15.48026],[108.1384,15.48038],[108.13824,15.48066],[108.13823,15.48066],[108.1381,15.48093],[108.13803,15.48102],[108.13797,15.48106],[108.1379,15.48108],[108.1378,15.48109],[108.13767,15.48112],[108.13756,15.48118],[108.13753,15.48121],[108.13752,15.48124],[108.13753,15.48181],[108.13751,15.48199],[108.13747,15.48212],[108.1374,15.48222],[108.13728,15.48235],[108.1372,15.48239],[108.13708,15.48242],[108.13694,15.48241],[108.13683,15.48238],[108.13657,15.48228],[108.13634,15.48217],[108.13624,15.48215],[108.13606,15.48217],[108.13604,15.48218],[108.13576,15.48221],[108.1355,15.4822],[108.13493,15.48207],[108.13445,15.48192],[108.13419,15.48189],[108.13373,15.4818],[108.13356,15.4818],[108.13341,15.48184],[108.13325,15.48192],[108.13306,15.48199],[108.13292,15.48208],[108.13275,15.48214],[108.13233,15.48219],[108.13166,15.48218],[108.13145,15.48221],[108.13116,15.4823],[108.13104,15.48236],[108.131,15.48237],[108.13084,15.48248],[108.13048,15.48261],[108.12996,15.48272],[108.12972,15.48279],[108.1296,15.48285],[108.12949,15.48293],[108.12924,15.48308],[108.12887,15.48334],[108.12866,15.48341],[108.12848,15.48344],[108.12827,15.4834],[108.12804,15.48338],[108.12764,15.48347],[108.12741,15.48356],[108.12736,15.48357],[108.12682,15.48377],[108.12654,15.48384],[108.12613,15.48389],[108.12593,15.48396],[108.12579,15.48403],[108.12557,15.48425],[108.12541,15.48457],[108.12536,15.48464],[108.12524,15.48486],[108.12516,15.48508],[108.12515,15.48521],[108.12519,15.48538],[108.12552,15.48586],[108.12555,15.48594],[108.12558,15.48608],[108.12551,15.48661],[108.12551,15.48678],[108.12567,15.48735],[108.1257,15.48754],[108.12569,15.4876],[108.12569,15.48768],[108.12568,15.48771],[108.12568,15.48778],[108.12561,15.4883],[108.12561,15.48841],[108.12566,15.48849],[108.12567,15.48852],[108.12569,15.48855],[108.12578,15.48875],[108.12579,15.48886],[108.1258,15.4889],[108.1258,15.48904],[108.12586,15.48934],[108.12586,15.48939],[108.12587,15.48944],[108.12583,15.48957],[108.12582,15.48958],[108.12581,15.48965],[108.12582,15.48969],[108.12584,15.4897],[108.12585,15.48972],[108.12595,15.48978],[108.12603,15.48987],[108.12606,15.48997],[108.12607,15.49007],[108.12597,15.49023],[108.12593,15.49027],[108.12591,15.49032],[108.12591,15.49039],[108.12594,15.49045],[108.12594,15.49046],[108.12597,15.49049],[108.12598,15.49052],[108.12615,15.49066],[108.1262,15.49075],[108.12625,15.49088],[108.12625,15.49089],[108.12629,15.49099],[108.12632,15.49103],[108.12636,15.49105],[108.12658,15.49121],[108.12673,15.49137],[108.12681,15.49156],[108.12683,15.49165],[108.12683,15.4917],[108.12685,15.49175],[108.12687,15.49178],[108.12687,15.49179],[108.1269,15.49181],[108.12719,15.49192],[108.1275,15.49208],[108.12773,15.49222],[108.12807,15.49251],[108.1283,15.49275],[108.12833,15.4928],[108.12862,15.49316],[108.12886,15.49341],[108.12907,15.49366],[108.12916,15.49382],[108.12923,15.49392],[108.12923,15.49394],[108.12928,15.49411],[108.12928,15.49413],[108.12929,15.49415],[108.12932,15.49432],[108.12931,15.49465],[108.1293,15.49469],[108.1293,15.49475],[108.12921,15.49509],[108.12916,15.49519],[108.12905,15.4953],[108.12895,15.49546],[108.1289,15.4956],[108.1289,15.49563],[108.12888,15.49571],[108.12887,15.49573],[108.12888,15.49584],[108.12895,15.4962],[108.12904,15.49631],[108.12904,15.49632],[108.12941,15.4969],[108.12971,15.49722],[108.12985,15.49734],[108.12987,15.49735],[108.12991,15.49741],[108.12998,15.49771],[108.12998,15.49774],[108.13005,15.49798],[108.13005,15.49799],[108.13012,15.49822],[108.13012,15.49823],[108.13046,15.49914],[108.13058,15.49936],[108.13078,15.49963],[108.13096,15.49978],[108.13105,15.49992],[108.13114,15.50012],[108.13118,15.5009],[108.13107,15.50161],[108.13109,15.50235],[108.13108,15.50245],[108.13106,15.50251],[108.13099,15.50259],[108.13098,15.50259],[108.13088,15.50266],[108.13073,15.50273],[108.13038,15.50294],[108.13002,15.50321],[108.12992,15.50333],[108.12987,15.50349],[108.12969,15.50482],[108.12959,15.50527],[108.12952,15.50549],[108.12944,15.50565],[108.1293,15.50582],[108.12926,15.5059],[108.1291,15.50668],[108.12907,15.50693],[108.12907,15.50708],[108.12896,15.50749],[108.12887,15.50774],[108.12855,15.50819],[108.12828,15.50863],[108.12776,15.50914],[108.12747,15.50954],[108.12738,15.50962],[108.12732,15.50964],[108.12724,15.50968],[108.12715,15.50971],[108.12686,15.50988],[108.12675,15.50996],[108.12664,15.51002],[108.1265,15.51003],[108.12643,15.51002],[108.12629,15.51002],[108.12626,15.51003],[108.12622,15.51007],[108.12616,15.5102],[108.12614,15.51033],[108.1261,15.51048],[108.12592,15.51082],[108.12572,15.5111],[108.12572,15.51111],[108.12547,15.5114],[108.1254,15.51154],[108.12533,15.51165],[108.12522,15.51188],[108.12514,15.51198],[108.12502,15.51206],[108.12444,15.51231],[108.12362,15.51259],[108.12354,15.51263],[108.1235,15.51267],[108.12343,15.51279],[108.12331,15.51323],[108.12323,15.51338],[108.12287,15.51381],[108.12283,15.51394],[108.12285,15.51403],[108.12285,15.51405],[108.12292,15.51418],[108.12309,15.51432],[108.12317,15.51445],[108.12321,15.51456],[108.12321,15.5147],[108.12318,15.5148],[108.1226,15.51601],[108.12254,15.5161],[108.12244,15.51617],[108.1219,15.51633],[108.1216,15.51648],[108.12071,15.5173],[108.12015,15.518],[108.12009,15.51809],[108.11971,15.51849],[108.11961,15.51855],[108.11896,15.51863],[108.11894,15.51864],[108.11853,15.51869],[108.11825,15.51877],[108.1178,15.51893],[108.11746,15.51911],[108.11721,15.51931],[108.11713,15.51942],[108.11708,15.51951],[108.11708,15.51956],[108.11706,15.51964],[108.1169,15.51984],[108.11672,15.51999],[108.11657,15.52007],[108.11653,15.52008],[108.11634,15.52006],[108.11626,15.52003],[108.11602,15.51991],[108.11583,15.51984],[108.1157,15.51983],[108.11562,15.51986],[108.11557,15.5199],[108.11553,15.51995],[108.11534,15.52028],[108.11533,15.52031],[108.11486,15.5211],[108.11479,15.52115],[108.11455,15.52124],[108.11448,15.52132],[108.11445,15.52141],[108.11447,15.52157],[108.1145,15.52167],[108.11455,15.52194],[108.11453,15.52205],[108.11454,15.52213],[108.11389,15.52287],[108.1135,15.52326],[108.11337,15.52333],[108.11255,15.52342],[108.11224,15.52355],[108.11216,15.52364],[108.11209,15.52377],[108.11204,15.52398],[108.11203,15.52399],[108.11198,15.52428],[108.11196,15.52434],[108.11196,15.52436],[108.11192,15.52447],[108.11181,15.52466],[108.11173,15.52476],[108.11119,15.52557],[108.11097,15.52586],[108.11088,15.52603],[108.11088,15.52604],[108.11085,15.52611],[108.11086,15.52613],[108.11086,15.52617],[108.11088,15.52625],[108.11094,15.52641],[108.11112,15.52705],[108.11112,15.52707],[108.11119,15.52722],[108.11127,15.52729],[108.11129,15.5273],[108.11136,15.52737],[108.11139,15.52742],[108.1114,15.52746],[108.11139,15.52749],[108.11139,15.5275],[108.11137,15.52753],[108.11069,15.52799],[108.11067,15.52801],[108.11066,15.52801],[108.11065,15.52804],[108.1106,15.5281],[108.11054,15.52823],[108.11051,15.52834],[108.11049,15.52838],[108.11049,15.52839],[108.11042,15.52853],[108.11041,15.52854],[108.11038,15.52864],[108.11035,15.52869],[108.1103,15.5289],[108.1103,15.52905],[108.11032,15.52918],[108.1104,15.52933],[108.11062,15.52956],[108.11069,15.52975],[108.11073,15.52999],[108.11081,15.5301],[108.11088,15.53017],[108.11097,15.53029],[108.11097,15.53031],[108.11113,15.53069],[108.11122,15.53121],[108.11127,15.53129],[108.11128,15.53132],[108.11142,15.53149],[108.11167,15.53186],[108.11171,15.5319],[108.11192,15.53237],[108.1122,15.53314],[108.1122,15.53324],[108.11216,15.53334],[108.11208,15.53347],[108.11201,15.53365],[108.11198,15.53383],[108.11198,15.53388],[108.11199,15.53391],[108.112,15.53402],[108.11207,15.53421],[108.11228,15.53456],[108.11229,15.53459],[108.11235,15.53469],[108.11236,15.53472],[108.11256,15.53503],[108.11278,15.53528],[108.11292,15.53538],[108.11342,15.53563],[108.11357,15.53579],[108.11363,15.53593],[108.11364,15.53594],[108.11364,15.53598],[108.1137,15.53638],[108.11376,15.53664],[108.11388,15.5369],[108.11407,15.53715],[108.1142,15.53728],[108.11429,15.53763],[108.11436,15.53779],[108.11443,15.5379],[108.11444,15.5379],[108.11456,15.53799],[108.11469,15.53805],[108.11484,15.53808],[108.11502,15.53816],[108.11511,15.53824],[108.11514,15.53825],[108.11515,15.53827],[108.11584,15.53894],[108.11624,15.5392],[108.11632,15.53927],[108.11645,15.53945],[108.11655,15.53954],[108.11696,15.54003],[108.11768,15.54074],[108.11775,15.54084],[108.11777,15.54092],[108.11777,15.54098],[108.11772,15.54109],[108.11762,15.54121],[108.11746,15.54145],[108.11744,15.54151],[108.11743,15.54163],[108.11746,15.54188],[108.11743,15.54197],[108.11722,15.54229],[108.1172,15.54242],[108.11721,15.54281],[108.11679,15.54399],[108.11671,15.5449],[108.11666,15.54511],[108.11658,15.54531],[108.11658,15.54543],[108.11661,15.54551],[108.11675,15.54568],[108.11694,15.54587],[108.11744,15.54649],[108.11759,15.54674],[108.11767,15.54698],[108.11772,15.54726],[108.11778,15.54778],[108.11778,15.54791],[108.1176,15.54878],[108.11757,15.54883],[108.11749,15.54903],[108.11714,15.5495],[108.11704,15.54969],[108.11701,15.54978],[108.11697,15.55],[108.11698,15.55018],[108.11696,15.55037],[108.11692,15.5505],[108.11688,15.55059],[108.11687,15.55059],[108.11681,15.55067],[108.11672,15.55075],[108.11662,15.55081],[108.1165,15.55085],[108.1163,15.55083],[108.11561,15.55082],[108.11542,15.55085],[108.11532,15.55091],[108.11497,15.55123],[108.11477,15.55148],[108.11422,15.55236],[108.1139,15.55295],[108.11379,15.55323],[108.11368,15.55372],[108.11353,15.55409],[108.11349,15.55456],[108.11348,15.55459],[108.11345,15.55487],[108.11338,15.55509],[108.11338,15.5551],[108.11329,15.55525],[108.11321,15.55542],[108.11308,15.55559],[108.11289,15.5558],[108.11264,15.55617],[108.11211,15.55705],[108.11204,15.55719],[108.11165,15.55767],[108.11147,15.55795],[108.11091,15.55872],[108.11071,15.55895],[108.11033,15.55932],[108.11004,15.55947],[108.10992,15.55951],[108.10984,15.55955],[108.10952,15.55962],[108.10894,15.55964],[108.10883,15.55967],[108.10794,15.56012],[108.10755,15.56018],[108.10739,15.56018],[108.10725,15.56016],[108.10709,15.56011],[108.10692,15.56008],[108.10601,15.55983],[108.10564,15.55975],[108.10546,15.55973],[108.10531,15.55973],[108.10508,15.55978],[108.1049,15.55978],[108.10473,15.55975],[108.10453,15.55968],[108.1043,15.55957],[108.10401,15.55937],[108.10361,15.55918],[108.10331,15.5591],[108.10323,15.55911],[108.10311,15.55911],[108.10281,15.55914],[108.10199,15.55932],[108.10198,15.55933],[108.10196,15.55933],[108.10152,15.55942],[108.10145,15.55945],[108.10144,15.55945],[108.10134,15.55949],[108.10122,15.55956],[108.10107,15.55968],[108.10074,15.55982],[108.10024,15.55997],[108.0999,15.56011],[108.09985,15.56014],[108.09984,15.56014],[108.09962,15.56024],[108.09954,15.56025],[108.09941,15.56025],[108.09925,15.56022],[108.0988,15.56004],[108.0986,15.55994],[108.09842,15.55983],[108.09819,15.55973],[108.09757,15.55952],[108.09747,15.5595],[108.09738,15.55947],[108.09697,15.55939],[108.09684,15.55939],[108.09674,15.55941],[108.09664,15.55945],[108.09608,15.55998],[108.09578,15.56035],[108.09564,15.56046],[108.09552,15.56052],[108.09542,15.56054],[108.09516,15.56051],[108.09466,15.56035],[108.09448,15.56031],[108.09443,15.56029],[108.09375,15.56013],[108.09288,15.55983],[108.09272,15.55982],[108.09184,15.55988],[108.09064,15.55991],[108.09052,15.55994],[108.09039,15.55995],[108.09025,15.55998],[108.09011,15.56005],[108.08997,15.56018],[108.08997,15.56019],[108.08976,15.56039],[108.08954,15.56052],[108.08954,15.56053],[108.08846,15.56083],[108.08792,15.56103],[108.08779,15.56112],[108.08711,15.56152],[108.08708,15.56153]]},"properties":{"name":"DT.615B","visibility":false,"styleUrl":"#line-1267FF-5000-nodesc26","stroke-opacity":1,"stroke":"#1267ff","stroke-width":5}},{"type":"Feature","geometry":{"type":"LineString","coordinates":[[108.47475,15.57921],[108.47454,15.57893],[108.47324,15.57733],[108.47279,15.57672],[108.47271,15.57664],[108.47264,15.57654],[108.46831,15.57106],[108.46825,15.57096],[108.46778,15.5703],[108.46759,15.57009],[108.46719,15.56959],[108.46698,15.56935],[108.46646,15.56883],[108.46576,15.56819],[108.46516,15.56756],[108.46494,15.56736],[108.4649,15.56731],[108.46472,15.56714],[108.46463,15.56707],[108.4645,15.56695],[108.46435,15.56685],[108.46425,15.56677],[108.4642,15.56675],[108.46411,15.5667],[108.46395,15.56668],[108.46232,15.566],[108.46191,15.5658],[108.46166,15.5657],[108.46144,15.56554],[108.46133,15.5655],[108.46125,15.56545],[108.46115,15.5654],[108.46111,15.56537],[108.46107,15.56535],[108.4609,15.56523],[108.46068,15.56502],[108.46044,15.56485],[108.46035,15.5648],[108.46025,15.56477],[108.45977,15.56469],[108.45968,15.56469],[108.45945,15.56466],[108.45937,15.56464],[108.45936,15.56464],[108.45933,15.56463],[108.45929,15.56461],[108.45925,15.56458],[108.45838,15.56414],[108.45771,15.5637],[108.45726,15.56336],[108.45701,15.56315],[108.457,15.56315],[108.45684,15.56306],[108.45682,15.56304],[108.45652,15.56296],[108.45632,15.56288],[108.4544,15.56224],[108.45004,15.56087],[108.45001,15.56085],[108.44946,15.56074],[108.44379,15.55996],[108.44375,15.55995],[108.43803,15.55917],[108.43711,15.55902],[108.43707,15.55902],[108.4358,15.55873],[108.43578,15.55872],[108.43521,15.55859],[108.43426,15.5583],[108.43425,15.5583],[108.43305,15.55792],[108.43304,15.55792],[108.4328,15.55782],[108.43277,15.55782],[108.42997,15.55692],[108.42996,15.55692],[108.42994,15.55691],[108.42943,15.55675],[108.42941,15.55674],[108.42217,15.55443],[108.42207,15.55441],[108.419,15.55341],[108.41856,15.55324],[108.41836,15.55319],[108.41818,15.55313],[108.41718,15.55301],[108.4164,15.55275],[108.416,15.55258],[108.41586,15.5525],[108.41574,15.55242],[108.41558,15.55229],[108.41532,15.55205],[108.41485,15.55152],[108.41433,15.55089],[108.41422,15.55084],[108.41421,15.55084],[108.41417,15.55082],[108.41409,15.55076],[108.41408,15.55077],[108.41405,15.55077],[108.41404,15.55076],[108.41401,15.55076],[108.414,15.55075],[108.41399,15.55075],[108.41397,15.55073],[108.41396,15.55073],[108.41396,15.55072],[108.41394,15.5507],[108.41394,15.55069],[108.41393,15.55068],[108.41393,15.55067],[108.41392,15.55066],[108.41392,15.55059],[108.41382,15.55037],[108.41268,15.5492],[108.4122,15.54864],[108.41199,15.54835],[108.41105,15.54732],[108.40964,15.5457],[108.40891,15.5448],[108.40863,15.5445],[108.40857,15.54441],[108.40837,15.54418],[108.40833,15.54412],[108.40735,15.54295],[108.40664,15.54202],[108.40613,15.54153],[108.40597,15.54132],[108.40575,15.54107],[108.40572,15.54105],[108.40564,15.54092],[108.40559,15.54082],[108.40537,15.54059],[108.40495,15.54023],[108.40442,15.53995],[108.40394,15.53975],[108.40368,15.53967],[108.40368,15.53966],[108.40329,15.53954],[108.40316,15.53952],[108.40302,15.53951],[108.40291,15.53952],[108.4028,15.53954],[108.40265,15.53955],[108.40225,15.53963],[108.40209,15.53965],[108.4019,15.53965],[108.40161,15.53967],[108.4014,15.53965],[108.40091,15.53951],[108.39979,15.53932],[108.39948,15.53928],[108.39903,15.53913],[108.39837,15.53884],[108.3979,15.53867],[108.39785,15.53866],[108.39766,15.53859],[108.39693,15.53838],[108.39632,15.53815],[108.39622,15.53812],[108.39596,15.53802],[108.39564,15.53796],[108.39534,15.53793],[108.39474,15.53782],[108.39457,15.53781],[108.39408,15.53775],[108.39389,15.53774],[108.39346,15.53768],[108.39332,15.53767],[108.39311,15.53764],[108.39248,15.53759],[108.39246,15.53758],[108.39186,15.53756],[108.39176,15.53754],[108.39159,15.53752],[108.39142,15.53747],[108.39132,15.53746],[108.39122,15.53744],[108.39109,15.5374],[108.39102,15.53737],[108.39056,15.53724],[108.39048,15.53723],[108.3904,15.53723],[108.39018,15.53726],[108.3901,15.53729],[108.38972,15.53737],[108.38939,15.53742],[108.38911,15.5374],[108.38898,15.53736],[108.38881,15.53733],[108.38866,15.53726],[108.38833,15.53714],[108.38818,15.5371],[108.38764,15.53704],[108.38723,15.53702],[108.38707,15.53699],[108.38631,15.53678],[108.38627,15.53676],[108.38595,15.53667],[108.38556,15.5365],[108.38409,15.53606],[108.38367,15.5359],[108.38305,15.5356],[108.3827,15.53541],[108.38252,15.53528],[108.3823,15.53505],[108.38199,15.53478],[108.38172,15.53458],[108.38155,15.53447],[108.38099,15.53418],[108.38094,15.53416],[108.38077,15.53412],[108.38008,15.53402],[108.3799,15.53395],[108.37958,15.5338],[108.37949,15.53374],[108.37945,15.53372],[108.37918,15.53348],[108.37895,15.5333],[108.37872,15.53307],[108.37859,15.53296],[108.37849,15.53289],[108.37838,15.5328],[108.37761,15.53236],[108.37757,15.53233],[108.37756,15.53233],[108.3775,15.53228],[108.37738,15.53214],[108.37727,15.53204],[108.37717,15.53197],[108.37711,15.53191],[108.37677,15.53165],[108.37665,15.53158],[108.3766,15.53154],[108.37633,15.53144],[108.37605,15.53132],[108.37602,15.5313],[108.37588,15.53126],[108.37587,15.53125],[108.37575,15.53123],[108.37523,15.53106],[108.37484,15.53088],[108.37473,15.53081],[108.37456,15.53072],[108.3738,15.53037],[108.37372,15.53036],[108.37336,15.53036],[108.37329,15.53035],[108.37308,15.53029],[108.37299,15.53025],[108.37283,15.53016],[108.37274,15.5301],[108.37267,15.53007],[108.37259,15.53001],[108.37252,15.52997],[108.37244,15.52991],[108.37206,15.52969],[108.37191,15.52964],[108.37186,15.52963],[108.37171,15.52963],[108.37166,15.52962],[108.37155,15.52958],[108.37146,15.52949],[108.37143,15.52945],[108.37137,15.52939],[108.37131,15.52931],[108.37128,15.52926],[108.37127,15.52926],[108.37123,15.5292],[108.37099,15.52901],[108.37073,15.52877],[108.37062,15.52865],[108.37028,15.52832],[108.3698,15.52794],[108.36963,15.52776],[108.36957,15.52766],[108.36954,15.52763],[108.36942,15.52745],[108.36934,15.52731],[108.36905,15.52688],[108.36903,15.52684],[108.36888,15.52638],[108.36873,15.52602],[108.36841,15.52557],[108.36837,15.52549],[108.36836,15.52543],[108.36837,15.52535],[108.36847,15.52498],[108.36856,15.52473],[108.36861,15.52464],[108.36866,15.52458],[108.36896,15.5243],[108.36899,15.52428],[108.36904,15.52426],[108.36906,15.52426],[108.36909,15.52425],[108.36911,15.52422],[108.36918,15.52415],[108.36932,15.52397],[108.36933,15.52394],[108.36935,15.52391],[108.36946,15.52364],[108.36959,15.52345],[108.36975,15.52327],[108.36981,15.52322],[108.36989,15.52314],[108.36995,15.52309],[108.37007,15.52296],[108.37016,15.52284],[108.37021,15.5227],[108.37026,15.52235],[108.37031,15.52184],[108.37034,15.52126],[108.37034,15.52102],[108.37033,15.52092],[108.37033,15.52082],[108.37035,15.52057],[108.37042,15.52004],[108.37043,15.51967],[108.3704,15.51949],[108.37039,15.51949],[108.37009,15.51959],[108.36997,15.51964],[108.36962,15.51976],[108.36948,15.51982],[108.36929,15.51993],[108.36908,15.52006],[108.36907,15.52007],[108.36896,15.52014],[108.36881,15.52022],[108.36865,15.52032],[108.36859,15.52037],[108.36829,15.52052],[108.36768,15.52077],[108.36761,15.52079],[108.36738,15.52082],[108.36706,15.52082],[108.36694,15.52083],[108.36665,15.52083],[108.36637,15.52085],[108.36627,15.52085],[108.36625,15.52086],[108.36615,15.52089],[108.36609,15.5209],[108.36527,15.52116],[108.36502,15.52122],[108.36497,15.52124],[108.36478,15.52128],[108.36466,15.52129],[108.36458,15.52131],[108.36373,15.52139],[108.36368,15.52139],[108.36354,15.52141],[108.36322,15.52142],[108.36279,15.52135],[108.36267,15.52131],[108.36256,15.52126],[108.36247,15.52123],[108.3619,15.52093],[108.3617,15.52084],[108.36157,15.5208],[108.36143,15.52077],[108.36116,15.52073],[108.36078,15.5207],[108.36072,15.52069],[108.36044,15.52067],[108.36007,15.52058],[108.35988,15.52052],[108.35985,15.5205],[108.35979,15.52049],[108.35966,15.52049],[108.3594,15.52051],[108.35906,15.52056],[108.35893,15.52057],[108.3586,15.52065],[108.35804,15.52083],[108.35802,15.52083],[108.35769,15.52094],[108.3566,15.52136],[108.3563,15.52144],[108.35629,15.52145],[108.35534,15.5215],[108.35482,15.52148],[108.35375,15.52138],[108.3536,15.52134],[108.35271,15.52116],[108.35223,15.52109],[108.3522,15.52108],[108.35133,15.52096],[108.35124,15.52093],[108.35114,15.52088],[108.35089,15.52073],[108.35078,15.52065],[108.35057,15.52054],[108.35045,15.5205],[108.35041,15.52048],[108.35034,15.52048],[108.35025,15.5205],[108.35013,15.52055],[108.35002,15.52063],[108.34967,15.52082],[108.34914,15.52105],[108.34886,15.52113],[108.34884,15.52114],[108.34869,15.52119],[108.34855,15.52125],[108.34832,15.52137],[108.34806,15.52153],[108.34804,15.52155],[108.34793,15.52162],[108.3471,15.52227],[108.34667,15.52257],[108.34579,15.52324],[108.34577,15.52325],[108.34564,15.52334],[108.34563,15.52334],[108.34554,15.52339],[108.34529,15.52347],[108.34514,15.52353],[108.34511,15.52353],[108.34494,15.52359],[108.34454,15.52376],[108.34453,15.52376],[108.34437,15.52384],[108.34435,15.52386],[108.34386,15.52408],[108.34385,15.52408],[108.34371,15.52415],[108.34351,15.5242],[108.34343,15.5242],[108.34327,15.52417],[108.3431,15.52409],[108.34295,15.52399],[108.34277,15.52384],[108.34251,15.52358],[108.34206,15.52308],[108.342,15.52299],[108.34185,15.52281],[108.34177,15.5227],[108.34176,15.52268],[108.34166,15.52259],[108.34158,15.5225],[108.34151,15.52244],[108.34141,15.52239],[108.34135,15.52235],[108.34096,15.52217],[108.34054,15.52195],[108.34053,15.52194],[108.34042,15.52188],[108.34038,15.52185],[108.34031,15.52177],[108.34027,15.5217],[108.34025,15.52165],[108.34009,15.52136],[108.34008,15.52133],[108.33968,15.52053],[108.33967,15.52052],[108.33962,15.5204],[108.3395,15.5202],[108.33943,15.5201],[108.33941,15.52008],[108.33941,15.52007],[108.33888,15.51926],[108.33864,15.5188],[108.33864,15.51878],[108.33861,15.51867],[108.3386,15.51857],[108.33861,15.51831],[108.33863,15.51817],[108.33869,15.51788],[108.33874,15.51775],[108.33884,15.51755],[108.33894,15.51739],[108.33907,15.5171],[108.33907,15.51708],[108.33908,15.51704],[108.33908,15.51701],[108.33909,15.51698],[108.33907,15.51682],[108.33898,15.5165],[108.33896,15.51647],[108.33894,15.51645],[108.33889,15.51637],[108.33882,15.5163],[108.33858,15.516],[108.33853,15.5159],[108.33849,15.51584],[108.33845,15.51575],[108.3384,15.51555],[108.3384,15.51553],[108.33834,15.51526],[108.3383,15.51519],[108.33826,15.51516],[108.33813,15.51509],[108.33807,15.51508],[108.33803,15.51506],[108.33788,15.51502],[108.33773,15.51494],[108.33768,15.51489],[108.33758,15.51475],[108.33757,15.51472],[108.33746,15.51453],[108.33737,15.51434],[108.33729,15.51424],[108.33688,15.51391],[108.33667,15.51369],[108.3366,15.51365],[108.33653,15.51362],[108.33643,15.5136],[108.33564,15.51354],[108.33528,15.51347],[108.33481,15.51334],[108.33477,15.51332],[108.33468,15.51325],[108.33467,15.51323],[108.33447,15.51294],[108.33434,15.51282],[108.33424,15.51275],[108.33412,15.51269],[108.33386,15.5126],[108.3336,15.51254],[108.33348,15.5125],[108.33334,15.51241],[108.33331,15.51238],[108.333,15.51217],[108.33283,15.51202],[108.33278,15.5119],[108.33274,15.51173],[108.33273,15.51172],[108.33272,15.51165],[108.33269,15.51156],[108.33268,15.51155],[108.33255,15.51135],[108.33245,15.51128],[108.33237,15.51125],[108.33236,15.51125],[108.33229,15.51123],[108.33219,15.51123],[108.33073,15.51141],[108.33058,15.51142],[108.33055,15.51143],[108.33034,15.51145],[108.32992,15.51146],[108.32973,15.51144],[108.32942,15.51138],[108.32906,15.51128],[108.32761,15.51063],[108.32738,15.51055],[108.32726,15.51053],[108.32725,15.51052],[108.32707,15.5105],[108.32681,15.51045],[108.3268,15.51044],[108.32674,15.51043],[108.32651,15.51035],[108.32628,15.51024],[108.32591,15.51002],[108.32582,15.50993],[108.32561,15.50976],[108.32552,15.50967],[108.32549,15.50965],[108.3254,15.50955],[108.32538,15.50952],[108.32533,15.50948],[108.32524,15.50934],[108.32481,15.50844],[108.32476,15.50839],[108.32474,15.50838],[108.32462,15.50827],[108.3245,15.50822],[108.32407,15.5081],[108.32346,15.50787],[108.32338,15.50783],[108.32285,15.50764],[108.32269,15.50755],[108.32268,15.50755],[108.32223,15.50724],[108.32222,15.50723],[108.32157,15.50678],[108.32079,15.50611],[108.32072,15.50604],[108.32048,15.50585],[108.32038,15.50574],[108.32034,15.50568],[108.32027,15.50555],[108.32011,15.50511],[108.3198,15.50442],[108.31961,15.50404],[108.31949,15.50373],[108.31949,15.50371],[108.31945,15.50359],[108.31943,15.5035],[108.31938,15.50294],[108.31931,15.50269],[108.31922,15.50248],[108.31916,15.50239],[108.31911,15.50233],[108.31905,15.50224],[108.31904,15.50221],[108.3188,15.50189],[108.3185,15.50159],[108.31834,15.50141],[108.31806,15.50099],[108.31767,15.5002],[108.31761,15.49996],[108.31756,15.49967],[108.31747,15.49934],[108.31736,15.49909],[108.31734,15.49903],[108.31683,15.49788],[108.31677,15.49777],[108.31666,15.49764],[108.31589,15.4969],[108.31578,15.49678],[108.31571,15.49672],[108.31566,15.49669],[108.31552,15.49665],[108.31515,15.49665],[108.31506,15.49663],[108.31493,15.49658],[108.31488,15.49654],[108.31487,15.49654],[108.31468,15.49625],[108.31402,15.49532],[108.31393,15.49511],[108.31388,15.49493],[108.31387,15.49478],[108.31392,15.49452],[108.31395,15.49444],[108.31408,15.49398],[108.3141,15.49388],[108.3141,15.49378],[108.31409,15.49373],[108.31407,15.4937],[108.31402,15.49358],[108.31399,15.49354],[108.31391,15.4934],[108.31335,15.49258],[108.31313,15.49235],[108.313,15.49227],[108.31279,15.49221],[108.31268,15.49221],[108.31259,15.49223],[108.31256,15.49223],[108.31241,15.49228],[108.3124,15.49228],[108.31231,15.4923],[108.31216,15.49235],[108.31205,15.49235],[108.31179,15.49227],[108.31168,15.49219],[108.31145,15.49195],[108.31124,15.49183],[108.31124,15.49182],[108.31044,15.49122],[108.30967,15.49059],[108.30867,15.49001],[108.30844,15.48986],[108.30823,15.48974]]},"properties":{"name":"DT.616","visibility":false,"styleUrl":"#line-1267FF-5000-nodesc27","stroke-opacity":1,"stroke":"#1267ff","stroke-width":5}},{"type":"Feature","geometry":{"type":"LineString","coordinates":[[108.62953,15.44191],[108.62947,15.44178],[108.62936,15.44142],[108.62887,15.4402],[108.62824,15.43876],[108.62794,15.4382],[108.62782,15.43804],[108.62759,15.43787],[108.62734,15.43773],[108.62719,15.43766],[108.62615,15.43729],[108.62613,15.43729],[108.62556,15.43705],[108.62492,15.43673],[108.62487,15.43669],[108.62478,15.43664],[108.62369,15.4358],[108.62348,15.4357],[108.62334,15.43566],[108.6223,15.43525],[108.62222,15.43523],[108.6217,15.43502],[108.62162,15.43496],[108.62158,15.43491],[108.6198,15.43317],[108.6198,15.43316],[108.61916,15.43258],[108.61853,15.43196],[108.61796,15.43134],[108.6173,15.4307],[108.61624,15.42975],[108.61354,15.42699],[108.61352,15.42698],[108.61285,15.4264],[108.61282,15.42638],[108.61143,15.42504],[108.61121,15.42479],[108.61118,15.42427],[108.61118,15.42395],[108.61117,15.42387],[108.61117,15.42368],[108.61114,15.42332],[108.61107,15.42304],[108.611,15.42284],[108.61088,15.4226],[108.61087,15.42256],[108.6108,15.4224],[108.6108,15.42239],[108.61075,15.42226],[108.61071,15.42208],[108.61069,15.42173],[108.61049,15.41987],[108.61051,15.41954],[108.61059,15.41909],[108.61068,15.4188],[108.61069,15.41878],[108.61079,15.41865],[108.61197,15.41737],[108.61199,15.41733],[108.61206,15.41724],[108.6122,15.41695],[108.61236,15.41649],[108.61239,15.41611],[108.61235,15.4157],[108.61152,15.41258],[108.61105,15.41097],[108.61096,15.41058],[108.61082,15.41011],[108.61051,15.40924],[108.61029,15.4089],[108.60974,15.40824],[108.60968,15.40819],[108.60953,15.40803],[108.60948,15.408],[108.60928,15.40793],[108.60845,15.408],[108.60777,15.40801],[108.60773,15.408],[108.60753,15.40798],[108.6074,15.40794],[108.60659,15.40743],[108.60641,15.4073],[108.6062,15.4071],[108.60606,15.40691],[108.60605,15.40691],[108.6058,15.40652],[108.60575,15.40646],[108.60566,15.40632],[108.60566,15.40631],[108.60556,15.40623],[108.60551,15.4062],[108.60542,15.40616],[108.60539,15.40614],[108.60515,15.40607],[108.60473,15.40587],[108.60468,15.40582],[108.60455,15.40573],[108.60437,15.40555],[108.60424,15.4054],[108.60399,15.40501],[108.6039,15.40483],[108.60385,15.40462],[108.60376,15.40436],[108.60371,15.40395],[108.60362,15.40355],[108.60352,15.40328],[108.60344,15.40296],[108.60344,15.40284],[108.60349,15.4027],[108.60357,15.40258],[108.6039,15.40236],[108.60436,15.40211],[108.60463,15.40191],[108.60472,15.40182],[108.60483,15.4016],[108.6049,15.40134],[108.60491,15.40115],[108.60484,15.40089],[108.60484,15.40088],[108.60454,15.40001],[108.60435,15.3987],[108.60435,15.3985],[108.6044,15.39825],[108.60449,15.39762],[108.60452,15.39706],[108.6045,15.39698],[108.60443,15.39684],[108.60439,15.39679],[108.60434,15.39675],[108.60434,15.39674],[108.60431,15.39672],[108.60427,15.39668],[108.60421,15.39665],[108.60401,15.3965],[108.60394,15.39648],[108.60387,15.39645],[108.60382,15.39644],[108.60365,15.39643],[108.60347,15.39645],[108.60325,15.39645],[108.60317,15.39643],[108.60297,15.39634],[108.60292,15.39633],[108.60291,15.39632],[108.60224,15.39599],[108.60216,15.39594],[108.60206,15.39578],[108.60202,15.39573],[108.60198,15.39563],[108.60198,15.39562],[108.60193,15.39546],[108.60185,15.39527],[108.60173,15.39492],[108.60163,15.39471],[108.60101,15.39365],[108.60079,15.39319],[108.60031,15.39172],[108.60008,15.39133],[108.59974,15.39089],[108.59962,15.39078],[108.59961,15.39076],[108.59953,15.39071],[108.59948,15.39066],[108.59947,15.39066],[108.59926,15.39049],[108.59879,15.38994],[108.59857,15.38977],[108.59839,15.38971],[108.59821,15.3897],[108.5981,15.38971],[108.59774,15.38982],[108.59773,15.38982],[108.59756,15.38987],[108.59743,15.38989],[108.59698,15.38985],[108.59689,15.38983],[108.59686,15.38983],[108.59667,15.38979],[108.59664,15.38977],[108.59663,15.38977],[108.59641,15.38962],[108.59612,15.38939],[108.59569,15.389],[108.59555,15.38883],[108.59554,15.38881],[108.59507,15.38822],[108.59494,15.38811],[108.59458,15.38785],[108.59447,15.38779],[108.59435,15.38774],[108.59432,15.38774],[108.59422,15.38771],[108.5939,15.38767],[108.59294,15.38767],[108.5928,15.38764],[108.59266,15.38759],[108.59111,15.38663],[108.59102,15.38659],[108.59098,15.38656],[108.59096,15.38656],[108.59082,15.3865],[108.59067,15.38648],[108.59051,15.38648],[108.59006,15.38652],[108.58966,15.38659],[108.58914,15.38665],[108.5891,15.38666],[108.58861,15.38666],[108.58835,15.38674],[108.58828,15.38677],[108.58824,15.3868],[108.58814,15.38685],[108.58811,15.38685],[108.58761,15.38699],[108.58697,15.38708],[108.58661,15.38715],[108.58641,15.38717],[108.58621,15.38715],[108.58611,15.38712],[108.5861,15.38712],[108.58543,15.38678],[108.58537,15.38673],[108.5846,15.38632],[108.58424,15.38619],[108.58395,15.38611],[108.58393,15.38611],[108.58345,15.386],[108.58333,15.38599],[108.582,15.38575],[108.58194,15.38573],[108.58192,15.38571],[108.58188,15.38569],[108.58181,15.38564],[108.58173,15.38554],[108.58136,15.38494],[108.58127,15.38482],[108.58126,15.3848],[108.58106,15.3846],[108.58045,15.38417],[108.58027,15.38398],[108.58026,15.38398],[108.57951,15.38269],[108.57914,15.38227],[108.57864,15.38151],[108.57856,15.38141],[108.57843,15.3813],[108.57817,15.38116],[108.57774,15.38098],[108.57765,15.38091],[108.57738,15.38065],[108.57701,15.38035],[108.57692,15.38026],[108.57682,15.38014],[108.57667,15.3798],[108.57653,15.37955],[108.57571,15.37824],[108.57565,15.37812],[108.57555,15.37797],[108.57526,15.37747],[108.57504,15.37713],[108.5748,15.37689],[108.57472,15.37678],[108.57431,15.37631],[108.57353,15.37555],[108.57346,15.3755],[108.57336,15.37539],[108.57324,15.3752],[108.5731,15.37494],[108.57303,15.37484],[108.5729,15.37469],[108.57269,15.37452],[108.57212,15.37418],[108.57206,15.37413],[108.57195,15.37407],[108.57134,15.37381],[108.57024,15.37341],[108.57009,15.37332],[108.57008,15.37332],[108.56995,15.3732],[108.56994,15.3732],[108.56943,15.3727],[108.56941,15.37269],[108.56915,15.37245],[108.56907,15.3724],[108.56888,15.37234],[108.56855,15.37238],[108.56778,15.37257],[108.56756,15.37259],[108.56712,15.37255],[108.56516,15.37209],[108.56513,15.37209],[108.56497,15.37205],[108.56494,15.37205],[108.5642,15.37186],[108.56396,15.37182],[108.56377,15.37184],[108.56337,15.37185],[108.56312,15.37182],[108.56294,15.37177],[108.56284,15.37171],[108.56265,15.37163],[108.56256,15.37161],[108.56223,15.37162],[108.56155,15.37169],[108.56139,15.37169],[108.5613,15.37168],[108.56117,15.37165],[108.56101,15.37158],[108.56065,15.37139],[108.56003,15.37114],[108.55979,15.37112],[108.55919,15.37116],[108.55881,15.37116],[108.5585,15.37113],[108.55847,15.37112],[108.55845,15.37112],[108.55814,15.37101],[108.55766,15.3708],[108.55704,15.37076],[108.55661,15.37076],[108.55632,15.37083],[108.55612,15.37095],[108.55519,15.37166],[108.55481,15.37192],[108.55463,15.372],[108.55436,15.37205],[108.55397,15.37206],[108.55372,15.37203],[108.55361,15.37204],[108.55352,15.37206],[108.55345,15.3721],[108.55337,15.3722],[108.55317,15.37257],[108.55311,15.37263],[108.5531,15.37263],[108.55296,15.37273],[108.55292,15.37275],[108.5528,15.37279],[108.55168,15.37301],[108.55073,15.37335],[108.55072,15.37335],[108.55023,15.37352],[108.55006,15.3736],[108.55004,15.37362],[108.55001,15.37364],[108.5499,15.37383],[108.54985,15.37407],[108.54984,15.3742],[108.54978,15.37451],[108.54971,15.3747],[108.54968,15.37475],[108.5496,15.37485],[108.54951,15.37494],[108.54928,15.37506],[108.5491,15.37511],[108.54909,15.37511],[108.5489,15.37517],[108.54875,15.37519],[108.54748,15.37513],[108.54718,15.37509],[108.54709,15.37509],[108.54704,15.37511],[108.54698,15.37512],[108.54694,15.37524],[108.54668,15.37557],[108.54654,15.3757],[108.54609,15.37623],[108.54606,15.37628],[108.54601,15.37632],[108.54598,15.37636],[108.54594,15.37639],[108.54578,15.37655],[108.54568,15.37663],[108.54564,15.37665],[108.54556,15.37671],[108.54553,15.37672],[108.54552,15.37673],[108.54545,15.37675],[108.54544,15.37676],[108.54542,15.37676],[108.54533,15.3768],[108.54531,15.37682],[108.54527,15.37684],[108.54522,15.37688],[108.54514,15.37702],[108.54501,15.37744],[108.54492,15.37762],[108.54485,15.3778],[108.54487,15.37802],[108.54497,15.37828],[108.54503,15.37858],[108.54507,15.37868],[108.54527,15.37892],[108.54533,15.37901],[108.54537,15.37917],[108.54537,15.37927],[108.54533,15.37954],[108.54528,15.37977],[108.54523,15.37992],[108.54511,15.38007],[108.54494,15.38023],[108.54493,15.38023],[108.54468,15.38041],[108.54454,15.38047],[108.5444,15.38049],[108.54426,15.38049],[108.54363,15.38041],[108.54358,15.38042],[108.54352,15.38042],[108.54341,15.38049],[108.54338,15.38052],[108.54333,15.38061],[108.54328,15.38073],[108.54322,15.38084],[108.54322,15.38085],[108.54313,15.38097],[108.543,15.38108],[108.54284,15.38126],[108.54282,15.38129],[108.5426,15.3815],[108.54259,15.38152],[108.54217,15.382],[108.54204,15.38218],[108.542,15.38222],[108.54193,15.38231],[108.54188,15.38234],[108.54183,15.38238],[108.54172,15.38244],[108.54162,15.38248],[108.54154,15.38249],[108.54152,15.3825],[108.54136,15.38251],[108.54109,15.38249],[108.54098,15.38247],[108.54084,15.38247],[108.54077,15.38249],[108.54063,15.38255],[108.54027,15.3828],[108.54016,15.38286],[108.54007,15.38289],[108.53981,15.38294],[108.53981,15.38295],[108.53971,15.38297],[108.53963,15.383],[108.53955,15.38305],[108.53951,15.38309],[108.53947,15.38318],[108.53943,15.38332],[108.53939,15.38372],[108.53936,15.38382],[108.53933,15.38389],[108.53925,15.38402],[108.53916,15.38412],[108.53907,15.38419],[108.53869,15.3844],[108.53802,15.38467],[108.538,15.38467],[108.53733,15.38499],[108.53732,15.385],[108.53667,15.38532],[108.53649,15.38538],[108.53646,15.3854],[108.53629,15.38544],[108.53611,15.38544],[108.53598,15.38542],[108.5351,15.38513],[108.53507,15.38513],[108.53497,15.38508],[108.5347,15.385],[108.53407,15.38476],[108.53362,15.38468],[108.53341,15.3846],[108.53282,15.38431],[108.53278,15.3843],[108.53261,15.38422],[108.5324,15.38414],[108.53218,15.38408],[108.53179,15.38407],[108.53171,15.38411],[108.53169,15.38411],[108.53156,15.38421],[108.53151,15.38426],[108.53142,15.38432],[108.5314,15.38434],[108.53126,15.38439],[108.53078,15.38445],[108.53037,15.38456],[108.53026,15.38457],[108.53012,15.38456],[108.52996,15.38453],[108.52984,15.38452],[108.52971,15.38454],[108.52918,15.3847],[108.52813,15.38496],[108.52782,15.38511],[108.52752,15.3853],[108.52709,15.38586],[108.5266,15.38638],[108.52633,15.38664],[108.5259,15.38694],[108.52574,15.38708],[108.52571,15.3872],[108.52572,15.38765],[108.52569,15.38781],[108.52565,15.38787],[108.52559,15.38794],[108.5255,15.38799],[108.52539,15.38802],[108.52522,15.38803],[108.5251,15.38802],[108.52498,15.38796],[108.52484,15.38786],[108.52475,15.38784],[108.52464,15.38784],[108.52436,15.38791],[108.52412,15.38791],[108.52394,15.38798],[108.52393,15.38799],[108.52393,15.388],[108.52372,15.38812],[108.52365,15.38814],[108.5236,15.38813],[108.52347,15.38806],[108.52323,15.38776],[108.52318,15.38765],[108.52316,15.38754],[108.52317,15.38725],[108.52316,15.38719],[108.52311,15.38709],[108.52308,15.38706],[108.52307,15.38706],[108.52292,15.38702],[108.52282,15.38704],[108.52223,15.38726],[108.52215,15.38728],[108.52208,15.38728],[108.52202,15.38727],[108.52197,15.38725],[108.52183,15.38717],[108.52171,15.38706],[108.52147,15.38678],[108.52147,15.38677],[108.52144,15.38672],[108.52142,15.38663],[108.52143,15.38655],[108.52142,15.38641],[108.52139,15.38625],[108.52139,15.3862],[108.52123,15.38574],[108.52123,15.38573],[108.52116,15.38553],[108.5211,15.3854],[108.5211,15.38539],[108.52103,15.38526],[108.52095,15.38518],[108.52089,15.38514],[108.52083,15.38511],[108.52074,15.38508],[108.5205,15.38506],[108.5204,15.38504],[108.52034,15.38502],[108.52033,15.38501],[108.52032,15.38501],[108.52026,15.38494],[108.52023,15.38485],[108.52018,15.38461],[108.5202,15.38443],[108.52025,15.3842],[108.5203,15.38407],[108.52038,15.38377],[108.52039,15.38363],[108.52024,15.38314],[108.52024,15.38303],[108.52026,15.38292],[108.52032,15.38276],[108.52042,15.3824],[108.52044,15.38223],[108.52042,15.38212],[108.5204,15.38206],[108.52039,15.38206],[108.52036,15.38191],[108.52032,15.38182],[108.52025,15.38154],[108.52025,15.38153],[108.5202,15.38141],[108.52001,15.38119],[108.5198,15.38103],[108.51949,15.38089],[108.51924,15.38081],[108.5192,15.38079],[108.51889,15.38074],[108.51888,15.38073],[108.5187,15.38071],[108.51826,15.38074],[108.51796,15.38081],[108.5176,15.3808],[108.51735,15.38074],[108.51727,15.38068],[108.51726,15.38066],[108.51725,15.38066],[108.51724,15.38063],[108.51718,15.38054],[108.51717,15.3805],[108.51716,15.38048],[108.51715,15.38037],[108.51715,15.38007],[108.51714,15.37996],[108.5171,15.37986],[108.51708,15.37983],[108.51705,15.3798],[108.51698,15.37976],[108.51681,15.3797],[108.51673,15.37969],[108.51648,15.37969],[108.51628,15.37973],[108.51613,15.3798],[108.51586,15.37997],[108.51559,15.38021],[108.51553,15.38031],[108.51549,15.38043],[108.51549,15.38057],[108.5155,15.38067],[108.51558,15.38091],[108.51559,15.38091],[108.51566,15.38124],[108.51567,15.38147],[108.51575,15.38193],[108.51575,15.38207],[108.51578,15.38222],[108.51575,15.38234],[108.51572,15.38237],[108.51569,15.38239],[108.51563,15.38241],[108.51534,15.38242],[108.51529,15.38243],[108.51525,15.38245],[108.51521,15.38248],[108.51508,15.38262],[108.51496,15.3828],[108.51482,15.38298],[108.51477,15.38303],[108.51436,15.38325],[108.51428,15.38328],[108.51428,15.38329],[108.51411,15.38335],[108.5141,15.38336],[108.51409,15.38336],[108.51271,15.38376],[108.51244,15.38386],[108.51205,15.38405],[108.51172,15.38416],[108.5116,15.38418],[108.51089,15.38423],[108.51079,15.38427],[108.5106,15.3844],[108.51056,15.38449],[108.51049,15.3846],[108.51021,15.38539],[108.5101,15.38552],[108.51005,15.38555],[108.50999,15.38557],[108.50958,15.38562],[108.50931,15.38562],[108.50914,15.38557],[108.50908,15.38554],[108.50907,15.38553],[108.50887,15.38542],[108.50886,15.38542],[108.50739,15.38445],[108.50712,15.38425],[108.50702,15.38419],[108.50682,15.38399],[108.5066,15.38373],[108.50656,15.38365],[108.50653,15.38355],[108.50645,15.38316],[108.5064,15.38305],[108.50632,15.38296],[108.50624,15.3829],[108.50623,15.38288],[108.50616,15.38286],[108.5057,15.38283],[108.50501,15.38299],[108.50467,15.3831],[108.50452,15.38319],[108.50443,15.38326],[108.50441,15.38327],[108.50419,15.38343],[108.50413,15.38346],[108.50401,15.38346],[108.50398,15.38345],[108.50395,15.38343],[108.50393,15.38341],[108.50392,15.38341],[108.50387,15.38335],[108.50378,15.38317],[108.50369,15.38279],[108.50363,15.38266],[108.50357,15.3826],[108.50355,15.38259],[108.50344,15.38259],[108.5034,15.3826],[108.5033,15.38266],[108.50297,15.38297],[108.50296,15.38299],[108.50276,15.38317],[108.50245,15.38349],[108.50231,15.38359],[108.50214,15.38367],[108.50199,15.38372],[108.50187,15.38378],[108.50174,15.38383],[108.50163,15.38392],[108.50142,15.3842],[108.50141,15.38423],[108.50127,15.38441],[108.50103,15.38463],[108.50089,15.38472],[108.50083,15.38475],[108.50054,15.38483],[108.50034,15.38487],[108.50021,15.38493],[108.50011,15.38501],[108.50006,15.38506],[108.50001,15.38516],[108.49999,15.38522],[108.49999,15.38524],[108.49995,15.38534],[108.49994,15.3854],[108.49992,15.38544],[108.49992,15.38549],[108.4999,15.38556],[108.49986,15.3856],[108.49982,15.38566],[108.49976,15.3857],[108.49973,15.38573],[108.49971,15.38574],[108.4997,15.38575],[108.49965,15.38575],[108.4996,15.38577],[108.49952,15.38584],[108.49948,15.38588],[108.49944,15.38595],[108.49942,15.38603],[108.49915,15.38648],[108.49905,15.38661],[108.49896,15.3867],[108.49877,15.38683],[108.49762,15.38753],[108.49748,15.3876],[108.4974,15.38768],[108.49721,15.38799],[108.49712,15.3881],[108.49705,15.38817]]},"properties":{"name":"DT.617","visibility":false,"styleUrl":"#line-1267FF-5000-nodesc28","stroke-opacity":1,"stroke":"#1267ff","stroke-width":5}},{"type":"Feature","geometry":{"type":"LineString","coordinates":[[108.68397,15.47137],[108.68391,15.47014],[108.68389,15.46979],[108.68389,15.46972],[108.68386,15.46949],[108.68386,15.46942],[108.68385,15.46935],[108.68384,15.46907],[108.68382,15.46878],[108.68381,15.46862],[108.68381,15.46854],[108.6838,15.46832],[108.68378,15.46805],[108.68376,15.46738],[108.68375,15.46709],[108.68374,15.46676],[108.68372,15.46643],[108.68372,15.46623],[108.68373,15.46597],[108.68373,15.4659],[108.68376,15.46547],[108.68376,15.4654],[108.68378,15.46516],[108.68384,15.46461],[108.68385,15.46452],[108.68387,15.46425],[108.68389,15.46407],[108.6839,15.46403],[108.68393,15.46371],[108.68398,15.46317],[108.684,15.46299],[108.68407,15.46228],[108.68414,15.46156],[108.68427,15.45995],[108.68427,15.45988],[108.68428,15.45984],[108.68428,15.45977],[108.68435,15.45915],[108.68437,15.4589],[108.68441,15.45844],[108.68443,15.45807],[108.68444,15.45803],[108.68453,15.45699],[108.68453,15.45691],[108.68457,15.45661],[108.68457,15.45654],[108.6846,15.45636],[108.6846,15.4563],[108.68463,15.45582],[108.68466,15.45528],[108.68467,15.4551],[108.68469,15.45476],[108.68469,15.45474],[108.6847,15.45456],[108.6847,15.45438],[108.68471,15.4542],[108.68472,15.45402],[108.68472,15.45388],[108.68468,15.45277],[108.68468,15.45261],[108.68465,15.45195],[108.68464,15.45177],[108.68463,15.45152],[108.6846,15.45093],[108.68458,15.45051],[108.68452,15.44945],[108.68449,15.44892],[108.68448,15.44866],[108.68443,15.44747],[108.6844,15.44695],[108.68434,15.44609],[108.68434,15.446],[108.68432,15.44517],[108.68426,15.44469],[108.68426,15.44465],[108.68423,15.44435],[108.68419,15.44416],[108.68405,15.4434],[108.68403,15.44334],[108.68397,15.44296],[108.68367,15.44195],[108.68362,15.4418],[108.6835,15.44146],[108.68344,15.4413],[108.68338,15.44113],[108.68338,15.44112],[108.68334,15.44101],[108.68332,15.44097],[108.68331,15.44095],[108.68297,15.44026],[108.6829,15.44014],[108.68253,15.43953],[108.68242,15.43939],[108.68233,15.43925],[108.68219,15.43903],[108.68183,15.43853],[108.68167,15.43833],[108.68155,15.43818],[108.6815,15.43811],[108.68122,15.43778],[108.68096,15.43749],[108.68079,15.43731],[108.68061,15.43712],[108.68022,15.43672],[108.68001,15.4365],[108.67991,15.4364],[108.67982,15.43631],[108.67969,15.43618],[108.6794,15.43588],[108.67906,15.43552],[108.679,15.43545],[108.67894,15.43539],[108.67869,15.43512],[108.6783,15.43474],[108.67797,15.4344],[108.67762,15.43404],[108.67705,15.43344],[108.67617,15.43252],[108.67582,15.43217],[108.6752,15.43153],[108.67487,15.43118],[108.67473,15.43104],[108.67411,15.43037],[108.674,15.43024],[108.67352,15.42974],[108.67305,15.42925],[108.67251,15.42871],[108.67233,15.42855],[108.67221,15.42842],[108.67175,15.42793],[108.67164,15.42781],[108.67135,15.42747],[108.67119,15.42727],[108.67023,15.42632],[108.6697,15.42577],[108.66965,15.42573],[108.66945,15.42553],[108.66919,15.42528],[108.66906,15.42513],[108.66852,15.42458],[108.66843,15.42449],[108.66805,15.42408]]},"properties":{"name":"DT.618","visibility":false,"styleUrl":"#line-1267FF-5000-nodesc29","stroke-opacity":1,"stroke":"#1267ff","stroke-width":5}},{"type":"Feature","geometry":{"type":"LineString","coordinates":[[108.35304,15.90282],[108.35302,15.90279],[108.3527,15.9022],[108.35252,15.90191],[108.3525,15.90187],[108.35231,15.90155],[108.35208,15.90113],[108.35208,15.90112],[108.35183,15.90066],[108.35079,15.89888],[108.35053,15.89837],[108.35041,15.89816],[108.35034,15.89806],[108.35012,15.8978],[108.35008,15.8978],[108.35005,15.89779],[108.34999,15.89776],[108.34997,15.89774],[108.34996,15.89772],[108.34994,15.8977],[108.34992,15.89766],[108.34991,15.89765],[108.34991,15.89762],[108.3499,15.8976],[108.3499,15.89755],[108.34991,15.89753],[108.34991,15.8975],[108.34992,15.89748],[108.34993,15.89748],[108.34993,15.89746],[108.34995,15.89744],[108.34996,15.89742],[108.34998,15.89741],[108.35,15.89739],[108.35006,15.89736],[108.35009,15.89735],[108.35018,15.89735],[108.35021,15.89736],[108.35023,15.89736],[108.35024,15.89737],[108.35053,15.89727],[108.35062,15.89721],[108.35073,15.89715],[108.35626,15.8938],[108.35807,15.89263],[108.3597,15.8915],[108.3597,15.89147],[108.35971,15.89146],[108.35971,15.89144],[108.35972,15.89144],[108.35972,15.89143],[108.35973,15.89142],[108.35973,15.89141],[108.35974,15.8914],[108.35975,15.8914],[108.35975,15.89139],[108.35976,15.89139],[108.35977,15.89138],[108.35978,15.89138],[108.35979,15.89137],[108.35987,15.89137],[108.35988,15.89138],[108.3599,15.89138],[108.36057,15.89095],[108.36231,15.88978],[108.36249,15.88965],[108.36887,15.88538],[108.3696,15.88483],[108.36986,15.88457],[108.3701,15.88429],[108.37039,15.8839],[108.37074,15.88335],[108.37143,15.88216],[108.37173,15.88157],[108.37191,15.88111],[108.37202,15.88069],[108.3721,15.88014],[108.37213,15.87972],[108.37215,15.8791],[108.37242,15.87552],[108.37244,15.87534],[108.37244,15.8753],[108.37247,15.87504],[108.37269,15.87393],[108.37274,15.87373],[108.37286,15.87337],[108.37318,15.87255],[108.3735,15.87182],[108.37351,15.87179],[108.37352,15.87178],[108.37358,15.87162],[108.37379,15.87112],[108.3738,15.87111],[108.37386,15.87094],[108.37389,15.87088],[108.37393,15.87078],[108.37394,15.87078],[108.374,15.87062],[108.37401,15.87061],[108.37408,15.87045],[108.37408,15.87044],[108.37422,15.87012],[108.37422,15.87011],[108.3743,15.86995],[108.37465,15.86912],[108.37465,15.86911],[108.3762,15.86545],[108.37628,15.86529],[108.37642,15.86496],[108.37643,15.86495],[108.37649,15.8648],[108.37649,15.86479],[108.37698,15.86369],[108.37704,15.86353],[108.37749,15.86253],[108.3777,15.86203],[108.37783,15.86177],[108.37787,15.86166],[108.3788,15.85955],[108.37881,15.85952],[108.37888,15.85937],[108.37888,15.85936],[108.37939,15.8582],[108.37951,15.85787],[108.37951,15.85785],[108.38328,15.84918],[108.38399,15.84744],[108.38405,15.84726],[108.38446,15.84621],[108.38524,15.84377],[108.38533,15.84345],[108.38534,15.84343],[108.38567,15.84242],[108.38573,15.8422],[108.3864,15.84011],[108.38643,15.83997],[108.38647,15.83983],[108.38647,15.83951],[108.38645,15.8395],[108.38638,15.83941],[108.38636,15.83937],[108.38636,15.83936],[108.38634,15.8393],[108.38634,15.83919],[108.38635,15.83913],[108.3864,15.83903],[108.38648,15.83895],[108.38658,15.83889],[108.38675,15.83875],[108.38679,15.83871],[108.38682,15.83867],[108.38688,15.83852],[108.38894,15.83199],[108.389,15.83182],[108.39157,15.82362],[108.39181,15.8229],[108.39253,15.82058],[108.39259,15.82043],[108.39262,15.82034],[108.39262,15.82033],[108.39316,15.81862],[108.39318,15.81853],[108.39324,15.81832],[108.39397,15.81604],[108.39398,15.81604],[108.39408,15.81569],[108.39425,15.81518],[108.39506,15.81254],[108.39527,15.81179],[108.39543,15.81135],[108.39585,15.80997],[108.39626,15.80871],[108.39638,15.80828],[108.39705,15.80612],[108.39723,15.80561],[108.39735,15.80521],[108.39761,15.80446],[108.39762,15.80441],[108.39831,15.80224],[108.3985,15.80172],[108.39878,15.80105],[108.39905,15.80036],[108.3995,15.7993],[108.39961,15.79907],[108.39972,15.7988],[108.4003,15.79757],[108.40092,15.79634],[108.40104,15.79614],[108.40112,15.79598],[108.40185,15.79469],[108.40221,15.79409],[108.40229,15.79393],[108.40234,15.79386],[108.40262,15.79334],[108.40648,15.78661],[108.40659,15.7864],[108.4069,15.78588],[108.40747,15.78486],[108.4079,15.78414],[108.4082,15.78358],[108.40881,15.78252],[108.40893,15.78229],[108.40938,15.78153],[108.41017,15.78011],[108.41074,15.77916],[108.41205,15.77684],[108.41281,15.77556],[108.41301,15.77519],[108.41353,15.77431],[108.41416,15.77316],[108.41531,15.77122],[108.41537,15.77113],[108.41562,15.7707],[108.41599,15.77017],[108.41666,15.76911],[108.41844,15.76664],[108.41889,15.76607],[108.41935,15.76538],[108.42008,15.76437],[108.42137,15.76251],[108.42186,15.76185],[108.42309,15.7601],[108.42361,15.75942],[108.42435,15.75851],[108.42437,15.75849],[108.42485,15.75785],[108.42587,15.75663],[108.42609,15.75632],[108.42631,15.75604],[108.4266,15.75572],[108.42691,15.75529],[108.4274,15.75466],[108.42799,15.75395],[108.42844,15.75337],[108.42895,15.75277],[108.42958,15.75199],[108.42981,15.75167],[108.43032,15.75103],[108.43063,15.75062],[108.4311,15.75006],[108.43118,15.74995],[108.4332,15.74742],[108.43338,15.74722],[108.43528,15.74483],[108.4356,15.7444],[108.4363,15.74357],[108.43738,15.74223],[108.43809,15.7413],[108.43849,15.74085],[108.43959,15.73945],[108.44108,15.73761],[108.44128,15.73733],[108.44219,15.7362],[108.44274,15.73548],[108.44326,15.73488],[108.44399,15.73396],[108.44434,15.73349],[108.44463,15.73315],[108.44502,15.73264],[108.44614,15.73128],[108.44658,15.7307],[108.4466,15.73068],[108.4468,15.73041],[108.44718,15.72998],[108.44793,15.72902],[108.44903,15.72766],[108.4496,15.7269],[108.45005,15.72638],[108.45078,15.72546],[108.45112,15.72501],[108.45137,15.72473],[108.45245,15.72341],[108.45343,15.72216],[108.45344,15.72215],[108.45403,15.72138],[108.45419,15.72109],[108.45446,15.72055],[108.45465,15.72],[108.45471,15.71974],[108.45475,15.71935],[108.45476,15.71911],[108.45477,15.71905],[108.45477,15.71875],[108.45475,15.71849],[108.45472,15.71827],[108.45467,15.71804],[108.45448,15.71742],[108.45439,15.71717],[108.45424,15.71687],[108.45407,15.71659],[108.45396,15.71643],[108.45367,15.71607],[108.45133,15.71353],[108.45052,15.71261],[108.44938,15.71139],[108.44712,15.70889],[108.44626,15.70799],[108.44473,15.70625],[108.44419,15.70568],[108.44337,15.70475],[108.43626,15.69702],[108.43615,15.69689],[108.43534,15.696],[108.43512,15.69578],[108.43473,15.69552],[108.4347,15.69553],[108.43461,15.69551],[108.43453,15.69547],[108.43449,15.69544],[108.43446,15.69541],[108.43442,15.69533],[108.43441,15.69528],[108.43441,15.69519],[108.43442,15.69515],[108.43446,15.69507],[108.43449,15.69504],[108.43457,15.69498],[108.4347,15.69495],[108.43475,15.69496],[108.43503,15.69484],[108.43507,15.6948],[108.43508,15.6948],[108.43523,15.69468],[108.43629,15.69375],[108.43663,15.69341],[108.43739,15.69275],[108.43778,15.69234],[108.43885,15.69141],[108.43918,15.6911],[108.43932,15.69095],[108.43952,15.69076],[108.44009,15.69026],[108.4406,15.68977],[108.44154,15.68893],[108.44188,15.68859],[108.44221,15.68828],[108.4425,15.68803],[108.44254,15.688],[108.44285,15.68771],[108.44293,15.68762],[108.44503,15.68574],[108.44524,15.68551],[108.4455,15.6853],[108.44574,15.68508],[108.44602,15.68479],[108.44633,15.68449],[108.44815,15.68285],[108.44861,15.68241],[108.44924,15.68185],[108.44982,15.68129],[108.44984,15.68128],[108.45084,15.68039],[108.45096,15.6803],[108.45119,15.68011],[108.45133,15.67998],[108.45168,15.67962],[108.45187,15.67945],[108.45199,15.67936],[108.45228,15.67909],[108.4528,15.67857],[108.45346,15.678],[108.45388,15.67759],[108.45395,15.67754],[108.45403,15.67747],[108.4541,15.6774],[108.45422,15.67731],[108.45446,15.6771],[108.45458,15.67698],[108.45472,15.67682],[108.45487,15.67667],[108.45516,15.67634],[108.45527,15.6762],[108.45542,15.67604],[108.45578,15.67559],[108.45614,15.6751],[108.45622,15.67497],[108.45628,15.67489],[108.45632,15.67481],[108.45646,15.67461],[108.45652,15.67451],[108.45692,15.67403],[108.45697,15.67395],[108.45715,15.6737],[108.4574,15.6733],[108.45786,15.6727],[108.45795,15.67257],[108.45808,15.67241],[108.45818,15.67225],[108.45862,15.67167],[108.4587,15.67155],[108.45882,15.67139],[108.4589,15.67127],[108.45915,15.67093],[108.4594,15.67055],[108.45949,15.67044],[108.46008,15.66965],[108.46021,15.66944],[108.46035,15.66925],[108.46053,15.66903],[108.46113,15.66822],[108.46125,15.66807],[108.46157,15.66758],[108.46162,15.66749],[108.46167,15.66742],[108.46177,15.66726],[108.46227,15.66663],[108.46233,15.66654],[108.46249,15.66634],[108.46256,15.66624],[108.46264,15.66614],[108.46356,15.66527],[108.46368,15.66517],[108.46381,15.66505],[108.46416,15.66478],[108.46435,15.66462],[108.46452,15.66445],[108.46598,15.66314],[108.46602,15.66311],[108.46773,15.6616],[108.46846,15.66091],[108.46895,15.6605],[108.47087,15.65877],[108.47097,15.65869],[108.47123,15.65846],[108.47132,15.65839],[108.47196,15.65781],[108.47233,15.65752],[108.47272,15.65727],[108.47297,15.65713],[108.47347,15.6569],[108.47417,15.65654],[108.47463,15.65632],[108.4748,15.65626],[108.47619,15.65559],[108.477,15.65522],[108.47738,15.65503],[108.47789,15.65474],[108.47828,15.65449],[108.47878,15.65411],[108.47904,15.65389],[108.47933,15.65361],[108.47963,15.65328],[108.47991,15.65294],[108.48004,15.65276],[108.48017,15.65254],[108.48021,15.65249],[108.48062,15.65181],[108.48073,15.6516],[108.48102,15.65094],[108.48141,15.65012],[108.48165,15.64954],[108.48194,15.64892],[108.48204,15.64874],[108.48214,15.64858],[108.48221,15.64848],[108.48229,15.64839],[108.48263,15.64795],[108.48277,15.64779],[108.48325,15.64735],[108.48344,15.64721],[108.48374,15.64693],[108.48404,15.64662],[108.4842,15.64648],[108.48444,15.6463],[108.48459,15.64617],[108.48565,15.64518],[108.48582,15.64501],[108.48683,15.6441],[108.48691,15.64402],[108.4872,15.64377],[108.48763,15.64335],[108.48891,15.64217],[108.48929,15.64186],[108.48968,15.64147],[108.48986,15.64133],[108.48994,15.64125],[108.48996,15.64124],[108.49047,15.64077],[108.49072,15.64057],[108.49096,15.6404],[108.49114,15.64023],[108.49137,15.63999],[108.49181,15.63959],[108.49242,15.63907],[108.49244,15.63906],[108.49433,15.63746],[108.49471,15.63712],[108.49475,15.63709],[108.49476,15.63709],[108.49476,15.63708],[108.49538,15.63655],[108.49574,15.63627],[108.49658,15.63554],[108.4976,15.6347],[108.49868,15.63376],[108.49947,15.63298],[108.49973,15.63262],[108.49989,15.63235],[108.50028,15.63179],[108.50154,15.62981],[108.50176,15.62951],[108.50182,15.62944],[108.50188,15.62935],[108.50272,15.62829],[108.50345,15.62741],[108.50363,15.62722],[108.50432,15.62656],[108.50496,15.62591],[108.50519,15.62571],[108.50639,15.62447],[108.50652,15.6243],[108.50716,15.62325],[108.50733,15.62293],[108.50768,15.62236],[108.50882,15.62037],[108.50954,15.61918],[108.51011,15.61818],[108.51028,15.61785],[108.51082,15.61693],[108.51084,15.61689],[108.51119,15.61633],[108.51122,15.61627],[108.51127,15.61619],[108.51145,15.61584],[108.51158,15.61564],[108.51158,15.61563],[108.51177,15.61536],[108.51195,15.61515],[108.5123,15.6148],[108.51414,15.61306],[108.51419,15.61302],[108.51432,15.61289],[108.51434,15.61288],[108.51464,15.61258],[108.51494,15.61231],[108.51646,15.61087],[108.5167,15.61061],[108.51683,15.61048],[108.518,15.60908],[108.51827,15.60872],[108.51867,15.60828],[108.51891,15.60798],[108.51944,15.60737],[108.51945,15.60735],[108.51956,15.60723],[108.51957,15.60721],[108.51983,15.60689],[108.52027,15.60639],[108.52073,15.60584],[108.52075,15.60582],[108.52127,15.6052],[108.52196,15.60445],[108.52208,15.60433],[108.52221,15.60418],[108.52321,15.60311],[108.52371,15.60248],[108.52418,15.60182],[108.52686,15.5979],[108.52714,15.59752],[108.52745,15.59714],[108.52758,15.59701],[108.52772,15.59685],[108.52987,15.59468],[108.52988,15.59466],[108.53076,15.59378],[108.53118,15.59333],[108.53233,15.59222],[108.53238,15.59218],[108.53246,15.59216],[108.53333,15.59137],[108.53524,15.58947],[108.53551,15.58922],[108.53648,15.5882],[108.5369,15.5877],[108.53719,15.5873],[108.53737,15.58703],[108.53739,15.58699],[108.53748,15.58684],[108.5375,15.5868],[108.538,15.58609],[108.53837,15.58546],[108.53847,15.58531],[108.53849,15.58527],[108.53921,15.58422],[108.53966,15.58348],[108.53968,15.58344],[108.54016,15.58272],[108.54018,15.58268],[108.54036,15.58242],[108.54101,15.58141],[108.54104,15.58135],[108.54131,15.58093],[108.54207,15.57989],[108.54252,15.57932],[108.54255,15.57929],[108.54343,15.57826],[108.54351,15.57819],[108.54417,15.5775],[108.54496,15.57675],[108.54627,15.57563],[108.54634,15.57558],[108.5476,15.57451],[108.54774,15.5744],[108.54811,15.57408],[108.54815,15.57405],[108.54843,15.57379],[108.54881,15.57341],[108.54902,15.57316],[108.54906,15.57312],[108.54924,15.57289],[108.54928,15.57283],[108.54929,15.57283],[108.54944,15.57262],[108.54949,15.57254],[108.54958,15.57242],[108.54969,15.57223],[108.54974,15.57216],[108.55142,15.56934],[108.55144,15.56932],[108.55227,15.56791],[108.55439,15.56411],[108.5544,15.56411],[108.55463,15.56371],[108.55472,15.56353],[108.55577,15.56164],[108.55577,15.56163],[108.55626,15.56089],[108.55627,15.56087],[108.55711,15.55974],[108.55757,15.55923],[108.55816,15.55865],[108.55908,15.55789],[108.55916,15.55783],[108.55936,15.55766],[108.56038,15.55689],[108.56469,15.55434],[108.56477,15.5543],[108.56697,15.55296],[108.56807,15.55221],[108.56847,15.55192],[108.56891,15.5515],[108.57025,15.55005],[108.57063,15.54966],[108.5711,15.54913],[108.5717,15.54852],[108.57448,15.54655],[108.57462,15.54644],[108.57611,15.54535],[108.57626,15.54525],[108.57715,15.54459],[108.57782,15.54417],[108.57846,15.54363],[108.57946,15.54262],[108.58023,15.54192],[108.5817,15.54043],[108.58203,15.54013],[108.58241,15.53971],[108.58323,15.53891],[108.58452,15.53758],[108.58465,15.53746],[108.58589,15.53623],[108.58646,15.53564],[108.58657,15.53549],[108.58665,15.53533],[108.58697,15.53516],[108.58704,15.53506],[108.5876,15.53449],[108.58785,15.53421],[108.58805,15.53397],[108.58827,15.53364],[108.58864,15.53299],[108.58897,15.53222],[108.58961,15.53064],[108.58968,15.53044],[108.58998,15.52916],[108.59027,15.52763],[108.59039,15.52718],[108.59071,15.5262],[108.59135,15.52398],[108.59136,15.52396],[108.59165,15.52317],[108.59199,15.52234],[108.59252,15.52136],[108.59374,15.51957],[108.59523,15.51728],[108.59534,15.51713],[108.59536,15.51709],[108.59545,15.51697],[108.59772,15.5135],[108.59818,15.51283],[108.59819,15.51282],[108.59965,15.51063],[108.59994,15.51017],[108.60003,15.51001],[108.60013,15.50986],[108.60089,15.50862],[108.60091,15.5086],[108.60116,15.50808],[108.60157,15.50714],[108.60187,15.50629],[108.6021,15.50544],[108.6021,15.50542],[108.60214,15.50524],[108.60217,15.50506],[108.60219,15.505],[108.60232,15.50437],[108.60234,15.50418],[108.60237,15.504],[108.60241,15.50364],[108.60246,15.50333],[108.60247,15.50207],[108.60246,15.50203],[108.60246,15.50181],[108.60245,15.50167],[108.60243,15.50101],[108.60235,15.50031],[108.60221,15.49954],[108.60199,15.49814],[108.60198,15.4981],[108.60196,15.49793],[108.6019,15.49757],[108.60187,15.49733],[108.60176,15.49668],[108.60174,15.4965],[108.60171,15.49632],[108.60156,15.49507],[108.60154,15.49498],[108.60147,15.49446],[108.60129,15.49341],[108.60078,15.4899],[108.60076,15.48972],[108.60005,15.48503],[108.6,15.48477],[108.6,15.48474],[108.59996,15.48437],[108.59993,15.4837],[108.59995,15.48317],[108.59998,15.48294],[108.60005,15.48208],[108.60006,15.48205],[108.6001,15.48181],[108.60023,15.48126],[108.60047,15.48052],[108.60079,15.47981],[108.60095,15.47949],[108.60097,15.47944],[108.60115,15.47909],[108.60141,15.47866],[108.60147,15.47859],[108.60164,15.47836],[108.60165,15.47834],[108.6022,15.47767],[108.6046,15.4752],[108.60593,15.47387],[108.6062,15.47362],[108.6084,15.47128],[108.6085,15.47111],[108.60918,15.47036],[108.60946,15.47002],[108.61029,15.4691],[108.61038,15.46901],[108.61044,15.46894],[108.61046,15.46893],[108.61053,15.46885],[108.61565,15.46366],[108.61583,15.46344],[108.61644,15.46285],[108.61683,15.46243],[108.619,15.46021],[108.61909,15.46013],[108.61942,15.45979],[108.61945,15.45975],[108.62071,15.45846],[108.62088,15.4583],[108.62092,15.45825],[108.62149,15.4577],[108.62159,15.45758],[108.62183,15.45732],[108.62198,15.45717],[108.62208,15.45708],[108.6224,15.45675],[108.62324,15.45599],[108.62426,15.45521],[108.62517,15.45458],[108.62626,15.45396],[108.62738,15.45341],[108.62841,15.45285],[108.62911,15.45249],[108.62954,15.45225],[108.63412,15.44985],[108.63563,15.44909],[108.63718,15.44828],[108.63723,15.44824],[108.63773,15.44794],[108.63783,15.44787],[108.63846,15.44751],[108.63981,15.44656],[108.64111,15.44551],[108.64177,15.44488],[108.64253,15.44426],[108.64385,15.44327],[108.64519,15.44239],[108.6454,15.44229],[108.64557,15.44216],[108.64637,15.44173],[108.6467,15.44158],[108.6472,15.44133],[108.6479,15.44107],[108.64794,15.44105],[108.64829,15.44094],[108.64831,15.44093],[108.64971,15.44049],[108.65051,15.44027],[108.65114,15.44012],[108.65355,15.43961],[108.65558,15.43909],[108.65624,15.43895],[108.65673,15.43891],[108.6573,15.4389],[108.65799,15.43895],[108.6598,15.43914],[108.65986,15.43915],[108.6674,15.43997],[108.66744,15.43998],[108.66869,15.44009],[108.66899,15.4401],[108.66906,15.44011],[108.66983,15.44011],[108.67038,15.44009],[108.67046,15.44008],[108.67049,15.44008],[108.67097,15.44004],[108.67167,15.43992],[108.67178,15.43991],[108.67278,15.43973],[108.67294,15.43971],[108.67296,15.4397],[108.67307,15.43968],[108.67308,15.43968],[108.67445,15.43942],[108.67523,15.43924],[108.67532,15.43923],[108.67544,15.4392],[108.67586,15.43913],[108.67602,15.43909],[108.67712,15.4389],[108.67758,15.4388],[108.67767,15.43879],[108.67825,15.43864],[108.67865,15.43851],[108.67874,15.43847],[108.67891,15.43841],[108.67892,15.4384],[108.67913,15.43831],[108.67958,15.43809],[108.6797,15.43802],[108.67984,15.43795],[108.67998,15.43785],[108.68006,15.43781],[108.68079,15.43731],[108.68161,15.43659],[108.68217,15.43606],[108.68222,15.43602],[108.68322,15.4351],[108.68355,15.43477],[108.68359,15.43472],[108.6842,15.43417],[108.68454,15.43384],[108.68464,15.43369],[108.68498,15.43335],[108.68591,15.43249]]},"properties":{"name":"DT.619","visibility":false,"styleUrl":"#line-1267FF-5000-nodesc30","stroke-opacity":1,"stroke":"#1267ff","stroke-width":5}},{"type":"Feature","geometry":{"type":"LineString","coordinates":[[108.68397,15.47137],[108.68421,15.47144],[108.68444,15.47152],[108.68493,15.47171],[108.68507,15.47176],[108.68582,15.47209],[108.6861,15.4722],[108.68638,15.47223],[108.68721,15.47232],[108.6874,15.47233],[108.68749,15.47234],[108.68752,15.47234],[108.68758,15.47235],[108.68767,15.47236],[108.68819,15.47242],[108.68833,15.47243],[108.68853,15.47246],[108.68859,15.47237],[108.68886,15.472],[108.68915,15.47169],[108.68945,15.47144],[108.68952,15.47138],[108.6899,15.47112],[108.69127,15.47023],[108.69145,15.47012],[108.69203,15.46977],[108.69234,15.46957],[108.69256,15.46942],[108.6928,15.46922],[108.69287,15.46916],[108.69302,15.46896],[108.69306,15.4689],[108.69332,15.46842],[108.69359,15.46779],[108.69365,15.46763],[108.69372,15.46747],[108.69375,15.46732],[108.69375,15.46729],[108.69376,15.46724],[108.69375,15.46702],[108.69373,15.46693],[108.69371,15.46679],[108.6936,15.46644],[108.69338,15.46591],[108.69336,15.46587],[108.69332,15.46577],[108.69306,15.46524],[108.69299,15.46509],[108.69291,15.46493],[108.69287,15.46485],[108.69255,15.46408],[108.69248,15.46393],[108.69231,15.46323],[108.69222,15.46288],[108.69219,15.46252],[108.69218,15.46234],[108.69215,15.46193],[108.69212,15.46156],[108.69211,15.46127],[108.69205,15.46021],[108.69207,15.46008],[108.69222,15.45898],[108.69224,15.45881],[108.69227,15.4584],[108.69228,15.45827],[108.69236,15.45725],[108.69239,15.4567],[108.69242,15.45625],[108.69243,15.45612],[108.69243,15.45607],[108.69244,15.4559],[108.69245,15.45531],[108.69245,15.45483],[108.69241,15.45416],[108.69239,15.4537],[108.69237,15.45349],[108.69233,15.45331],[108.69214,15.45276],[108.69208,15.4525],[108.69208,15.4524],[108.6921,15.45221],[108.69213,15.45188],[108.69215,15.45179],[108.69222,15.45163],[108.69225,15.45155],[108.69229,15.45147],[108.69246,15.45125],[108.69312,15.45038],[108.69317,15.4503],[108.69337,15.45],[108.69342,15.44992],[108.69353,15.44969],[108.69354,15.44968],[108.69356,15.44959],[108.69362,15.44924],[108.69369,15.44871],[108.69373,15.44848],[108.69383,15.44784],[108.69389,15.44741],[108.69391,15.44729],[108.69392,15.44723],[108.69397,15.44702],[108.694,15.44688],[108.69403,15.44676],[108.69405,15.44671],[108.69428,15.44572],[108.6943,15.44563],[108.69431,15.44562],[108.69442,15.44532],[108.69452,15.44504],[108.69455,15.44495],[108.69459,15.44487],[108.69489,15.44429],[108.69508,15.44392],[108.69525,15.44347],[108.69527,15.4434],[108.6953,15.44328],[108.69538,15.443],[108.69542,15.44285],[108.69559,15.44204],[108.6956,15.44199],[108.69565,15.44146],[108.69568,15.4412],[108.69567,15.44094],[108.69565,15.44062],[108.69558,15.44011],[108.6946,15.44024],[108.69431,15.44025],[108.69406,15.44024],[108.69381,15.44015],[108.6937,15.44008],[108.69363,15.44002],[108.69355,15.43996],[108.69347,15.43989],[108.69324,15.43968],[108.69287,15.4393],[108.6928,15.43923],[108.6927,15.43913],[108.69236,15.4388],[108.69214,15.43859],[108.6918,15.43826],[108.69176,15.43822],[108.69161,15.43807],[108.69108,15.43754],[108.69069,15.43716],[108.69059,15.43706],[108.68981,15.4363],[108.68977,15.43625],[108.68922,15.43573],[108.68849,15.43499],[108.68809,15.4346],[108.68796,15.43447],[108.68737,15.43389],[108.68642,15.43294],[108.68626,15.43278],[108.6862,15.43273],[108.686,15.43253],[108.68594,15.43247],[108.68575,15.43228],[108.6857,15.43224],[108.68566,15.4322],[108.68521,15.43175],[108.6847,15.43123],[108.68461,15.43114],[108.68402,15.43059],[108.68341,15.43001],[108.68201,15.42861],[108.68181,15.42842],[108.68168,15.42829],[108.6814,15.42802],[108.68103,15.42765],[108.68061,15.42724],[108.67956,15.42619],[108.67944,15.42607],[108.67934,15.42597],[108.67882,15.42546],[108.67852,15.42518],[108.6779,15.42457],[108.67596,15.42265],[108.67555,15.42225],[108.67495,15.42165],[108.67484,15.42153],[108.6746,15.4213],[108.67361,15.42033],[108.67306,15.4198],[108.67287,15.41965],[108.67269,15.41952]]},"properties":{"name":"DT.620","visibility":false,"styleUrl":"#line-1267FF-5000-nodesc31","stroke-opacity":1,"stroke":"#1267ff","stroke-width":5}},{"type":"Feature","geometry":{"type":"LineString","coordinates":[[108.3172379190434,15.48086407079094],[108.3171498964561,15.48083881776943],[108.3170708878414,15.48079277082571],[108.3169968111997,15.48074717739843],[108.3169525688763,15.48069795668403],[108.3164274910082,15.4800195628168],[108.3160907387824,15.47959340898731],[108.3158666092072,15.47920111985561],[108.3155144909122,15.4785101690101],[108.3151495164641,15.47785407291391],[108.3149225944577,15.47736743655387],[108.3147172248262,15.47691156938932],[108.31416113636,15.47580411518212],[108.3138747078743,15.47522594037581],[108.3137304878727,15.47493841399133],[108.3136600420237,15.47481513626428],[108.3135574469884,15.47464795438862],[108.3134554081143,15.47448757516442],[108.3133206276819,15.47436324890916],[108.3132296262213,15.47429383688404],[108.3131192492517,15.47423848195892],[108.313035959364,15.47418766149391],[108.3129393648829,15.47414712063826],[108.3128259344434,15.4741201507483],[108.3126815436661,15.47409663916951],[108.3124452717933,15.47410486633297],[108.312020788549,15.4741425225697],[108.3115640660324,15.47421949932038],[108.3110600255416,15.47429775158487],[108.3108148639845,15.47437053924488],[108.310652961797,15.47443498667942],[108.3103829461676,15.47462153485175],[108.3101782098939,15.47486293235217],[108.3100134835383,15.47511438910704],[108.3098034148632,15.47548477186105],[108.3096070948955,15.47585995192781],[108.3095067745022,15.47613305295894],[108.3094239092198,15.47639998447164],[108.309323812553,15.47672105408219],[108.3092532887985,15.47689262464184],[108.3092019031687,15.47701284124634],[108.3091590734684,15.47710369406721],[108.3090945603967,15.47720497085424],[108.3090168943577,15.4773150723698],[108.3089350349087,15.4773826687285],[108.3088024678462,15.47747221160927],[108.3086827180606,15.47753323512668],[108.3085381450375,15.4776132546623],[108.3082697004661,15.47770171942453],[108.3077120511739,15.47774741593147],[108.3074594197962,15.47775669602566],[108.3070531324265,15.47780062267046],[108.3066222761557,15.4778737360768],[108.3062803300723,15.4780067269875],[108.3060255162803,15.478146001779],[108.3057843849277,15.47829261902722],[108.3055012546513,15.47848989295104],[108.3052417359409,15.4786708665749],[108.3049455563077,15.4789057344261],[108.3046709166131,15.4791569963027],[108.3043040386655,15.47950111535032],[108.3039638082148,15.47983122905628],[108.3035689643974,15.48014329412564],[108.3034600111225,15.48019805639358],[108.3032936752332,15.48023783209762],[108.303062459696,15.4802858079719],[108.302679363341,15.48032410725626],[108.3023409869421,15.48034052856414],[108.3020701259342,15.48035603266397],[108.3017264148113,15.4804016545071],[108.301490172446,15.48040120138311],[108.3012554729707,15.48041710074241],[108.3009035309339,15.48039874256185],[108.3006450684141,15.4803791216732],[108.3003104342234,15.48035953326365],[108.2999281551408,15.48032189306961],[108.2996317532577,15.48029680739283],[108.2993088587386,15.48027186675662]]},"properties":{"name":"Tuyến tránh Tiên Kỳ","visibility":false,"description":"Tuyến tránh thị trấn Tiên Kỳ cũ, dự kiến chuyển thành QL.40B","styleUrl":"#msn_ylw-pushpin15","stroke-opacity":1,"stroke":"#0000ff","stroke-width":5,"icon-scale":1.1,"icon-offset":[20,2],"icon-offset-units":["pixels","pixels"],"icon":"http://maps.google.com/mapfiles/kml/pushpin/ylw-pushpin.png"}}]}